date,county,fips,tier
2020-11-04,Alameda,001,3
2020-11-04,Alpine,003,4
2020-11-04,Amador,005,3
2020-11-04,Butte,007,3
2020-11-04,Calaveras,009,4
2020-11-04,Colusa,011,3
2020-11-04,Contra Costa,013,3
2020-11-04,Del Norte,015,3
2020-11-04,El Dorado,017,3
2020-11-04,Fresno,019,2
2020-11-04,Glenn,021,2
2020-11-04,Humboldt,023,4
2020-11-04,Imperial,025,1
2020-11-04,Inyo,027,3
2020-11-04,Kern,029,2
2020-11-04,Kings,031,2
2020-11-04,Lake,033,2
2020-11-04,Lassen,035,3
2020-11-04,Los Angeles,037,1
2020-11-04,Madera,039,1
2020-11-04,Marin,041,3
2020-11-04,Mariposa,043,4
2020-11-04,Mendocino,045,2
2020-11-04,Merced,047,2
2020-11-04,Modoc,049,4
2020-11-04,Mono,051,3
2020-11-04,Monterey,053,1
2020-11-04,Napa,055,3
2020-11-04,Nevada,057,3
2020-11-04,Orange,059,2
2020-11-04,Placer,061,3
2020-11-04,Plumas,063,3
2020-11-04,Riverside,065,1
2020-11-04,Sacramento,067,2
2020-11-04,San Benito,069,2
2020-11-04,San Bernardino,071,1
2020-11-04,San Diego,073,2
2020-11-04,San Francisco,075,4
2020-11-04,San Joaquin,077,2
2020-11-04,San Luis Obispo,079,2
2020-11-04,San Mateo,081,3
2020-11-04,Santa Barbara,083,2
2020-11-04,Santa Clara,085,3
2020-11-04,Santa Cruz,087,3
2020-11-04,Shasta,089,1
2020-11-04,Sierra,091,4
2020-11-04,Siskiyou,093,4
2020-11-04,Solano,095,2
2020-11-04,Sonoma,097,1
2020-11-04,Stanislaus,099,2
2020-11-04,Sutter,101,2
2020-11-04,Tehama,103,1
2020-11-04,Trinity,105,4
2020-11-04,Tulare,107,1
2020-11-04,Tuolumne,109,3
2020-11-04,Ventura,111,2
2020-11-04,Yolo,113,2
2020-11-04,Yuba,115,2
2020-11-03,Alameda,001,3
2020-11-03,Alpine,003,4
2020-11-03,Amador,005,3
2020-11-03,Butte,007,3
2020-11-03,Calaveras,009,4
2020-11-03,Colusa,011,2
2020-11-03,Contra Costa,013,3
2020-11-03,Del Norte,015,3
2020-11-03,El Dorado,017,3
2020-11-03,Fresno,019,2
2020-11-03,Glenn,021,2
2020-11-03,Humboldt,023,4
2020-11-03,Imperial,025,1
2020-11-03,Inyo,027,3
2020-11-03,Kern,029,2
2020-11-03,Kings,031,2
2020-11-03,Lake,033,2
2020-11-03,Lassen,035,3
2020-11-03,Los Angeles,037,1
2020-11-03,Madera,039,1
2020-11-03,Marin,041,3
2020-11-03,Mariposa,043,4
2020-11-03,Mendocino,045,2
2020-11-03,Merced,047,2
2020-11-03,Modoc,049,4
2020-11-03,Mono,051,3
2020-11-03,Monterey,053,1
2020-11-03,Napa,055,3
2020-11-03,Nevada,057,3
2020-11-03,Orange,059,2
2020-11-03,Placer,061,3
2020-11-03,Plumas,063,4
2020-11-03,Riverside,065,1
2020-11-03,Sacramento,067,2
2020-11-03,San Benito,069,2
2020-11-03,San Bernardino,071,1
2020-11-03,San Diego,073,2
2020-11-03,San Francisco,075,4
2020-11-03,San Joaquin,077,2
2020-11-03,San Luis Obispo,079,2
2020-11-03,San Mateo,081,3
2020-11-03,Santa Barbara,083,2
2020-11-03,Santa Clara,085,3
2020-11-03,Santa Cruz,087,3
2020-11-03,Shasta,089,2
2020-11-03,Sierra,091,4
2020-11-03,Siskiyou,093,4
2020-11-03,Solano,095,2
2020-11-03,Sonoma,097,1
2020-11-03,Stanislaus,099,2
2020-11-03,Sutter,101,2
2020-11-03,Tehama,103,1
2020-11-03,Trinity,105,4
2020-11-03,Tulare,107,1
2020-11-03,Tuolumne,109,3
2020-11-03,Ventura,111,2
2020-11-03,Yolo,113,2
2020-11-03,Yuba,115,2
2020-11-02,Alameda,001,3
2020-11-02,Alpine,003,4
2020-11-02,Amador,005,3
2020-11-02,Butte,007,3
2020-11-02,Calaveras,009,4
2020-11-02,Colusa,011,2
2020-11-02,Contra Costa,013,3
2020-11-02,Del Norte,015,3
2020-11-02,El Dorado,017,3
2020-11-02,Fresno,019,2
2020-11-02,Glenn,021,2
2020-11-02,Humboldt,023,4
2020-11-02,Imperial,025,1
2020-11-02,Inyo,027,3
2020-11-02,Kern,029,2
2020-11-02,Kings,031,2
2020-11-02,Lake,033,2
2020-11-02,Lassen,035,3
2020-11-02,Los Angeles,037,1
2020-11-02,Madera,039,1
2020-11-02,Marin,041,3
2020-11-02,Mariposa,043,4
2020-11-02,Mendocino,045,2
2020-11-02,Merced,047,2
2020-11-02,Modoc,049,4
2020-11-02,Mono,051,3
2020-11-02,Monterey,053,1
2020-11-02,Napa,055,3
2020-11-02,Nevada,057,3
2020-11-02,Orange,059,2
2020-11-02,Placer,061,3
2020-11-02,Plumas,063,4
2020-11-02,Riverside,065,1
2020-11-02,Sacramento,067,2
2020-11-02,San Benito,069,2
2020-11-02,San Bernardino,071,1
2020-11-02,San Diego,073,2
2020-11-02,San Francisco,075,4
2020-11-02,San Joaquin,077,2
2020-11-02,San Luis Obispo,079,2
2020-11-02,San Mateo,081,3
2020-11-02,Santa Barbara,083,2
2020-11-02,Santa Clara,085,3
2020-11-02,Santa Cruz,087,3
2020-11-02,Shasta,089,2
2020-11-02,Sierra,091,4
2020-11-02,Siskiyou,093,4
2020-11-02,Solano,095,2
2020-11-02,Sonoma,097,1
2020-11-02,Stanislaus,099,2
2020-11-02,Sutter,101,2
2020-11-02,Tehama,103,1
2020-11-02,Trinity,105,4
2020-11-02,Tulare,107,1
2020-11-02,Tuolumne,109,3
2020-11-02,Ventura,111,2
2020-11-02,Yolo,113,2
2020-11-02,Yuba,115,2
2020-11-01,Alameda,001,3
2020-11-01,Alpine,003,4
2020-11-01,Amador,005,3
2020-11-01,Butte,007,3
2020-11-01,Calaveras,009,4
2020-11-01,Colusa,011,2
2020-11-01,Contra Costa,013,3
2020-11-01,Del Norte,015,3
2020-11-01,El Dorado,017,3
2020-11-01,Fresno,019,2
2020-11-01,Glenn,021,2
2020-11-01,Humboldt,023,4
2020-11-01,Imperial,025,1
2020-11-01,Inyo,027,3
2020-11-01,Kern,029,2
2020-11-01,Kings,031,2
2020-11-01,Lake,033,2
2020-11-01,Lassen,035,3
2020-11-01,Los Angeles,037,1
2020-11-01,Madera,039,1
2020-11-01,Marin,041,3
2020-11-01,Mariposa,043,4
2020-11-01,Mendocino,045,2
2020-11-01,Merced,047,2
2020-11-01,Modoc,049,4
2020-11-01,Mono,051,3
2020-11-01,Monterey,053,1
2020-11-01,Napa,055,3
2020-11-01,Nevada,057,3
2020-11-01,Orange,059,2
2020-11-01,Placer,061,3
2020-11-01,Plumas,063,4
2020-11-01,Riverside,065,1
2020-11-01,Sacramento,067,2
2020-11-01,San Benito,069,2
2020-11-01,San Bernardino,071,1
2020-11-01,San Diego,073,2
2020-11-01,San Francisco,075,4
2020-11-01,San Joaquin,077,2
2020-11-01,San Luis Obispo,079,2
2020-11-01,San Mateo,081,3
2020-11-01,Santa Barbara,083,2
2020-11-01,Santa Clara,085,3
2020-11-01,Santa Cruz,087,3
2020-11-01,Shasta,089,2
2020-11-01,Sierra,091,4
2020-11-01,Siskiyou,093,4
2020-11-01,Solano,095,2
2020-11-01,Sonoma,097,1
2020-11-01,Stanislaus,099,2
2020-11-01,Sutter,101,2
2020-11-01,Tehama,103,1
2020-11-01,Trinity,105,4
2020-11-01,Tulare,107,1
2020-11-01,Tuolumne,109,3
2020-11-01,Ventura,111,2
2020-11-01,Yolo,113,2
2020-11-01,Yuba,115,2
2020-10-31,Alameda,001,3
2020-10-31,Alpine,003,4
2020-10-31,Amador,005,3
2020-10-31,Butte,007,3
2020-10-31,Calaveras,009,4
2020-10-31,Colusa,011,2
2020-10-31,Contra Costa,013,3
2020-10-31,Del Norte,015,3
2020-10-31,El Dorado,017,3
2020-10-31,Fresno,019,2
2020-10-31,Glenn,021,2
2020-10-31,Humboldt,023,4
2020-10-31,Imperial,025,1
2020-10-31,Inyo,027,3
2020-10-31,Kern,029,2
2020-10-31,Kings,031,2
2020-10-31,Lake,033,2
2020-10-31,Lassen,035,3
2020-10-31,Los Angeles,037,1
2020-10-31,Madera,039,1
2020-10-31,Marin,041,3
2020-10-31,Mariposa,043,4
2020-10-31,Mendocino,045,2
2020-10-31,Merced,047,2
2020-10-31,Modoc,049,4
2020-10-31,Mono,051,3
2020-10-31,Monterey,053,1
2020-10-31,Napa,055,3
2020-10-31,Nevada,057,3
2020-10-31,Orange,059,2
2020-10-31,Placer,061,3
2020-10-31,Plumas,063,4
2020-10-31,Riverside,065,1
2020-10-31,Sacramento,067,2
2020-10-31,San Benito,069,2
2020-10-31,San Bernardino,071,1
2020-10-31,San Diego,073,2
2020-10-31,San Francisco,075,4
2020-10-31,San Joaquin,077,2
2020-10-31,San Luis Obispo,079,2
2020-10-31,San Mateo,081,3
2020-10-31,Santa Barbara,083,2
2020-10-31,Santa Clara,085,3
2020-10-31,Santa Cruz,087,3
2020-10-31,Shasta,089,2
2020-10-31,Sierra,091,4
2020-10-31,Siskiyou,093,4
2020-10-31,Solano,095,2
2020-10-31,Sonoma,097,1
2020-10-31,Stanislaus,099,2
2020-10-31,Sutter,101,2
2020-10-31,Tehama,103,1
2020-10-31,Trinity,105,4
2020-10-31,Tulare,107,1
2020-10-31,Tuolumne,109,3
2020-10-31,Ventura,111,2
2020-10-31,Yolo,113,2
2020-10-31,Yuba,115,2
2020-10-30,Alameda,001,3
2020-10-30,Alpine,003,4
2020-10-30,Amador,005,3
2020-10-30,Butte,007,3
2020-10-30,Calaveras,009,4
2020-10-30,Colusa,011,2
2020-10-30,Contra Costa,013,3
2020-10-30,Del Norte,015,3
2020-10-30,El Dorado,017,3
2020-10-30,Fresno,019,2
2020-10-30,Glenn,021,2
2020-10-30,Humboldt,023,4
2020-10-30,Imperial,025,1
2020-10-30,Inyo,027,3
2020-10-30,Kern,029,2
2020-10-30,Kings,031,2
2020-10-30,Lake,033,2
2020-10-30,Lassen,035,3
2020-10-30,Los Angeles,037,1
2020-10-30,Madera,039,1
2020-10-30,Marin,041,3
2020-10-30,Mariposa,043,4
2020-10-30,Mendocino,045,2
2020-10-30,Merced,047,2
2020-10-30,Modoc,049,4
2020-10-30,Mono,051,3
2020-10-30,Monterey,053,1
2020-10-30,Napa,055,3
2020-10-30,Nevada,057,3
2020-10-30,Orange,059,2
2020-10-30,Placer,061,3
2020-10-30,Plumas,063,4
2020-10-30,Riverside,065,1
2020-10-30,Sacramento,067,2
2020-10-30,San Benito,069,2
2020-10-30,San Bernardino,071,1
2020-10-30,San Diego,073,2
2020-10-30,San Francisco,075,4
2020-10-30,San Joaquin,077,2
2020-10-30,San Luis Obispo,079,2
2020-10-30,San Mateo,081,3
2020-10-30,Santa Barbara,083,2
2020-10-30,Santa Clara,085,3
2020-10-30,Santa Cruz,087,3
2020-10-30,Shasta,089,2
2020-10-30,Sierra,091,4
2020-10-30,Siskiyou,093,4
2020-10-30,Solano,095,2
2020-10-30,Sonoma,097,1
2020-10-30,Stanislaus,099,2
2020-10-30,Sutter,101,2
2020-10-30,Tehama,103,1
2020-10-30,Trinity,105,4
2020-10-30,Tulare,107,1
2020-10-30,Tuolumne,109,3
2020-10-30,Ventura,111,2
2020-10-30,Yolo,113,2
2020-10-30,Yuba,115,2
2020-10-29,Alameda,001,3
2020-10-29,Alpine,003,4
2020-10-29,Amador,005,3
2020-10-29,Butte,007,3
2020-10-29,Calaveras,009,4
2020-10-29,Colusa,011,2
2020-10-29,Contra Costa,013,3
2020-10-29,Del Norte,015,3
2020-10-29,El Dorado,017,3
2020-10-29,Fresno,019,2
2020-10-29,Glenn,021,2
2020-10-29,Humboldt,023,4
2020-10-29,Imperial,025,1
2020-10-29,Inyo,027,3
2020-10-29,Kern,029,2
2020-10-29,Kings,031,2
2020-10-29,Lake,033,2
2020-10-29,Lassen,035,3
2020-10-29,Los Angeles,037,1
2020-10-29,Madera,039,1
2020-10-29,Marin,041,3
2020-10-29,Mariposa,043,4
2020-10-29,Mendocino,045,2
2020-10-29,Merced,047,2
2020-10-29,Modoc,049,4
2020-10-29,Mono,051,3
2020-10-29,Monterey,053,1
2020-10-29,Napa,055,3
2020-10-29,Nevada,057,3
2020-10-29,Orange,059,2
2020-10-29,Placer,061,3
2020-10-29,Plumas,063,4
2020-10-29,Riverside,065,1
2020-10-29,Sacramento,067,2
2020-10-29,San Benito,069,2
2020-10-29,San Bernardino,071,1
2020-10-29,San Diego,073,2
2020-10-29,San Francisco,075,4
2020-10-29,San Joaquin,077,2
2020-10-29,San Luis Obispo,079,2
2020-10-29,San Mateo,081,3
2020-10-29,Santa Barbara,083,2
2020-10-29,Santa Clara,085,3
2020-10-29,Santa Cruz,087,3
2020-10-29,Shasta,089,2
2020-10-29,Sierra,091,4
2020-10-29,Siskiyou,093,4
2020-10-29,Solano,095,2
2020-10-29,Sonoma,097,1
2020-10-29,Stanislaus,099,2
2020-10-29,Sutter,101,2
2020-10-29,Tehama,103,1
2020-10-29,Trinity,105,4
2020-10-29,Tulare,107,1
2020-10-29,Tuolumne,109,3
2020-10-29,Ventura,111,2
2020-10-29,Yolo,113,2
2020-10-29,Yuba,115,2
2020-10-28,Alameda,001,3
2020-10-28,Alpine,003,4
2020-10-28,Amador,005,3
2020-10-28,Butte,007,3
2020-10-28,Calaveras,009,4
2020-10-28,Colusa,011,2
2020-10-28,Contra Costa,013,3
2020-10-28,Del Norte,015,3
2020-10-28,El Dorado,017,3
2020-10-28,Fresno,019,2
2020-10-28,Glenn,021,2
2020-10-28,Humboldt,023,4
2020-10-28,Imperial,025,1
2020-10-28,Inyo,027,3
2020-10-28,Kern,029,2
2020-10-28,Kings,031,2
2020-10-28,Lake,033,2
2020-10-28,Lassen,035,3
2020-10-28,Los Angeles,037,1
2020-10-28,Madera,039,1
2020-10-28,Marin,041,3
2020-10-28,Mariposa,043,4
2020-10-28,Mendocino,045,2
2020-10-28,Merced,047,2
2020-10-28,Modoc,049,4
2020-10-28,Mono,051,3
2020-10-28,Monterey,053,1
2020-10-28,Napa,055,3
2020-10-28,Nevada,057,3
2020-10-28,Orange,059,2
2020-10-28,Placer,061,3
2020-10-28,Plumas,063,4
2020-10-28,Riverside,065,1
2020-10-28,Sacramento,067,2
2020-10-28,San Benito,069,2
2020-10-28,San Bernardino,071,1
2020-10-28,San Diego,073,2
2020-10-28,San Francisco,075,4
2020-10-28,San Joaquin,077,2
2020-10-28,San Luis Obispo,079,2
2020-10-28,San Mateo,081,3
2020-10-28,Santa Barbara,083,2
2020-10-28,Santa Clara,085,3
2020-10-28,Santa Cruz,087,3
2020-10-28,Shasta,089,2
2020-10-28,Sierra,091,4
2020-10-28,Siskiyou,093,4
2020-10-28,Solano,095,2
2020-10-28,Sonoma,097,1
2020-10-28,Stanislaus,099,2
2020-10-28,Sutter,101,2
2020-10-28,Tehama,103,1
2020-10-28,Trinity,105,4
2020-10-28,Tulare,107,1
2020-10-28,Tuolumne,109,3
2020-10-28,Ventura,111,2
2020-10-28,Yolo,113,2
2020-10-28,Yuba,115,2
2020-10-27,Alameda,001,3
2020-10-27,Alpine,003,4
2020-10-27,Amador,005,3
2020-10-27,Butte,007,3
2020-10-27,Calaveras,009,4
2020-10-27,Colusa,011,2
2020-10-27,Contra Costa,013,3
2020-10-27,Del Norte,015,3
2020-10-27,El Dorado,017,3
2020-10-27,Fresno,019,2
2020-10-27,Glenn,021,2
2020-10-27,Humboldt,023,4
2020-10-27,Imperial,025,1
2020-10-27,Inyo,027,3
2020-10-27,Kern,029,2
2020-10-27,Kings,031,2
2020-10-27,Lake,033,2
2020-10-27,Lassen,035,3
2020-10-27,Los Angeles,037,1
2020-10-27,Madera,039,1
2020-10-27,Marin,041,3
2020-10-27,Mariposa,043,4
2020-10-27,Mendocino,045,2
2020-10-27,Merced,047,2
2020-10-27,Modoc,049,4
2020-10-27,Mono,051,3
2020-10-27,Monterey,053,1
2020-10-27,Napa,055,3
2020-10-27,Nevada,057,3
2020-10-27,Orange,059,2
2020-10-27,Placer,061,3
2020-10-27,Plumas,063,4
2020-10-27,Riverside,065,1
2020-10-27,Sacramento,067,2
2020-10-27,San Benito,069,2
2020-10-27,San Bernardino,071,1
2020-10-27,San Diego,073,2
2020-10-27,San Francisco,075,4
2020-10-27,San Joaquin,077,2
2020-10-27,San Luis Obispo,079,2
2020-10-27,San Mateo,081,3
2020-10-27,Santa Barbara,083,2
2020-10-27,Santa Clara,085,3
2020-10-27,Santa Cruz,087,3
2020-10-27,Shasta,089,2
2020-10-27,Sierra,091,4
2020-10-27,Siskiyou,093,4
2020-10-27,Solano,095,2
2020-10-27,Sonoma,097,1
2020-10-27,Stanislaus,099,2
2020-10-27,Sutter,101,2
2020-10-27,Tehama,103,1
2020-10-27,Trinity,105,4
2020-10-27,Tulare,107,1
2020-10-27,Tuolumne,109,3
2020-10-27,Ventura,111,2
2020-10-27,Yolo,113,2
2020-10-27,Yuba,115,2
2020-10-26,Alameda,001,3
2020-10-26,Alpine,003,4
2020-10-26,Amador,005,3
2020-10-26,Butte,007,3
2020-10-26,Calaveras,009,3
2020-10-26,Colusa,011,2
2020-10-26,Contra Costa,013,2
2020-10-26,Del Norte,015,3
2020-10-26,El Dorado,017,3
2020-10-26,Fresno,019,2
2020-10-26,Glenn,021,1
2020-10-26,Humboldt,023,4
2020-10-26,Imperial,025,1
2020-10-26,Inyo,027,3
2020-10-26,Kern,029,2
2020-10-26,Kings,031,2
2020-10-26,Lake,033,2
2020-10-26,Lassen,035,3
2020-10-26,Los Angeles,037,1
2020-10-26,Madera,039,1
2020-10-26,Marin,041,2
2020-10-26,Mariposa,043,4
2020-10-26,Mendocino,045,1
2020-10-26,Merced,047,2
2020-10-26,Modoc,049,4
2020-10-26,Mono,051,3
2020-10-26,Monterey,053,1
2020-10-26,Napa,055,3
2020-10-26,Nevada,057,3
2020-10-26,Orange,059,2
2020-10-26,Placer,061,3
2020-10-26,Plumas,063,4
2020-10-26,Riverside,065,1
2020-10-26,Sacramento,067,2
2020-10-26,San Benito,069,2
2020-10-26,San Bernardino,071,1
2020-10-26,San Diego,073,2
2020-10-26,San Francisco,075,4
2020-10-26,San Joaquin,077,2
2020-10-26,San Luis Obispo,079,2
2020-10-26,San Mateo,081,2
2020-10-26,Santa Barbara,083,2
2020-10-26,Santa Clara,085,3
2020-10-26,Santa Cruz,087,2
2020-10-26,Shasta,089,1
2020-10-26,Sierra,091,4
2020-10-26,Siskiyou,093,4
2020-10-26,Solano,095,2
2020-10-26,Sonoma,097,1
2020-10-26,Stanislaus,099,2
2020-10-26,Sutter,101,2
2020-10-26,Tehama,103,1
2020-10-26,Trinity,105,4
2020-10-26,Tulare,107,1
2020-10-26,Tuolumne,109,3
2020-10-26,Ventura,111,2
2020-10-26,Yolo,113,2
2020-10-26,Yuba,115,2
2020-10-25,Alameda,001,3
2020-10-25,Alpine,003,4
2020-10-25,Amador,005,3
2020-10-25,Butte,007,3
2020-10-25,Calaveras,009,3
2020-10-25,Colusa,011,2
2020-10-25,Contra Costa,013,2
2020-10-25,Del Norte,015,3
2020-10-25,El Dorado,017,3
2020-10-25,Fresno,019,2
2020-10-25,Glenn,021,1
2020-10-25,Humboldt,023,4
2020-10-25,Imperial,025,1
2020-10-25,Inyo,027,3
2020-10-25,Kern,029,2
2020-10-25,Kings,031,2
2020-10-25,Lake,033,2
2020-10-25,Lassen,035,3
2020-10-25,Los Angeles,037,1
2020-10-25,Madera,039,1
2020-10-25,Marin,041,2
2020-10-25,Mariposa,043,4
2020-10-25,Mendocino,045,1
2020-10-25,Merced,047,2
2020-10-25,Modoc,049,4
2020-10-25,Mono,051,3
2020-10-25,Monterey,053,1
2020-10-25,Napa,055,3
2020-10-25,Nevada,057,3
2020-10-25,Orange,059,2
2020-10-25,Placer,061,3
2020-10-25,Plumas,063,4
2020-10-25,Riverside,065,1
2020-10-25,Sacramento,067,2
2020-10-25,San Benito,069,2
2020-10-25,San Bernardino,071,1
2020-10-25,San Diego,073,2
2020-10-25,San Francisco,075,4
2020-10-25,San Joaquin,077,2
2020-10-25,San Luis Obispo,079,2
2020-10-25,San Mateo,081,2
2020-10-25,Santa Barbara,083,2
2020-10-25,Santa Clara,085,3
2020-10-25,Santa Cruz,087,2
2020-10-25,Shasta,089,1
2020-10-25,Sierra,091,4
2020-10-25,Siskiyou,093,4
2020-10-25,Solano,095,2
2020-10-25,Sonoma,097,1
2020-10-25,Stanislaus,099,2
2020-10-25,Sutter,101,2
2020-10-25,Tehama,103,1
2020-10-25,Trinity,105,4
2020-10-25,Tulare,107,1
2020-10-25,Tuolumne,109,3
2020-10-25,Ventura,111,2
2020-10-25,Yolo,113,2
2020-10-25,Yuba,115,2
2020-10-24,Alameda,001,3
2020-10-24,Alpine,003,4
2020-10-24,Amador,005,3
2020-10-24,Butte,007,3
2020-10-24,Calaveras,009,3
2020-10-24,Colusa,011,2
2020-10-24,Contra Costa,013,2
2020-10-24,Del Norte,015,3
2020-10-24,El Dorado,017,3
2020-10-24,Fresno,019,2
2020-10-24,Glenn,021,1
2020-10-24,Humboldt,023,4
2020-10-24,Imperial,025,1
2020-10-24,Inyo,027,3
2020-10-24,Kern,029,2
2020-10-24,Kings,031,2
2020-10-24,Lake,033,2
2020-10-24,Lassen,035,3
2020-10-24,Los Angeles,037,1
2020-10-24,Madera,039,1
2020-10-24,Marin,041,2
2020-10-24,Mariposa,043,4
2020-10-24,Mendocino,045,1
2020-10-24,Merced,047,2
2020-10-24,Modoc,049,4
2020-10-24,Mono,051,3
2020-10-24,Monterey,053,1
2020-10-24,Napa,055,3
2020-10-24,Nevada,057,3
2020-10-24,Orange,059,2
2020-10-24,Placer,061,3
2020-10-24,Plumas,063,4
2020-10-24,Riverside,065,1
2020-10-24,Sacramento,067,2
2020-10-24,San Benito,069,2
2020-10-24,San Bernardino,071,1
2020-10-24,San Diego,073,2
2020-10-24,San Francisco,075,4
2020-10-24,San Joaquin,077,2
2020-10-24,San Luis Obispo,079,2
2020-10-24,San Mateo,081,2
2020-10-24,Santa Barbara,083,2
2020-10-24,Santa Clara,085,3
2020-10-24,Santa Cruz,087,2
2020-10-24,Shasta,089,1
2020-10-24,Sierra,091,4
2020-10-24,Siskiyou,093,4
2020-10-24,Solano,095,2
2020-10-24,Sonoma,097,1
2020-10-24,Stanislaus,099,2
2020-10-24,Sutter,101,2
2020-10-24,Tehama,103,1
2020-10-24,Trinity,105,4
2020-10-24,Tulare,107,1
2020-10-24,Tuolumne,109,3
2020-10-24,Ventura,111,2
2020-10-24,Yolo,113,2
2020-10-24,Yuba,115,2
2020-10-23,Alameda,001,3
2020-10-23,Alpine,003,4
2020-10-23,Amador,005,3
2020-10-23,Butte,007,3
2020-10-23,Calaveras,009,3
2020-10-23,Colusa,011,2
2020-10-23,Contra Costa,013,2
2020-10-23,Del Norte,015,3
2020-10-23,El Dorado,017,3
2020-10-23,Fresno,019,2
2020-10-23,Glenn,021,1
2020-10-23,Humboldt,023,4
2020-10-23,Imperial,025,1
2020-10-23,Inyo,027,3
2020-10-23,Kern,029,2
2020-10-23,Kings,031,2
2020-10-23,Lake,033,2
2020-10-23,Lassen,035,3
2020-10-23,Los Angeles,037,1
2020-10-23,Madera,039,1
2020-10-23,Marin,041,2
2020-10-23,Mariposa,043,4
2020-10-23,Mendocino,045,1
2020-10-23,Merced,047,2
2020-10-23,Modoc,049,4
2020-10-23,Mono,051,3
2020-10-23,Monterey,053,1
2020-10-23,Napa,055,3
2020-10-23,Nevada,057,3
2020-10-23,Orange,059,2
2020-10-23,Placer,061,3
2020-10-23,Plumas,063,4
2020-10-23,Riverside,065,1
2020-10-23,Sacramento,067,2
2020-10-23,San Benito,069,2
2020-10-23,San Bernardino,071,1
2020-10-23,San Diego,073,2
2020-10-23,San Francisco,075,4
2020-10-23,San Joaquin,077,2
2020-10-23,San Luis Obispo,079,2
2020-10-23,San Mateo,081,2
2020-10-23,Santa Barbara,083,2
2020-10-23,Santa Clara,085,3
2020-10-23,Santa Cruz,087,2
2020-10-23,Shasta,089,1
2020-10-23,Sierra,091,4
2020-10-23,Siskiyou,093,4
2020-10-23,Solano,095,2
2020-10-23,Sonoma,097,1
2020-10-23,Stanislaus,099,2
2020-10-23,Sutter,101,2
2020-10-23,Tehama,103,1
2020-10-23,Trinity,105,4
2020-10-23,Tulare,107,1
2020-10-23,Tuolumne,109,3
2020-10-23,Ventura,111,2
2020-10-23,Yolo,113,2
2020-10-23,Yuba,115,2
2020-10-21,Alameda,001,3
2020-10-21,Alpine,003,4
2020-10-21,Amador,005,3
2020-10-21,Butte,007,3
2020-10-21,Calaveras,009,3
2020-10-21,Colusa,011,2
2020-10-21,Contra Costa,013,2
2020-10-21,Del Norte,015,3
2020-10-21,El Dorado,017,3
2020-10-21,Fresno,019,2
2020-10-21,Glenn,021,1
2020-10-21,Humboldt,023,4
2020-10-21,Imperial,025,1
2020-10-21,Inyo,027,3
2020-10-21,Kern,029,2
2020-10-21,Kings,031,2
2020-10-21,Lake,033,2
2020-10-21,Lassen,035,3
2020-10-21,Los Angeles,037,1
2020-10-21,Madera,039,1
2020-10-21,Marin,041,2
2020-10-21,Mariposa,043,4
2020-10-21,Mendocino,045,1
2020-10-21,Merced,047,2
2020-10-21,Modoc,049,4
2020-10-21,Mono,051,3
2020-10-21,Monterey,053,1
2020-10-21,Napa,055,3
2020-10-21,Nevada,057,3
2020-10-21,Orange,059,2
2020-10-21,Placer,061,3
2020-10-21,Plumas,063,4
2020-10-21,Riverside,065,1
2020-10-21,Sacramento,067,2
2020-10-21,San Benito,069,2
2020-10-21,San Bernardino,071,1
2020-10-21,San Diego,073,2
2020-10-21,San Francisco,075,4
2020-10-21,San Joaquin,077,2
2020-10-21,San Luis Obispo,079,2
2020-10-21,San Mateo,081,2
2020-10-21,Santa Barbara,083,2
2020-10-21,Santa Clara,085,3
2020-10-21,Santa Cruz,087,2
2020-10-21,Shasta,089,1
2020-10-21,Sierra,091,4
2020-10-21,Siskiyou,093,4
2020-10-21,Solano,095,2
2020-10-21,Sonoma,097,1
2020-10-21,Stanislaus,099,2
2020-10-21,Sutter,101,2
2020-10-21,Tehama,103,1
2020-10-21,Trinity,105,4
2020-10-21,Tulare,107,1
2020-10-21,Tuolumne,109,3
2020-10-21,Ventura,111,2
2020-10-21,Yolo,113,2
2020-10-21,Yuba,115,2
2020-10-20,Alameda,001,3
2020-10-20,Alpine,003,4
2020-10-20,Amador,005,3
2020-10-20,Butte,007,3
2020-10-20,Calaveras,009,3
2020-10-20,Colusa,011,2
2020-10-20,Contra Costa,013,2
2020-10-20,Del Norte,015,3
2020-10-20,El Dorado,017,3
2020-10-20,Fresno,019,2
2020-10-20,Glenn,021,1
2020-10-20,Humboldt,023,4
2020-10-20,Imperial,025,1
2020-10-20,Inyo,027,3
2020-10-20,Kern,029,2
2020-10-20,Kings,031,2
2020-10-20,Lake,033,2
2020-10-20,Lassen,035,3
2020-10-20,Los Angeles,037,1
2020-10-20,Madera,039,1
2020-10-20,Marin,041,2
2020-10-20,Mariposa,043,4
2020-10-20,Mendocino,045,1
2020-10-20,Merced,047,2
2020-10-20,Modoc,049,4
2020-10-20,Mono,051,3
2020-10-20,Monterey,053,1
2020-10-20,Napa,055,3
2020-10-20,Nevada,057,3
2020-10-20,Orange,059,2
2020-10-20,Placer,061,3
2020-10-20,Plumas,063,4
2020-10-20,Riverside,065,1
2020-10-20,Sacramento,067,2
2020-10-20,San Benito,069,2
2020-10-20,San Bernardino,071,1
2020-10-20,San Diego,073,2
2020-10-20,San Francisco,075,4
2020-10-20,San Joaquin,077,2
2020-10-20,San Luis Obispo,079,2
2020-10-20,San Mateo,081,2
2020-10-20,Santa Barbara,083,2
2020-10-20,Santa Clara,085,3
2020-10-20,Santa Cruz,087,2
2020-10-20,Shasta,089,1
2020-10-20,Sierra,091,4
2020-10-20,Siskiyou,093,4
2020-10-20,Solano,095,2
2020-10-20,Sonoma,097,1
2020-10-20,Stanislaus,099,2
2020-10-20,Sutter,101,2
2020-10-20,Tehama,103,1
2020-10-20,Trinity,105,4
2020-10-20,Tulare,107,1
2020-10-20,Tuolumne,109,3
2020-10-20,Ventura,111,2
2020-10-20,Yolo,113,2
2020-10-20,Yuba,115,2
2020-10-19,Alameda,001,3
2020-10-19,Alpine,003,4
2020-10-19,Amador,005,3
2020-10-19,Butte,007,2
2020-10-19,Calaveras,009,3
2020-10-19,Colusa,011,2
2020-10-19,Contra Costa,013,2
2020-10-19,Del Norte,015,3
2020-10-19,El Dorado,017,3
2020-10-19,Fresno,019,2
2020-10-19,Glenn,021,1
2020-10-19,Humboldt,023,4
2020-10-19,Imperial,025,1
2020-10-19,Inyo,027,3
2020-10-19,Kern,029,2
2020-10-19,Kings,031,2
2020-10-19,Lake,033,2
2020-10-19,Lassen,035,3
2020-10-19,Los Angeles,037,1
2020-10-19,Madera,039,1
2020-10-19,Marin,041,2
2020-10-19,Mariposa,043,4
2020-10-19,Mendocino,045,1
2020-10-19,Merced,047,2
2020-10-19,Modoc,049,4
2020-10-19,Mono,051,3
2020-10-19,Monterey,053,1
2020-10-19,Napa,055,2
2020-10-19,Nevada,057,3
2020-10-19,Orange,059,2
2020-10-19,Placer,061,3
2020-10-19,Plumas,063,4
2020-10-19,Riverside,065,2
2020-10-19,Sacramento,067,2
2020-10-19,San Benito,069,2
2020-10-19,San Bernardino,071,1
2020-10-19,San Diego,073,2
2020-10-19,San Francisco,075,3
2020-10-19,San Joaquin,077,2
2020-10-19,San Luis Obispo,079,2
2020-10-19,San Mateo,081,2
2020-10-19,Santa Barbara,083,2
2020-10-19,Santa Clara,085,3
2020-10-19,Santa Cruz,087,2
2020-10-19,Shasta,089,2
2020-10-19,Sierra,091,4
2020-10-19,Siskiyou,093,4
2020-10-19,Solano,095,2
2020-10-19,Sonoma,097,1
2020-10-19,Stanislaus,099,2
2020-10-19,Sutter,101,2
2020-10-19,Tehama,103,1
2020-10-19,Trinity,105,4
2020-10-19,Tulare,107,1
2020-10-19,Tuolumne,109,3
2020-10-19,Ventura,111,2
2020-10-19,Yolo,113,2
2020-10-19,Yuba,115,2
2020-10-18,Alameda,001,3
2020-10-18,Alpine,003,4
2020-10-18,Amador,005,3
2020-10-18,Butte,007,2
2020-10-18,Calaveras,009,3
2020-10-18,Colusa,011,2
2020-10-18,Contra Costa,013,2
2020-10-18,Del Norte,015,3
2020-10-18,El Dorado,017,3
2020-10-18,Fresno,019,2
2020-10-18,Glenn,021,1
2020-10-18,Humboldt,023,4
2020-10-18,Imperial,025,1
2020-10-18,Inyo,027,3
2020-10-18,Kern,029,2
2020-10-18,Kings,031,2
2020-10-18,Lake,033,2
2020-10-18,Lassen,035,3
2020-10-18,Los Angeles,037,1
2020-10-18,Madera,039,1
2020-10-18,Marin,041,2
2020-10-18,Mariposa,043,4
2020-10-18,Mendocino,045,1
2020-10-18,Merced,047,2
2020-10-18,Modoc,049,4
2020-10-18,Mono,051,3
2020-10-18,Monterey,053,1
2020-10-18,Napa,055,2
2020-10-18,Nevada,057,3
2020-10-18,Orange,059,2
2020-10-18,Placer,061,3
2020-10-18,Plumas,063,4
2020-10-18,Riverside,065,2
2020-10-18,Sacramento,067,2
2020-10-18,San Benito,069,2
2020-10-18,San Bernardino,071,1
2020-10-18,San Diego,073,2
2020-10-18,San Francisco,075,3
2020-10-18,San Joaquin,077,2
2020-10-18,San Luis Obispo,079,2
2020-10-18,San Mateo,081,2
2020-10-18,Santa Barbara,083,2
2020-10-18,Santa Clara,085,3
2020-10-18,Santa Cruz,087,2
2020-10-18,Shasta,089,2
2020-10-18,Sierra,091,4
2020-10-18,Siskiyou,093,4
2020-10-18,Solano,095,2
2020-10-18,Sonoma,097,1
2020-10-18,Stanislaus,099,2
2020-10-18,Sutter,101,2
2020-10-18,Tehama,103,1
2020-10-18,Trinity,105,4
2020-10-18,Tulare,107,1
2020-10-18,Tuolumne,109,3
2020-10-18,Ventura,111,2
2020-10-18,Yolo,113,2
2020-10-18,Yuba,115,2
2020-10-17,Alameda,001,3
2020-10-17,Alpine,003,4
2020-10-17,Amador,005,3
2020-10-17,Butte,007,2
2020-10-17,Calaveras,009,3
2020-10-17,Colusa,011,2
2020-10-17,Contra Costa,013,2
2020-10-17,Del Norte,015,3
2020-10-17,El Dorado,017,3
2020-10-17,Fresno,019,2
2020-10-17,Glenn,021,1
2020-10-17,Humboldt,023,4
2020-10-17,Imperial,025,1
2020-10-17,Inyo,027,3
2020-10-17,Kern,029,2
2020-10-17,Kings,031,2
2020-10-17,Lake,033,2
2020-10-17,Lassen,035,3
2020-10-17,Los Angeles,037,1
2020-10-17,Madera,039,1
2020-10-17,Marin,041,2
2020-10-17,Mariposa,043,4
2020-10-17,Mendocino,045,1
2020-10-17,Merced,047,2
2020-10-17,Modoc,049,4
2020-10-17,Mono,051,3
2020-10-17,Monterey,053,1
2020-10-17,Napa,055,2
2020-10-17,Nevada,057,3
2020-10-17,Orange,059,2
2020-10-17,Placer,061,3
2020-10-17,Plumas,063,4
2020-10-17,Riverside,065,2
2020-10-17,Sacramento,067,2
2020-10-17,San Benito,069,2
2020-10-17,San Bernardino,071,1
2020-10-17,San Diego,073,2
2020-10-17,San Francisco,075,3
2020-10-17,San Joaquin,077,2
2020-10-17,San Luis Obispo,079,2
2020-10-17,San Mateo,081,2
2020-10-17,Santa Barbara,083,2
2020-10-17,Santa Clara,085,3
2020-10-17,Santa Cruz,087,2
2020-10-17,Shasta,089,2
2020-10-17,Sierra,091,4
2020-10-17,Siskiyou,093,4
2020-10-17,Solano,095,2
2020-10-17,Sonoma,097,1
2020-10-17,Stanislaus,099,2
2020-10-17,Sutter,101,2
2020-10-17,Tehama,103,1
2020-10-17,Trinity,105,4
2020-10-17,Tulare,107,1
2020-10-17,Tuolumne,109,3
2020-10-17,Ventura,111,2
2020-10-17,Yolo,113,2
2020-10-17,Yuba,115,2
2020-10-16,Alameda,001,3
2020-10-16,Alpine,003,4
2020-10-16,Amador,005,3
2020-10-16,Butte,007,2
2020-10-16,Calaveras,009,3
2020-10-16,Colusa,011,2
2020-10-16,Contra Costa,013,2
2020-10-16,Del Norte,015,3
2020-10-16,El Dorado,017,3
2020-10-16,Fresno,019,2
2020-10-16,Glenn,021,1
2020-10-16,Humboldt,023,4
2020-10-16,Imperial,025,1
2020-10-16,Inyo,027,3
2020-10-16,Kern,029,2
2020-10-16,Kings,031,2
2020-10-16,Lake,033,2
2020-10-16,Lassen,035,3
2020-10-16,Los Angeles,037,1
2020-10-16,Madera,039,1
2020-10-16,Marin,041,2
2020-10-16,Mariposa,043,4
2020-10-16,Mendocino,045,1
2020-10-16,Merced,047,2
2020-10-16,Modoc,049,4
2020-10-16,Mono,051,3
2020-10-16,Monterey,053,1
2020-10-16,Napa,055,2
2020-10-16,Nevada,057,3
2020-10-16,Orange,059,2
2020-10-16,Placer,061,3
2020-10-16,Plumas,063,4
2020-10-16,Riverside,065,2
2020-10-16,Sacramento,067,2
2020-10-16,San Benito,069,2
2020-10-16,San Bernardino,071,1
2020-10-16,San Diego,073,2
2020-10-16,San Francisco,075,3
2020-10-16,San Joaquin,077,2
2020-10-16,San Luis Obispo,079,2
2020-10-16,San Mateo,081,2
2020-10-16,Santa Barbara,083,2
2020-10-16,Santa Clara,085,3
2020-10-16,Santa Cruz,087,2
2020-10-16,Shasta,089,2
2020-10-16,Sierra,091,4
2020-10-16,Siskiyou,093,4
2020-10-16,Solano,095,2
2020-10-16,Sonoma,097,1
2020-10-16,Stanislaus,099,2
2020-10-16,Sutter,101,2
2020-10-16,Tehama,103,1
2020-10-16,Trinity,105,4
2020-10-16,Tulare,107,1
2020-10-16,Tuolumne,109,3
2020-10-16,Ventura,111,2
2020-10-16,Yolo,113,2
2020-10-16,Yuba,115,2
2020-10-15,Alameda,001,3
2020-10-15,Alpine,003,4
2020-10-15,Amador,005,3
2020-10-15,Butte,007,2
2020-10-15,Calaveras,009,3
2020-10-15,Colusa,011,2
2020-10-15,Contra Costa,013,2
2020-10-15,Del Norte,015,3
2020-10-15,El Dorado,017,3
2020-10-15,Fresno,019,2
2020-10-15,Glenn,021,1
2020-10-15,Humboldt,023,4
2020-10-15,Imperial,025,1
2020-10-15,Inyo,027,3
2020-10-15,Kern,029,2
2020-10-15,Kings,031,2
2020-10-15,Lake,033,2
2020-10-15,Lassen,035,3
2020-10-15,Los Angeles,037,1
2020-10-15,Madera,039,1
2020-10-15,Marin,041,2
2020-10-15,Mariposa,043,4
2020-10-15,Mendocino,045,1
2020-10-15,Merced,047,2
2020-10-15,Modoc,049,4
2020-10-15,Mono,051,3
2020-10-15,Monterey,053,1
2020-10-15,Napa,055,2
2020-10-15,Nevada,057,3
2020-10-15,Orange,059,2
2020-10-15,Placer,061,3
2020-10-15,Plumas,063,4
2020-10-15,Riverside,065,2
2020-10-15,Sacramento,067,2
2020-10-15,San Benito,069,2
2020-10-15,San Bernardino,071,1
2020-10-15,San Diego,073,2
2020-10-15,San Francisco,075,3
2020-10-15,San Joaquin,077,2
2020-10-15,San Luis Obispo,079,2
2020-10-15,San Mateo,081,2
2020-10-15,Santa Barbara,083,2
2020-10-15,Santa Clara,085,3
2020-10-15,Santa Cruz,087,2
2020-10-15,Shasta,089,2
2020-10-15,Sierra,091,4
2020-10-15,Siskiyou,093,4
2020-10-15,Solano,095,2
2020-10-15,Sonoma,097,1
2020-10-15,Stanislaus,099,2
2020-10-15,Sutter,101,2
2020-10-15,Tehama,103,1
2020-10-15,Trinity,105,4
2020-10-15,Tulare,107,1
2020-10-15,Tuolumne,109,3
2020-10-15,Ventura,111,2
2020-10-15,Yolo,113,2
2020-10-15,Yuba,115,2
2020-10-14,Alameda,001,3
2020-10-14,Alpine,003,4
2020-10-14,Amador,005,3
2020-10-14,Butte,007,2
2020-10-14,Calaveras,009,3
2020-10-14,Colusa,011,2
2020-10-14,Contra Costa,013,2
2020-10-14,Del Norte,015,3
2020-10-14,El Dorado,017,3
2020-10-14,Fresno,019,2
2020-10-14,Glenn,021,1
2020-10-14,Humboldt,023,4
2020-10-14,Imperial,025,1
2020-10-14,Inyo,027,3
2020-10-14,Kern,029,2
2020-10-14,Kings,031,2
2020-10-14,Lake,033,2
2020-10-14,Lassen,035,3
2020-10-14,Los Angeles,037,1
2020-10-14,Madera,039,1
2020-10-14,Marin,041,2
2020-10-14,Mariposa,043,4
2020-10-14,Mendocino,045,1
2020-10-14,Merced,047,2
2020-10-14,Modoc,049,4
2020-10-14,Mono,051,3
2020-10-14,Monterey,053,1
2020-10-14,Napa,055,2
2020-10-14,Nevada,057,3
2020-10-14,Orange,059,2
2020-10-14,Placer,061,3
2020-10-14,Plumas,063,4
2020-10-14,Riverside,065,2
2020-10-14,Sacramento,067,2
2020-10-14,San Benito,069,2
2020-10-14,San Bernardino,071,1
2020-10-14,San Diego,073,2
2020-10-14,San Francisco,075,3
2020-10-14,San Joaquin,077,2
2020-10-14,San Luis Obispo,079,2
2020-10-14,San Mateo,081,2
2020-10-14,Santa Barbara,083,2
2020-10-14,Santa Clara,085,3
2020-10-14,Santa Cruz,087,2
2020-10-14,Shasta,089,2
2020-10-14,Sierra,091,4
2020-10-14,Siskiyou,093,4
2020-10-14,Solano,095,2
2020-10-14,Sonoma,097,1
2020-10-14,Stanislaus,099,2
2020-10-14,Sutter,101,2
2020-10-14,Tehama,103,1
2020-10-14,Trinity,105,4
2020-10-14,Tulare,107,1
2020-10-14,Tuolumne,109,3
2020-10-14,Ventura,111,2
2020-10-14,Yolo,113,2
2020-10-14,Yuba,115,2
2020-10-13,Alameda,001,3
2020-10-13,Alpine,003,4
2020-10-13,Amador,005,3
2020-10-13,Butte,007,2
2020-10-13,Calaveras,009,3
2020-10-13,Colusa,011,2
2020-10-13,Contra Costa,013,2
2020-10-13,Del Norte,015,3
2020-10-13,El Dorado,017,3
2020-10-13,Fresno,019,2
2020-10-13,Glenn,021,1
2020-10-13,Humboldt,023,4
2020-10-13,Imperial,025,1
2020-10-13,Inyo,027,3
2020-10-13,Kern,029,2
2020-10-13,Kings,031,2
2020-10-13,Lake,033,2
2020-10-13,Lassen,035,3
2020-10-13,Los Angeles,037,1
2020-10-13,Madera,039,1
2020-10-13,Marin,041,2
2020-10-13,Mariposa,043,4
2020-10-13,Mendocino,045,1
2020-10-13,Merced,047,2
2020-10-13,Modoc,049,4
2020-10-13,Mono,051,3
2020-10-13,Monterey,053,1
2020-10-13,Napa,055,2
2020-10-13,Nevada,057,3
2020-10-13,Orange,059,2
2020-10-13,Placer,061,3
2020-10-13,Plumas,063,4
2020-10-13,Riverside,065,2
2020-10-13,Sacramento,067,2
2020-10-13,San Benito,069,2
2020-10-13,San Bernardino,071,1
2020-10-13,San Diego,073,2
2020-10-13,San Francisco,075,3
2020-10-13,San Joaquin,077,2
2020-10-13,San Luis Obispo,079,2
2020-10-13,San Mateo,081,2
2020-10-13,Santa Barbara,083,2
2020-10-13,Santa Clara,085,3
2020-10-13,Santa Cruz,087,2
2020-10-13,Shasta,089,2
2020-10-13,Sierra,091,4
2020-10-13,Siskiyou,093,4
2020-10-13,Solano,095,2
2020-10-13,Sonoma,097,1
2020-10-13,Stanislaus,099,2
2020-10-13,Sutter,101,2
2020-10-13,Tehama,103,1
2020-10-13,Trinity,105,4
2020-10-13,Tulare,107,1
2020-10-13,Tuolumne,109,3
2020-10-13,Ventura,111,2
2020-10-13,Yolo,113,2
2020-10-13,Yuba,115,2
2020-10-12,Alameda,001,2
2020-10-12,Alpine,003,4
2020-10-12,Amador,005,3
2020-10-12,Butte,007,2
2020-10-12,Calaveras,009,3
2020-10-12,Colusa,011,1
2020-10-12,Contra Costa,013,2
2020-10-12,Del Norte,015,3
2020-10-12,El Dorado,017,3
2020-10-12,Fresno,019,2
2020-10-12,Glenn,021,1
2020-10-12,Humboldt,023,4
2020-10-12,Imperial,025,1
2020-10-12,Inyo,027,3
2020-10-12,Kern,029,1
2020-10-12,Kings,031,1
2020-10-12,Lake,033,2
2020-10-12,Lassen,035,3
2020-10-12,Los Angeles,037,1
2020-10-12,Madera,039,1
2020-10-12,Marin,041,2
2020-10-12,Mariposa,043,4
2020-10-12,Mendocino,045,1
2020-10-12,Merced,047,2
2020-10-12,Modoc,049,4
2020-10-12,Mono,051,3
2020-10-12,Monterey,053,1
2020-10-12,Napa,055,2
2020-10-12,Nevada,057,3
2020-10-12,Orange,059,2
2020-10-12,Placer,061,2
2020-10-12,Plumas,063,4
2020-10-12,Riverside,065,2
2020-10-12,Sacramento,067,2
2020-10-12,San Benito,069,1
2020-10-12,San Bernardino,071,1
2020-10-12,San Diego,073,2
2020-10-12,San Francisco,075,3
2020-10-12,San Joaquin,077,2
2020-10-12,San Luis Obispo,079,2
2020-10-12,San Mateo,081,2
2020-10-12,Santa Barbara,083,2
2020-10-12,Santa Clara,085,2
2020-10-12,Santa Cruz,087,2
2020-10-12,Shasta,089,2
2020-10-12,Sierra,091,3
2020-10-12,Siskiyou,093,4
2020-10-12,Solano,095,2
2020-10-12,Sonoma,097,1
2020-10-12,Stanislaus,099,1
2020-10-12,Sutter,101,1
2020-10-12,Tehama,103,1
2020-10-12,Trinity,105,4
2020-10-12,Tulare,107,1
2020-10-12,Tuolumne,109,3
2020-10-12,Ventura,111,2
2020-10-12,Yolo,113,2
2020-10-12,Yuba,115,2
2020-10-11,Alameda,001,2
2020-10-11,Alpine,003,4
2020-10-11,Amador,005,3
2020-10-11,Butte,007,2
2020-10-11,Calaveras,009,3
2020-10-11,Colusa,011,1
2020-10-11,Contra Costa,013,2
2020-10-11,Del Norte,015,3
2020-10-11,El Dorado,017,3
2020-10-11,Fresno,019,2
2020-10-11,Glenn,021,1
2020-10-11,Humboldt,023,4
2020-10-11,Imperial,025,1
2020-10-11,Inyo,027,3
2020-10-11,Kern,029,1
2020-10-11,Kings,031,1
2020-10-11,Lake,033,2
2020-10-11,Lassen,035,3
2020-10-11,Los Angeles,037,1
2020-10-11,Madera,039,1
2020-10-11,Marin,041,2
2020-10-11,Mariposa,043,4
2020-10-11,Mendocino,045,1
2020-10-11,Merced,047,2
2020-10-11,Modoc,049,4
2020-10-11,Mono,051,3
2020-10-11,Monterey,053,1
2020-10-11,Napa,055,2
2020-10-11,Nevada,057,3
2020-10-11,Orange,059,2
2020-10-11,Placer,061,2
2020-10-11,Plumas,063,4
2020-10-11,Riverside,065,2
2020-10-11,Sacramento,067,2
2020-10-11,San Benito,069,1
2020-10-11,San Bernardino,071,1
2020-10-11,San Diego,073,2
2020-10-11,San Francisco,075,3
2020-10-11,San Joaquin,077,2
2020-10-11,San Luis Obispo,079,2
2020-10-11,San Mateo,081,2
2020-10-11,Santa Barbara,083,2
2020-10-11,Santa Clara,085,2
2020-10-11,Santa Cruz,087,2
2020-10-11,Shasta,089,2
2020-10-11,Sierra,091,3
2020-10-11,Siskiyou,093,4
2020-10-11,Solano,095,2
2020-10-11,Sonoma,097,1
2020-10-11,Stanislaus,099,1
2020-10-11,Sutter,101,1
2020-10-11,Tehama,103,1
2020-10-11,Trinity,105,4
2020-10-11,Tulare,107,1
2020-10-11,Tuolumne,109,3
2020-10-11,Ventura,111,2
2020-10-11,Yolo,113,2
2020-10-11,Yuba,115,2
2020-10-10,Alameda,001,2
2020-10-10,Alpine,003,4
2020-10-10,Amador,005,3
2020-10-10,Butte,007,2
2020-10-10,Calaveras,009,3
2020-10-10,Colusa,011,1
2020-10-10,Contra Costa,013,2
2020-10-10,Del Norte,015,3
2020-10-10,El Dorado,017,3
2020-10-10,Fresno,019,2
2020-10-10,Glenn,021,1
2020-10-10,Humboldt,023,4
2020-10-10,Imperial,025,1
2020-10-10,Inyo,027,3
2020-10-10,Kern,029,1
2020-10-10,Kings,031,1
2020-10-10,Lake,033,2
2020-10-10,Lassen,035,3
2020-10-10,Los Angeles,037,1
2020-10-10,Madera,039,1
2020-10-10,Marin,041,2
2020-10-10,Mariposa,043,4
2020-10-10,Mendocino,045,1
2020-10-10,Merced,047,2
2020-10-10,Modoc,049,4
2020-10-10,Mono,051,3
2020-10-10,Monterey,053,1
2020-10-10,Napa,055,2
2020-10-10,Nevada,057,3
2020-10-10,Orange,059,2
2020-10-10,Placer,061,2
2020-10-10,Plumas,063,4
2020-10-10,Riverside,065,2
2020-10-10,Sacramento,067,2
2020-10-10,San Benito,069,1
2020-10-10,San Bernardino,071,1
2020-10-10,San Diego,073,2
2020-10-10,San Francisco,075,3
2020-10-10,San Joaquin,077,2
2020-10-10,San Luis Obispo,079,2
2020-10-10,San Mateo,081,2
2020-10-10,Santa Barbara,083,2
2020-10-10,Santa Clara,085,2
2020-10-10,Santa Cruz,087,2
2020-10-10,Shasta,089,2
2020-10-10,Sierra,091,3
2020-10-10,Siskiyou,093,4
2020-10-10,Solano,095,2
2020-10-10,Sonoma,097,1
2020-10-10,Stanislaus,099,1
2020-10-10,Sutter,101,1
2020-10-10,Tehama,103,1
2020-10-10,Trinity,105,4
2020-10-10,Tulare,107,1
2020-10-10,Tuolumne,109,3
2020-10-10,Ventura,111,2
2020-10-10,Yolo,113,2
2020-10-10,Yuba,115,2
2020-10-09,Alameda,001,2
2020-10-09,Alpine,003,4
2020-10-09,Amador,005,3
2020-10-09,Butte,007,2
2020-10-09,Calaveras,009,3
2020-10-09,Colusa,011,1
2020-10-09,Contra Costa,013,2
2020-10-09,Del Norte,015,3
2020-10-09,El Dorado,017,3
2020-10-09,Fresno,019,2
2020-10-09,Glenn,021,1
2020-10-09,Humboldt,023,4
2020-10-09,Imperial,025,1
2020-10-09,Inyo,027,3
2020-10-09,Kern,029,1
2020-10-09,Kings,031,1
2020-10-09,Lake,033,2
2020-10-09,Lassen,035,3
2020-10-09,Los Angeles,037,1
2020-10-09,Madera,039,1
2020-10-09,Marin,041,2
2020-10-09,Mariposa,043,4
2020-10-09,Mendocino,045,1
2020-10-09,Merced,047,2
2020-10-09,Modoc,049,4
2020-10-09,Mono,051,3
2020-10-09,Monterey,053,1
2020-10-09,Napa,055,2
2020-10-09,Nevada,057,3
2020-10-09,Orange,059,2
2020-10-09,Placer,061,2
2020-10-09,Plumas,063,4
2020-10-09,Riverside,065,2
2020-10-09,Sacramento,067,2
2020-10-09,San Benito,069,1
2020-10-09,San Bernardino,071,1
2020-10-09,San Diego,073,2
2020-10-09,San Francisco,075,3
2020-10-09,San Joaquin,077,2
2020-10-09,San Luis Obispo,079,2
2020-10-09,San Mateo,081,2
2020-10-09,Santa Barbara,083,2
2020-10-09,Santa Clara,085,2
2020-10-09,Santa Cruz,087,2
2020-10-09,Shasta,089,2
2020-10-09,Sierra,091,3
2020-10-09,Siskiyou,093,4
2020-10-09,Solano,095,2
2020-10-09,Sonoma,097,1
2020-10-09,Stanislaus,099,1
2020-10-09,Sutter,101,1
2020-10-09,Tehama,103,1
2020-10-09,Trinity,105,4
2020-10-09,Tulare,107,1
2020-10-09,Tuolumne,109,3
2020-10-09,Ventura,111,2
2020-10-09,Yolo,113,2
2020-10-09,Yuba,115,2
2020-10-08,Alameda,001,2
2020-10-08,Alpine,003,4
2020-10-08,Amador,005,3
2020-10-08,Butte,007,2
2020-10-08,Calaveras,009,3
2020-10-08,Colusa,011,1
2020-10-08,Contra Costa,013,2
2020-10-08,Del Norte,015,3
2020-10-08,El Dorado,017,3
2020-10-08,Fresno,019,2
2020-10-08,Glenn,021,1
2020-10-08,Humboldt,023,4
2020-10-08,Imperial,025,1
2020-10-08,Inyo,027,3
2020-10-08,Kern,029,1
2020-10-08,Kings,031,1
2020-10-08,Lake,033,2
2020-10-08,Lassen,035,3
2020-10-08,Los Angeles,037,1
2020-10-08,Madera,039,1
2020-10-08,Marin,041,2
2020-10-08,Mariposa,043,4
2020-10-08,Mendocino,045,1
2020-10-08,Merced,047,2
2020-10-08,Modoc,049,4
2020-10-08,Mono,051,3
2020-10-08,Monterey,053,1
2020-10-08,Napa,055,2
2020-10-08,Nevada,057,3
2020-10-08,Orange,059,2
2020-10-08,Placer,061,2
2020-10-08,Plumas,063,4
2020-10-08,Riverside,065,2
2020-10-08,Sacramento,067,2
2020-10-08,San Benito,069,1
2020-10-08,San Bernardino,071,1
2020-10-08,San Diego,073,2
2020-10-08,San Francisco,075,3
2020-10-08,San Joaquin,077,2
2020-10-08,San Luis Obispo,079,2
2020-10-08,San Mateo,081,2
2020-10-08,Santa Barbara,083,2
2020-10-08,Santa Clara,085,2
2020-10-08,Santa Cruz,087,2
2020-10-08,Shasta,089,2
2020-10-08,Sierra,091,3
2020-10-08,Siskiyou,093,4
2020-10-08,Solano,095,2
2020-10-08,Sonoma,097,1
2020-10-08,Stanislaus,099,1
2020-10-08,Sutter,101,1
2020-10-08,Tehama,103,1
2020-10-08,Trinity,105,4
2020-10-08,Tulare,107,1
2020-10-08,Tuolumne,109,3
2020-10-08,Ventura,111,2
2020-10-08,Yolo,113,2
2020-10-08,Yuba,115,2
2020-10-07,Alameda,001,2
2020-10-07,Alpine,003,4
2020-10-07,Amador,005,3
2020-10-07,Butte,007,2
2020-10-07,Calaveras,009,3
2020-10-07,Colusa,011,1
2020-10-07,Contra Costa,013,2
2020-10-07,Del Norte,015,3
2020-10-07,El Dorado,017,3
2020-10-07,Fresno,019,2
2020-10-07,Glenn,021,1
2020-10-07,Humboldt,023,4
2020-10-07,Imperial,025,1
2020-10-07,Inyo,027,3
2020-10-07,Kern,029,1
2020-10-07,Kings,031,1
2020-10-07,Lake,033,2
2020-10-07,Lassen,035,3
2020-10-07,Los Angeles,037,1
2020-10-07,Madera,039,1
2020-10-07,Marin,041,2
2020-10-07,Mariposa,043,4
2020-10-07,Mendocino,045,1
2020-10-07,Merced,047,2
2020-10-07,Modoc,049,4
2020-10-07,Mono,051,3
2020-10-07,Monterey,053,1
2020-10-07,Napa,055,2
2020-10-07,Nevada,057,3
2020-10-07,Orange,059,2
2020-10-07,Placer,061,2
2020-10-07,Plumas,063,4
2020-10-07,Riverside,065,2
2020-10-07,Sacramento,067,2
2020-10-07,San Benito,069,1
2020-10-07,San Bernardino,071,1
2020-10-07,San Diego,073,2
2020-10-07,San Francisco,075,3
2020-10-07,San Joaquin,077,2
2020-10-07,San Luis Obispo,079,2
2020-10-07,San Mateo,081,2
2020-10-07,Santa Barbara,083,2
2020-10-07,Santa Clara,085,2
2020-10-07,Santa Cruz,087,2
2020-10-07,Shasta,089,2
2020-10-07,Sierra,091,3
2020-10-07,Siskiyou,093,4
2020-10-07,Solano,095,2
2020-10-07,Sonoma,097,1
2020-10-07,Stanislaus,099,1
2020-10-07,Sutter,101,1
2020-10-07,Tehama,103,1
2020-10-07,Trinity,105,4
2020-10-07,Tulare,107,1
2020-10-07,Tuolumne,109,3
2020-10-07,Ventura,111,2
2020-10-07,Yolo,113,2
2020-10-07,Yuba,115,2
2020-10-06,Alameda,001,2
2020-10-06,Alpine,003,4
2020-10-06,Amador,005,3
2020-10-06,Butte,007,2
2020-10-06,Calaveras,009,3
2020-10-06,Colusa,011,1
2020-10-06,Contra Costa,013,2
2020-10-06,Del Norte,015,3
2020-10-06,El Dorado,017,3
2020-10-06,Fresno,019,2
2020-10-06,Glenn,021,1
2020-10-06,Humboldt,023,4
2020-10-06,Imperial,025,1
2020-10-06,Inyo,027,3
2020-10-06,Kern,029,1
2020-10-06,Kings,031,1
2020-10-06,Lake,033,2
2020-10-06,Lassen,035,3
2020-10-06,Los Angeles,037,1
2020-10-06,Madera,039,1
2020-10-06,Marin,041,2
2020-10-06,Mariposa,043,4
2020-10-06,Mendocino,045,1
2020-10-06,Merced,047,2
2020-10-06,Modoc,049,4
2020-10-06,Mono,051,3
2020-10-06,Monterey,053,1
2020-10-06,Napa,055,2
2020-10-06,Nevada,057,3
2020-10-06,Orange,059,2
2020-10-06,Placer,061,2
2020-10-06,Plumas,063,4
2020-10-06,Riverside,065,2
2020-10-06,Sacramento,067,2
2020-10-06,San Benito,069,1
2020-10-06,San Bernardino,071,1
2020-10-06,San Diego,073,2
2020-10-06,San Francisco,075,3
2020-10-06,San Joaquin,077,2
2020-10-06,San Luis Obispo,079,2
2020-10-06,San Mateo,081,2
2020-10-06,Santa Barbara,083,2
2020-10-06,Santa Clara,085,2
2020-10-06,Santa Cruz,087,2
2020-10-06,Shasta,089,2
2020-10-06,Sierra,091,3
2020-10-06,Siskiyou,093,4
2020-10-06,Solano,095,2
2020-10-06,Sonoma,097,1
2020-10-06,Stanislaus,099,1
2020-10-06,Sutter,101,1
2020-10-06,Tehama,103,1
2020-10-06,Trinity,105,4
2020-10-06,Tulare,107,1
2020-10-06,Tuolumne,109,3
2020-10-06,Ventura,111,2
2020-10-06,Yolo,113,2
2020-10-06,Yuba,115,2
2020-10-05,Alameda,001,2
2020-10-05,Alpine,003,4
2020-10-05,Amador,005,3
2020-10-05,Butte,007,2
2020-10-05,Calaveras,009,3
2020-10-05,Colusa,011,1
2020-10-05,Contra Costa,013,2
2020-10-05,Del Norte,015,3
2020-10-05,El Dorado,017,3
2020-10-05,Fresno,019,2
2020-10-05,Glenn,021,1
2020-10-05,Humboldt,023,3
2020-10-05,Imperial,025,1
2020-10-05,Inyo,027,2
2020-10-05,Kern,029,1
2020-10-05,Kings,031,1
2020-10-05,Lake,033,2
2020-10-05,Lassen,035,3
2020-10-05,Los Angeles,037,1
2020-10-05,Madera,039,1
2020-10-05,Marin,041,2
2020-10-05,Mariposa,043,4
2020-10-05,Mendocino,045,1
2020-10-05,Merced,047,1
2020-10-05,Modoc,049,4
2020-10-05,Mono,051,3
2020-10-05,Monterey,053,1
2020-10-05,Napa,055,2
2020-10-05,Nevada,057,3
2020-10-05,Orange,059,2
2020-10-05,Placer,061,2
2020-10-05,Plumas,063,3
2020-10-05,Riverside,065,2
2020-10-05,Sacramento,067,2
2020-10-05,San Benito,069,1
2020-10-05,San Bernardino,071,1
2020-10-05,San Diego,073,2
2020-10-05,San Francisco,075,3
2020-10-05,San Joaquin,077,2
2020-10-05,San Luis Obispo,079,2
2020-10-05,San Mateo,081,2
2020-10-05,Santa Barbara,083,2
2020-10-05,Santa Clara,085,2
2020-10-05,Santa Cruz,087,2
2020-10-05,Shasta,089,3
2020-10-05,Sierra,091,3
2020-10-05,Siskiyou,093,3
2020-10-05,Solano,095,2
2020-10-05,Sonoma,097,1
2020-10-05,Stanislaus,099,1
2020-10-05,Sutter,101,1
2020-10-05,Tehama,103,2
2020-10-05,Trinity,105,3
2020-10-05,Tulare,107,1
2020-10-05,Tuolumne,109,3
2020-10-05,Ventura,111,1
2020-10-05,Yolo,113,2
2020-10-05,Yuba,115,1
2020-10-04,Alameda,001,2
2020-10-04,Alpine,003,4
2020-10-04,Amador,005,3
2020-10-04,Butte,007,2
2020-10-04,Calaveras,009,3
2020-10-04,Colusa,011,1
2020-10-04,Contra Costa,013,2
2020-10-04,Del Norte,015,3
2020-10-04,El Dorado,017,3
2020-10-04,Fresno,019,2
2020-10-04,Glenn,021,1
2020-10-04,Humboldt,023,3
2020-10-04,Imperial,025,1
2020-10-04,Inyo,027,2
2020-10-04,Kern,029,1
2020-10-04,Kings,031,1
2020-10-04,Lake,033,2
2020-10-04,Lassen,035,3
2020-10-04,Los Angeles,037,1
2020-10-04,Madera,039,1
2020-10-04,Marin,041,2
2020-10-04,Mariposa,043,4
2020-10-04,Mendocino,045,1
2020-10-04,Merced,047,1
2020-10-04,Modoc,049,4
2020-10-04,Mono,051,3
2020-10-04,Monterey,053,1
2020-10-04,Napa,055,2
2020-10-04,Nevada,057,3
2020-10-04,Orange,059,2
2020-10-04,Placer,061,2
2020-10-04,Plumas,063,3
2020-10-04,Riverside,065,2
2020-10-04,Sacramento,067,2
2020-10-04,San Benito,069,1
2020-10-04,San Bernardino,071,1
2020-10-04,San Diego,073,2
2020-10-04,San Francisco,075,3
2020-10-04,San Joaquin,077,2
2020-10-04,San Luis Obispo,079,2
2020-10-04,San Mateo,081,2
2020-10-04,Santa Barbara,083,2
2020-10-04,Santa Clara,085,2
2020-10-04,Santa Cruz,087,2
2020-10-04,Shasta,089,3
2020-10-04,Sierra,091,3
2020-10-04,Siskiyou,093,3
2020-10-04,Solano,095,2
2020-10-04,Sonoma,097,1
2020-10-04,Stanislaus,099,1
2020-10-04,Sutter,101,1
2020-10-04,Tehama,103,2
2020-10-04,Trinity,105,3
2020-10-04,Tulare,107,1
2020-10-04,Tuolumne,109,3
2020-10-04,Ventura,111,1
2020-10-04,Yolo,113,2
2020-10-04,Yuba,115,1
2020-10-03,Alameda,001,2
2020-10-03,Alpine,003,4
2020-10-03,Amador,005,3
2020-10-03,Butte,007,2
2020-10-03,Calaveras,009,3
2020-10-03,Colusa,011,1
2020-10-03,Contra Costa,013,2
2020-10-03,Del Norte,015,3
2020-10-03,El Dorado,017,3
2020-10-03,Fresno,019,2
2020-10-03,Glenn,021,1
2020-10-03,Humboldt,023,3
2020-10-03,Imperial,025,1
2020-10-03,Inyo,027,2
2020-10-03,Kern,029,1
2020-10-03,Kings,031,1
2020-10-03,Lake,033,2
2020-10-03,Lassen,035,3
2020-10-03,Los Angeles,037,1
2020-10-03,Madera,039,1
2020-10-03,Marin,041,2
2020-10-03,Mariposa,043,4
2020-10-03,Mendocino,045,1
2020-10-03,Merced,047,1
2020-10-03,Modoc,049,4
2020-10-03,Mono,051,3
2020-10-03,Monterey,053,1
2020-10-03,Napa,055,2
2020-10-03,Nevada,057,3
2020-10-03,Orange,059,2
2020-10-03,Placer,061,2
2020-10-03,Plumas,063,3
2020-10-03,Riverside,065,2
2020-10-03,Sacramento,067,2
2020-10-03,San Benito,069,1
2020-10-03,San Bernardino,071,1
2020-10-03,San Diego,073,2
2020-10-03,San Francisco,075,3
2020-10-03,San Joaquin,077,2
2020-10-03,San Luis Obispo,079,2
2020-10-03,San Mateo,081,2
2020-10-03,Santa Barbara,083,2
2020-10-03,Santa Clara,085,2
2020-10-03,Santa Cruz,087,2
2020-10-03,Shasta,089,3
2020-10-03,Sierra,091,3
2020-10-03,Siskiyou,093,3
2020-10-03,Solano,095,2
2020-10-03,Sonoma,097,1
2020-10-03,Stanislaus,099,1
2020-10-03,Sutter,101,1
2020-10-03,Tehama,103,2
2020-10-03,Trinity,105,3
2020-10-03,Tulare,107,1
2020-10-03,Tuolumne,109,3
2020-10-03,Ventura,111,1
2020-10-03,Yolo,113,2
2020-10-03,Yuba,115,1
2020-10-02,Alameda,001,2
2020-10-02,Alpine,003,4
2020-10-02,Amador,005,3
2020-10-02,Butte,007,2
2020-10-02,Calaveras,009,3
2020-10-02,Colusa,011,1
2020-10-02,Contra Costa,013,2
2020-10-02,Del Norte,015,3
2020-10-02,El Dorado,017,3
2020-10-02,Fresno,019,2
2020-10-02,Glenn,021,1
2020-10-02,Humboldt,023,3
2020-10-02,Imperial,025,1
2020-10-02,Inyo,027,2
2020-10-02,Kern,029,1
2020-10-02,Kings,031,1
2020-10-02,Lake,033,2
2020-10-02,Lassen,035,3
2020-10-02,Los Angeles,037,1
2020-10-02,Madera,039,1
2020-10-02,Marin,041,2
2020-10-02,Mariposa,043,4
2020-10-02,Mendocino,045,1
2020-10-02,Merced,047,1
2020-10-02,Modoc,049,4
2020-10-02,Mono,051,3
2020-10-02,Monterey,053,1
2020-10-02,Napa,055,2
2020-10-02,Nevada,057,3
2020-10-02,Orange,059,2
2020-10-02,Placer,061,2
2020-10-02,Plumas,063,3
2020-10-02,Riverside,065,2
2020-10-02,Sacramento,067,2
2020-10-02,San Benito,069,1
2020-10-02,San Bernardino,071,1
2020-10-02,San Diego,073,2
2020-10-02,San Francisco,075,3
2020-10-02,San Joaquin,077,2
2020-10-02,San Luis Obispo,079,2
2020-10-02,San Mateo,081,2
2020-10-02,Santa Barbara,083,2
2020-10-02,Santa Clara,085,2
2020-10-02,Santa Cruz,087,2
2020-10-02,Shasta,089,3
2020-10-02,Sierra,091,3
2020-10-02,Siskiyou,093,3
2020-10-02,Solano,095,2
2020-10-02,Sonoma,097,1
2020-10-02,Stanislaus,099,1
2020-10-02,Sutter,101,1
2020-10-02,Tehama,103,2
2020-10-02,Trinity,105,3
2020-10-02,Tulare,107,1
2020-10-02,Tuolumne,109,3
2020-10-02,Ventura,111,1
2020-10-02,Yolo,113,2
2020-10-02,Yuba,115,1
2020-10-01,Alameda,001,2
2020-10-01,Alpine,003,4
2020-10-01,Amador,005,3
2020-10-01,Butte,007,2
2020-10-01,Calaveras,009,3
2020-10-01,Colusa,011,1
2020-10-01,Contra Costa,013,2
2020-10-01,Del Norte,015,3
2020-10-01,El Dorado,017,3
2020-10-01,Fresno,019,2
2020-10-01,Glenn,021,1
2020-10-01,Humboldt,023,3
2020-10-01,Imperial,025,1
2020-10-01,Inyo,027,2
2020-10-01,Kern,029,1
2020-10-01,Kings,031,1
2020-10-01,Lake,033,2
2020-10-01,Lassen,035,3
2020-10-01,Los Angeles,037,1
2020-10-01,Madera,039,1
2020-10-01,Marin,041,2
2020-10-01,Mariposa,043,4
2020-10-01,Mendocino,045,1
2020-10-01,Merced,047,1
2020-10-01,Modoc,049,4
2020-10-01,Mono,051,3
2020-10-01,Monterey,053,1
2020-10-01,Napa,055,2
2020-10-01,Nevada,057,3
2020-10-01,Orange,059,2
2020-10-01,Placer,061,2
2020-10-01,Plumas,063,3
2020-10-01,Riverside,065,2
2020-10-01,Sacramento,067,2
2020-10-01,San Benito,069,1
2020-10-01,San Bernardino,071,1
2020-10-01,San Diego,073,2
2020-10-01,San Francisco,075,3
2020-10-01,San Joaquin,077,2
2020-10-01,San Luis Obispo,079,2
2020-10-01,San Mateo,081,2
2020-10-01,Santa Barbara,083,2
2020-10-01,Santa Clara,085,2
2020-10-01,Santa Cruz,087,2
2020-10-01,Shasta,089,3
2020-10-01,Sierra,091,3
2020-10-01,Siskiyou,093,3
2020-10-01,Solano,095,2
2020-10-01,Sonoma,097,1
2020-10-01,Stanislaus,099,1
2020-10-01,Sutter,101,1
2020-10-01,Tehama,103,2
2020-10-01,Trinity,105,3
2020-10-01,Tulare,107,1
2020-10-01,Tuolumne,109,3
2020-10-01,Ventura,111,1
2020-10-01,Yolo,113,2
2020-10-01,Yuba,115,1
2020-09-30,Alameda,001,2
2020-09-30,Alpine,003,4
2020-09-30,Amador,005,3
2020-09-30,Butte,007,2
2020-09-30,Calaveras,009,3
2020-09-30,Colusa,011,1
2020-09-30,Contra Costa,013,2
2020-09-30,Del Norte,015,3
2020-09-30,El Dorado,017,3
2020-09-30,Fresno,019,2
2020-09-30,Glenn,021,1
2020-09-30,Humboldt,023,3
2020-09-30,Imperial,025,1
2020-09-30,Inyo,027,2
2020-09-30,Kern,029,1
2020-09-30,Kings,031,1
2020-09-30,Lake,033,2
2020-09-30,Lassen,035,3
2020-09-30,Los Angeles,037,1
2020-09-30,Madera,039,1
2020-09-30,Marin,041,2
2020-09-30,Mariposa,043,4
2020-09-30,Mendocino,045,1
2020-09-30,Merced,047,1
2020-09-30,Modoc,049,4
2020-09-30,Mono,051,3
2020-09-30,Monterey,053,1
2020-09-30,Napa,055,2
2020-09-30,Nevada,057,3
2020-09-30,Orange,059,2
2020-09-30,Placer,061,2
2020-09-30,Plumas,063,3
2020-09-30,Riverside,065,2
2020-09-30,Sacramento,067,2
2020-09-30,San Benito,069,1
2020-09-30,San Bernardino,071,1
2020-09-30,San Diego,073,2
2020-09-30,San Francisco,075,3
2020-09-30,San Joaquin,077,2
2020-09-30,San Luis Obispo,079,2
2020-09-30,San Mateo,081,2
2020-09-30,Santa Barbara,083,2
2020-09-30,Santa Clara,085,2
2020-09-30,Santa Cruz,087,2
2020-09-30,Shasta,089,3
2020-09-30,Sierra,091,3
2020-09-30,Siskiyou,093,3
2020-09-30,Solano,095,2
2020-09-30,Sonoma,097,1
2020-09-30,Stanislaus,099,1
2020-09-30,Sutter,101,1
2020-09-30,Tehama,103,2
2020-09-30,Trinity,105,3
2020-09-30,Tulare,107,1
2020-09-30,Tuolumne,109,3
2020-09-30,Ventura,111,1
2020-09-30,Yolo,113,2
2020-09-30,Yuba,115,1
2020-09-29,Alameda,001,2
2020-09-29,Alpine,003,4
2020-09-29,Amador,005,3
2020-09-29,Butte,007,2
2020-09-29,Calaveras,009,3
2020-09-29,Colusa,011,1
2020-09-29,Contra Costa,013,2
2020-09-29,Del Norte,015,3
2020-09-29,El Dorado,017,3
2020-09-29,Fresno,019,2
2020-09-29,Glenn,021,1
2020-09-29,Humboldt,023,3
2020-09-29,Imperial,025,1
2020-09-29,Inyo,027,2
2020-09-29,Kern,029,1
2020-09-29,Kings,031,1
2020-09-29,Lake,033,2
2020-09-29,Lassen,035,3
2020-09-29,Los Angeles,037,1
2020-09-29,Madera,039,1
2020-09-29,Marin,041,2
2020-09-29,Mariposa,043,4
2020-09-29,Mendocino,045,1
2020-09-29,Merced,047,1
2020-09-29,Modoc,049,4
2020-09-29,Mono,051,3
2020-09-29,Monterey,053,1
2020-09-29,Napa,055,2
2020-09-29,Nevada,057,3
2020-09-29,Orange,059,2
2020-09-29,Placer,061,2
2020-09-29,Plumas,063,3
2020-09-29,Riverside,065,2
2020-09-29,Sacramento,067,2
2020-09-29,San Benito,069,1
2020-09-29,San Bernardino,071,1
2020-09-29,San Diego,073,2
2020-09-29,San Francisco,075,3
2020-09-29,San Joaquin,077,2
2020-09-29,San Luis Obispo,079,2
2020-09-29,San Mateo,081,2
2020-09-29,Santa Barbara,083,2
2020-09-29,Santa Clara,085,2
2020-09-29,Santa Cruz,087,2
2020-09-29,Shasta,089,3
2020-09-29,Sierra,091,3
2020-09-29,Siskiyou,093,3
2020-09-29,Solano,095,2
2020-09-29,Sonoma,097,1
2020-09-29,Stanislaus,099,1
2020-09-29,Sutter,101,1
2020-09-29,Tehama,103,2
2020-09-29,Trinity,105,3
2020-09-29,Tulare,107,1
2020-09-29,Tuolumne,109,3
2020-09-29,Ventura,111,1
2020-09-29,Yolo,113,2
2020-09-29,Yuba,115,1
2020-09-28,Alameda,001,2
2020-09-28,Alpine,003,4
2020-09-28,Amador,005,2
2020-09-28,Butte,007,1
2020-09-28,Calaveras,009,2
2020-09-28,Colusa,011,1
2020-09-28,Contra Costa,013,1
2020-09-28,Del Norte,015,3
2020-09-28,El Dorado,017,3
2020-09-28,Fresno,019,1
2020-09-28,Glenn,021,1
2020-09-28,Humboldt,023,3
2020-09-28,Imperial,025,1
2020-09-28,Inyo,027,2
2020-09-28,Kern,029,1
2020-09-28,Kings,031,1
2020-09-28,Lake,033,2
2020-09-28,Lassen,035,3
2020-09-28,Los Angeles,037,1
2020-09-28,Madera,039,1
2020-09-28,Marin,041,2
2020-09-28,Mariposa,043,4
2020-09-28,Mendocino,045,1
2020-09-28,Merced,047,1
2020-09-28,Modoc,049,4
2020-09-28,Mono,051,3
2020-09-28,Monterey,053,1
2020-09-28,Napa,055,2
2020-09-28,Nevada,057,3
2020-09-28,Orange,059,2
2020-09-28,Placer,061,2
2020-09-28,Plumas,063,3
2020-09-28,Riverside,065,2
2020-09-28,Sacramento,067,1
2020-09-28,San Benito,069,1
2020-09-28,San Bernardino,071,1
2020-09-28,San Diego,073,2
2020-09-28,San Francisco,075,2
2020-09-28,San Joaquin,077,1
2020-09-28,San Luis Obispo,079,2
2020-09-28,San Mateo,081,2
2020-09-28,Santa Barbara,083,1
2020-09-28,Santa Clara,085,2
2020-09-28,Santa Cruz,087,2
2020-09-28,Shasta,089,3
2020-09-28,Sierra,091,3
2020-09-28,Siskiyou,093,3
2020-09-28,Solano,095,2
2020-09-28,Sonoma,097,1
2020-09-28,Stanislaus,099,1
2020-09-28,Sutter,101,1
2020-09-28,Tehama,103,2
2020-09-28,Trinity,105,3
2020-09-28,Tulare,107,1
2020-09-28,Tuolumne,109,3
2020-09-28,Ventura,111,1
2020-09-28,Yolo,113,1
2020-09-28,Yuba,115,1
2020-09-27,Alameda,001,2
2020-09-27,Alpine,003,4
2020-09-27,Amador,005,2
2020-09-27,Butte,007,1
2020-09-27,Calaveras,009,2
2020-09-27,Colusa,011,1
2020-09-27,Contra Costa,013,1
2020-09-27,Del Norte,015,3
2020-09-27,El Dorado,017,3
2020-09-27,Fresno,019,1
2020-09-27,Glenn,021,1
2020-09-27,Humboldt,023,3
2020-09-27,Imperial,025,1
2020-09-27,Inyo,027,2
2020-09-27,Kern,029,1
2020-09-27,Kings,031,1
2020-09-27,Lake,033,2
2020-09-27,Lassen,035,3
2020-09-27,Los Angeles,037,1
2020-09-27,Madera,039,1
2020-09-27,Marin,041,2
2020-09-27,Mariposa,043,4
2020-09-27,Mendocino,045,1
2020-09-27,Merced,047,1
2020-09-27,Modoc,049,4
2020-09-27,Mono,051,3
2020-09-27,Monterey,053,1
2020-09-27,Napa,055,2
2020-09-27,Nevada,057,3
2020-09-27,Orange,059,2
2020-09-27,Placer,061,2
2020-09-27,Plumas,063,3
2020-09-27,Riverside,065,2
2020-09-27,Sacramento,067,1
2020-09-27,San Benito,069,1
2020-09-27,San Bernardino,071,1
2020-09-27,San Diego,073,2
2020-09-27,San Francisco,075,2
2020-09-27,San Joaquin,077,1
2020-09-27,San Luis Obispo,079,2
2020-09-27,San Mateo,081,2
2020-09-27,Santa Barbara,083,1
2020-09-27,Santa Clara,085,2
2020-09-27,Santa Cruz,087,2
2020-09-27,Shasta,089,3
2020-09-27,Sierra,091,3
2020-09-27,Siskiyou,093,3
2020-09-27,Solano,095,2
2020-09-27,Sonoma,097,1
2020-09-27,Stanislaus,099,1
2020-09-27,Sutter,101,1
2020-09-27,Tehama,103,2
2020-09-27,Trinity,105,3
2020-09-27,Tulare,107,1
2020-09-27,Tuolumne,109,3
2020-09-27,Ventura,111,1
2020-09-27,Yolo,113,1
2020-09-27,Yuba,115,1
2020-09-26,Alameda,001,2
2020-09-26,Alpine,003,4
2020-09-26,Amador,005,2
2020-09-26,Butte,007,1
2020-09-26,Calaveras,009,2
2020-09-26,Colusa,011,1
2020-09-26,Contra Costa,013,1
2020-09-26,Del Norte,015,3
2020-09-26,El Dorado,017,3
2020-09-26,Fresno,019,1
2020-09-26,Glenn,021,1
2020-09-26,Humboldt,023,3
2020-09-26,Imperial,025,1
2020-09-26,Inyo,027,2
2020-09-26,Kern,029,1
2020-09-26,Kings,031,1
2020-09-26,Lake,033,2
2020-09-26,Lassen,035,3
2020-09-26,Los Angeles,037,1
2020-09-26,Madera,039,1
2020-09-26,Marin,041,2
2020-09-26,Mariposa,043,4
2020-09-26,Mendocino,045,1
2020-09-26,Merced,047,1
2020-09-26,Modoc,049,4
2020-09-26,Mono,051,3
2020-09-26,Monterey,053,1
2020-09-26,Napa,055,2
2020-09-26,Nevada,057,3
2020-09-26,Orange,059,2
2020-09-26,Placer,061,2
2020-09-26,Plumas,063,3
2020-09-26,Riverside,065,2
2020-09-26,Sacramento,067,1
2020-09-26,San Benito,069,1
2020-09-26,San Bernardino,071,1
2020-09-26,San Diego,073,2
2020-09-26,San Francisco,075,2
2020-09-26,San Joaquin,077,1
2020-09-26,San Luis Obispo,079,2
2020-09-26,San Mateo,081,2
2020-09-26,Santa Barbara,083,1
2020-09-26,Santa Clara,085,2
2020-09-26,Santa Cruz,087,2
2020-09-26,Shasta,089,3
2020-09-26,Sierra,091,3
2020-09-26,Siskiyou,093,3
2020-09-26,Solano,095,2
2020-09-26,Sonoma,097,1
2020-09-26,Stanislaus,099,1
2020-09-26,Sutter,101,1
2020-09-26,Tehama,103,2
2020-09-26,Trinity,105,3
2020-09-26,Tulare,107,1
2020-09-26,Tuolumne,109,3
2020-09-26,Ventura,111,1
2020-09-26,Yolo,113,1
2020-09-26,Yuba,115,1
2020-09-25,Alameda,001,2
2020-09-25,Alpine,003,4
2020-09-25,Amador,005,2
2020-09-25,Butte,007,1
2020-09-25,Calaveras,009,2
2020-09-25,Colusa,011,1
2020-09-25,Contra Costa,013,1
2020-09-25,Del Norte,015,3
2020-09-25,El Dorado,017,3
2020-09-25,Fresno,019,1
2020-09-25,Glenn,021,1
2020-09-25,Humboldt,023,3
2020-09-25,Imperial,025,1
2020-09-25,Inyo,027,2
2020-09-25,Kern,029,1
2020-09-25,Kings,031,1
2020-09-25,Lake,033,2
2020-09-25,Lassen,035,3
2020-09-25,Los Angeles,037,1
2020-09-25,Madera,039,1
2020-09-25,Marin,041,2
2020-09-25,Mariposa,043,4
2020-09-25,Mendocino,045,1
2020-09-25,Merced,047,1
2020-09-25,Modoc,049,4
2020-09-25,Mono,051,3
2020-09-25,Monterey,053,1
2020-09-25,Napa,055,2
2020-09-25,Nevada,057,3
2020-09-25,Orange,059,2
2020-09-25,Placer,061,2
2020-09-25,Plumas,063,3
2020-09-25,Riverside,065,2
2020-09-25,Sacramento,067,1
2020-09-25,San Benito,069,1
2020-09-25,San Bernardino,071,1
2020-09-25,San Diego,073,2
2020-09-25,San Francisco,075,2
2020-09-25,San Joaquin,077,1
2020-09-25,San Luis Obispo,079,2
2020-09-25,San Mateo,081,2
2020-09-25,Santa Barbara,083,1
2020-09-25,Santa Clara,085,2
2020-09-25,Santa Cruz,087,2
2020-09-25,Shasta,089,3
2020-09-25,Sierra,091,3
2020-09-25,Siskiyou,093,3
2020-09-25,Solano,095,2
2020-09-25,Sonoma,097,1
2020-09-25,Stanislaus,099,1
2020-09-25,Sutter,101,1
2020-09-25,Tehama,103,2
2020-09-25,Trinity,105,3
2020-09-25,Tulare,107,1
2020-09-25,Tuolumne,109,3
2020-09-25,Ventura,111,1
2020-09-25,Yolo,113,1
2020-09-25,Yuba,115,1
2020-09-24,Alameda,001,2
2020-09-24,Alpine,003,4
2020-09-24,Amador,005,2
2020-09-24,Butte,007,1
2020-09-24,Calaveras,009,2
2020-09-24,Colusa,011,1
2020-09-24,Contra Costa,013,1
2020-09-24,Del Norte,015,3
2020-09-24,El Dorado,017,3
2020-09-24,Fresno,019,1
2020-09-24,Glenn,021,1
2020-09-24,Humboldt,023,3
2020-09-24,Imperial,025,1
2020-09-24,Inyo,027,2
2020-09-24,Kern,029,1
2020-09-24,Kings,031,1
2020-09-24,Lake,033,2
2020-09-24,Lassen,035,3
2020-09-24,Los Angeles,037,1
2020-09-24,Madera,039,1
2020-09-24,Marin,041,2
2020-09-24,Mariposa,043,4
2020-09-24,Mendocino,045,1
2020-09-24,Merced,047,1
2020-09-24,Modoc,049,4
2020-09-24,Mono,051,3
2020-09-24,Monterey,053,1
2020-09-24,Napa,055,2
2020-09-24,Nevada,057,3
2020-09-24,Orange,059,2
2020-09-24,Placer,061,2
2020-09-24,Plumas,063,3
2020-09-24,Riverside,065,2
2020-09-24,Sacramento,067,1
2020-09-24,San Benito,069,1
2020-09-24,San Bernardino,071,1
2020-09-24,San Diego,073,2
2020-09-24,San Francisco,075,2
2020-09-24,San Joaquin,077,1
2020-09-24,San Luis Obispo,079,2
2020-09-24,San Mateo,081,2
2020-09-24,Santa Barbara,083,1
2020-09-24,Santa Clara,085,2
2020-09-24,Santa Cruz,087,2
2020-09-24,Shasta,089,3
2020-09-24,Sierra,091,2
2020-09-24,Siskiyou,093,3
2020-09-24,Solano,095,2
2020-09-24,Sonoma,097,1
2020-09-24,Stanislaus,099,1
2020-09-24,Sutter,101,1
2020-09-24,Tehama,103,2
2020-09-24,Trinity,105,3
2020-09-24,Tulare,107,1
2020-09-24,Tuolumne,109,3
2020-09-24,Ventura,111,1
2020-09-24,Yolo,113,1
2020-09-24,Yuba,115,1
2020-09-23,Alameda,001,2
2020-09-23,Alpine,003,4
2020-09-23,Amador,005,2
2020-09-23,Butte,007,1
2020-09-23,Calaveras,009,2
2020-09-23,Colusa,011,1
2020-09-23,Contra Costa,013,1
2020-09-23,Del Norte,015,3
2020-09-23,El Dorado,017,3
2020-09-23,Fresno,019,1
2020-09-23,Glenn,021,1
2020-09-23,Humboldt,023,3
2020-09-23,Imperial,025,1
2020-09-23,Inyo,027,2
2020-09-23,Kern,029,1
2020-09-23,Kings,031,1
2020-09-23,Lake,033,2
2020-09-23,Lassen,035,3
2020-09-23,Los Angeles,037,1
2020-09-23,Madera,039,1
2020-09-23,Marin,041,2
2020-09-23,Mariposa,043,4
2020-09-23,Mendocino,045,1
2020-09-23,Merced,047,1
2020-09-23,Modoc,049,4
2020-09-23,Mono,051,3
2020-09-23,Monterey,053,1
2020-09-23,Napa,055,2
2020-09-23,Nevada,057,3
2020-09-23,Orange,059,2
2020-09-23,Placer,061,2
2020-09-23,Plumas,063,3
2020-09-23,Riverside,065,2
2020-09-23,Sacramento,067,1
2020-09-23,San Benito,069,1
2020-09-23,San Bernardino,071,1
2020-09-23,San Diego,073,2
2020-09-23,San Francisco,075,2
2020-09-23,San Joaquin,077,1
2020-09-23,San Luis Obispo,079,2
2020-09-23,San Mateo,081,2
2020-09-23,Santa Barbara,083,1
2020-09-23,Santa Clara,085,2
2020-09-23,Santa Cruz,087,2
2020-09-23,Shasta,089,3
2020-09-23,Sierra,091,2
2020-09-23,Siskiyou,093,3
2020-09-23,Solano,095,2
2020-09-23,Sonoma,097,1
2020-09-23,Stanislaus,099,1
2020-09-23,Sutter,101,1
2020-09-23,Tehama,103,2
2020-09-23,Trinity,105,3
2020-09-23,Tulare,107,1
2020-09-23,Tuolumne,109,3
2020-09-23,Ventura,111,1
2020-09-23,Yolo,113,1
2020-09-23,Yuba,115,1
2020-09-22,Alameda,001,2
2020-09-22,Alpine,003,4
2020-09-22,Amador,005,2
2020-09-22,Butte,007,1
2020-09-22,Calaveras,009,2
2020-09-22,Colusa,011,1
2020-09-22,Contra Costa,013,1
2020-09-22,Del Norte,015,3
2020-09-22,El Dorado,017,3
2020-09-22,Fresno,019,1
2020-09-22,Glenn,021,1
2020-09-22,Humboldt,023,3
2020-09-22,Imperial,025,1
2020-09-22,Inyo,027,2
2020-09-22,Kern,029,1
2020-09-22,Kings,031,1
2020-09-22,Lake,033,2
2020-09-22,Lassen,035,3
2020-09-22,Los Angeles,037,1
2020-09-22,Madera,039,1
2020-09-22,Marin,041,2
2020-09-22,Mariposa,043,4
2020-09-22,Mendocino,045,1
2020-09-22,Merced,047,1
2020-09-22,Modoc,049,4
2020-09-22,Mono,051,3
2020-09-22,Monterey,053,1
2020-09-22,Napa,055,2
2020-09-22,Nevada,057,3
2020-09-22,Orange,059,2
2020-09-22,Placer,061,2
2020-09-22,Plumas,063,3
2020-09-22,Riverside,065,2
2020-09-22,Sacramento,067,1
2020-09-22,San Benito,069,1
2020-09-22,San Bernardino,071,1
2020-09-22,San Diego,073,2
2020-09-22,San Francisco,075,2
2020-09-22,San Joaquin,077,1
2020-09-22,San Luis Obispo,079,2
2020-09-22,San Mateo,081,2
2020-09-22,Santa Barbara,083,1
2020-09-22,Santa Clara,085,2
2020-09-22,Santa Cruz,087,2
2020-09-22,Shasta,089,3
2020-09-22,Sierra,091,2
2020-09-22,Siskiyou,093,3
2020-09-22,Solano,095,2
2020-09-22,Sonoma,097,1
2020-09-22,Stanislaus,099,1
2020-09-22,Sutter,101,1
2020-09-22,Tehama,103,2
2020-09-22,Trinity,105,3
2020-09-22,Tulare,107,1
2020-09-22,Tuolumne,109,3
2020-09-22,Ventura,111,1
2020-09-22,Yolo,113,1
2020-09-22,Yuba,115,1
2020-09-21,Alameda,001,1
2020-09-21,Alpine,003,4
2020-09-21,Amador,005,2
2020-09-21,Butte,007,1
2020-09-21,Calaveras,009,2
2020-09-21,Colusa,011,1
2020-09-21,Contra Costa,013,1
2020-09-21,Del Norte,015,3
2020-09-21,El Dorado,017,2
2020-09-21,Fresno,019,1
2020-09-21,Glenn,021,1
2020-09-21,Humboldt,023,3
2020-09-21,Imperial,025,1
2020-09-21,Inyo,027,2
2020-09-21,Kern,029,1
2020-09-21,Kings,031,1
2020-09-21,Lake,033,2
2020-09-21,Lassen,035,2
2020-09-21,Los Angeles,037,1
2020-09-21,Madera,039,1
2020-09-21,Marin,041,2
2020-09-21,Mariposa,043,3
2020-09-21,Mendocino,045,1
2020-09-21,Merced,047,1
2020-09-21,Modoc,049,4
2020-09-21,Mono,051,3
2020-09-21,Monterey,053,1
2020-09-21,Napa,055,2
2020-09-21,Nevada,057,2
2020-09-21,Orange,059,2
2020-09-21,Placer,061,2
2020-09-21,Plumas,063,3
2020-09-21,Riverside,065,1
2020-09-21,Sacramento,067,1
2020-09-21,San Benito,069,1
2020-09-21,San Bernardino,071,1
2020-09-21,San Diego,073,2
2020-09-21,San Francisco,075,2
2020-09-21,San Joaquin,077,1
2020-09-21,San Luis Obispo,079,1
2020-09-21,San Mateo,081,1
2020-09-21,Santa Barbara,083,1
2020-09-21,Santa Clara,085,2
2020-09-21,Santa Cruz,087,2
2020-09-21,Shasta,089,3
2020-09-21,Sierra,091,2
2020-09-21,Siskiyou,093,3
2020-09-21,Solano,095,1
2020-09-21,Sonoma,097,1
2020-09-21,Stanislaus,099,1
2020-09-21,Sutter,101,1
2020-09-21,Tehama,103,2
2020-09-21,Trinity,105,3
2020-09-21,Tulare,107,1
2020-09-21,Tuolumne,109,3
2020-09-21,Ventura,111,1
2020-09-21,Yolo,113,1
2020-09-21,Yuba,115,1
2020-09-20,Alameda,001,1
2020-09-20,Alpine,003,4
2020-09-20,Amador,005,2
2020-09-20,Butte,007,1
2020-09-20,Calaveras,009,2
2020-09-20,Colusa,011,1
2020-09-20,Contra Costa,013,1
2020-09-20,Del Norte,015,3
2020-09-20,El Dorado,017,2
2020-09-20,Fresno,019,1
2020-09-20,Glenn,021,1
2020-09-20,Humboldt,023,3
2020-09-20,Imperial,025,1
2020-09-20,Inyo,027,2
2020-09-20,Kern,029,1
2020-09-20,Kings,031,1
2020-09-20,Lake,033,2
2020-09-20,Lassen,035,2
2020-09-20,Los Angeles,037,1
2020-09-20,Madera,039,1
2020-09-20,Marin,041,2
2020-09-20,Mariposa,043,3
2020-09-20,Mendocino,045,1
2020-09-20,Merced,047,1
2020-09-20,Modoc,049,4
2020-09-20,Mono,051,3
2020-09-20,Monterey,053,1
2020-09-20,Napa,055,2
2020-09-20,Nevada,057,2
2020-09-20,Orange,059,2
2020-09-20,Placer,061,2
2020-09-20,Plumas,063,3
2020-09-20,Riverside,065,1
2020-09-20,Sacramento,067,1
2020-09-20,San Benito,069,1
2020-09-20,San Bernardino,071,1
2020-09-20,San Diego,073,2
2020-09-20,San Francisco,075,2
2020-09-20,San Joaquin,077,1
2020-09-20,San Luis Obispo,079,1
2020-09-20,San Mateo,081,1
2020-09-20,Santa Barbara,083,1
2020-09-20,Santa Clara,085,2
2020-09-20,Santa Cruz,087,2
2020-09-20,Shasta,089,3
2020-09-20,Sierra,091,2
2020-09-20,Siskiyou,093,3
2020-09-20,Solano,095,1
2020-09-20,Sonoma,097,1
2020-09-20,Stanislaus,099,1
2020-09-20,Sutter,101,1
2020-09-20,Tehama,103,2
2020-09-20,Trinity,105,3
2020-09-20,Tulare,107,1
2020-09-20,Tuolumne,109,3
2020-09-20,Ventura,111,1
2020-09-20,Yolo,113,1
2020-09-20,Yuba,115,1
2020-09-19,Alameda,001,1
2020-09-19,Alpine,003,4
2020-09-19,Amador,005,2
2020-09-19,Butte,007,1
2020-09-19,Calaveras,009,2
2020-09-19,Colusa,011,1
2020-09-19,Contra Costa,013,1
2020-09-19,Del Norte,015,3
2020-09-19,El Dorado,017,2
2020-09-19,Fresno,019,1
2020-09-19,Glenn,021,1
2020-09-19,Humboldt,023,3
2020-09-19,Imperial,025,1
2020-09-19,Inyo,027,2
2020-09-19,Kern,029,1
2020-09-19,Kings,031,1
2020-09-19,Lake,033,2
2020-09-19,Lassen,035,2
2020-09-19,Los Angeles,037,1
2020-09-19,Madera,039,1
2020-09-19,Marin,041,2
2020-09-19,Mariposa,043,3
2020-09-19,Mendocino,045,1
2020-09-19,Merced,047,1
2020-09-19,Modoc,049,4
2020-09-19,Mono,051,3
2020-09-19,Monterey,053,1
2020-09-19,Napa,055,2
2020-09-19,Nevada,057,2
2020-09-19,Orange,059,2
2020-09-19,Placer,061,2
2020-09-19,Plumas,063,3
2020-09-19,Riverside,065,1
2020-09-19,Sacramento,067,1
2020-09-19,San Benito,069,1
2020-09-19,San Bernardino,071,1
2020-09-19,San Diego,073,2
2020-09-19,San Francisco,075,2
2020-09-19,San Joaquin,077,1
2020-09-19,San Luis Obispo,079,1
2020-09-19,San Mateo,081,1
2020-09-19,Santa Barbara,083,1
2020-09-19,Santa Clara,085,2
2020-09-19,Santa Cruz,087,2
2020-09-19,Shasta,089,3
2020-09-19,Sierra,091,2
2020-09-19,Siskiyou,093,3
2020-09-19,Solano,095,1
2020-09-19,Sonoma,097,1
2020-09-19,Stanislaus,099,1
2020-09-19,Sutter,101,1
2020-09-19,Tehama,103,2
2020-09-19,Trinity,105,3
2020-09-19,Tulare,107,1
2020-09-19,Tuolumne,109,3
2020-09-19,Ventura,111,1
2020-09-19,Yolo,113,1
2020-09-19,Yuba,115,1
2020-09-18,Alameda,001,1
2020-09-18,Alpine,003,4
2020-09-18,Amador,005,2
2020-09-18,Butte,007,1
2020-09-18,Calaveras,009,2
2020-09-18,Colusa,011,1
2020-09-18,Contra Costa,013,1
2020-09-18,Del Norte,015,3
2020-09-18,El Dorado,017,2
2020-09-18,Fresno,019,1
2020-09-18,Glenn,021,1
2020-09-18,Humboldt,023,3
2020-09-18,Imperial,025,1
2020-09-18,Inyo,027,2
2020-09-18,Kern,029,1
2020-09-18,Kings,031,1
2020-09-18,Lake,033,2
2020-09-18,Lassen,035,2
2020-09-18,Los Angeles,037,1
2020-09-18,Madera,039,1
2020-09-18,Marin,041,2
2020-09-18,Mariposa,043,3
2020-09-18,Mendocino,045,1
2020-09-18,Merced,047,1
2020-09-18,Modoc,049,4
2020-09-18,Mono,051,3
2020-09-18,Monterey,053,1
2020-09-18,Napa,055,2
2020-09-18,Nevada,057,2
2020-09-18,Orange,059,2
2020-09-18,Placer,061,2
2020-09-18,Plumas,063,3
2020-09-18,Riverside,065,1
2020-09-18,Sacramento,067,1
2020-09-18,San Benito,069,1
2020-09-18,San Bernardino,071,1
2020-09-18,San Diego,073,2
2020-09-18,San Francisco,075,2
2020-09-18,San Joaquin,077,1
2020-09-18,San Luis Obispo,079,1
2020-09-18,San Mateo,081,1
2020-09-18,Santa Barbara,083,1
2020-09-18,Santa Clara,085,2
2020-09-18,Santa Cruz,087,2
2020-09-18,Shasta,089,3
2020-09-18,Sierra,091,2
2020-09-18,Siskiyou,093,3
2020-09-18,Solano,095,1
2020-09-18,Sonoma,097,1
2020-09-18,Stanislaus,099,1
2020-09-18,Sutter,101,1
2020-09-18,Tehama,103,2
2020-09-18,Trinity,105,3
2020-09-18,Tulare,107,1
2020-09-18,Tuolumne,109,3
2020-09-18,Ventura,111,1
2020-09-18,Yolo,113,1
2020-09-18,Yuba,115,1
2020-09-17,Alameda,001,1
2020-09-17,Alpine,003,4
2020-09-17,Amador,005,2
2020-09-17,Butte,007,1
2020-09-17,Calaveras,009,2
2020-09-17,Colusa,011,1
2020-09-17,Contra Costa,013,1
2020-09-17,Del Norte,015,3
2020-09-17,El Dorado,017,2
2020-09-17,Fresno,019,1
2020-09-17,Glenn,021,1
2020-09-17,Humboldt,023,3
2020-09-17,Imperial,025,1
2020-09-17,Inyo,027,2
2020-09-17,Kern,029,1
2020-09-17,Kings,031,1
2020-09-17,Lake,033,2
2020-09-17,Lassen,035,2
2020-09-17,Los Angeles,037,1
2020-09-17,Madera,039,1
2020-09-17,Marin,041,2
2020-09-17,Mariposa,043,3
2020-09-17,Mendocino,045,1
2020-09-17,Merced,047,1
2020-09-17,Modoc,049,4
2020-09-17,Mono,051,3
2020-09-17,Monterey,053,1
2020-09-17,Napa,055,2
2020-09-17,Nevada,057,2
2020-09-17,Orange,059,2
2020-09-17,Placer,061,2
2020-09-17,Plumas,063,3
2020-09-17,Riverside,065,1
2020-09-17,Sacramento,067,1
2020-09-17,San Benito,069,1
2020-09-17,San Bernardino,071,1
2020-09-17,San Diego,073,2
2020-09-17,San Francisco,075,2
2020-09-17,San Joaquin,077,1
2020-09-17,San Luis Obispo,079,1
2020-09-17,San Mateo,081,1
2020-09-17,Santa Barbara,083,1
2020-09-17,Santa Clara,085,2
2020-09-17,Santa Cruz,087,2
2020-09-17,Shasta,089,3
2020-09-17,Sierra,091,2
2020-09-17,Siskiyou,093,3
2020-09-17,Solano,095,1
2020-09-17,Sonoma,097,1
2020-09-17,Stanislaus,099,1
2020-09-17,Sutter,101,1
2020-09-17,Tehama,103,2
2020-09-17,Trinity,105,3
2020-09-17,Tulare,107,1
2020-09-17,Tuolumne,109,3
2020-09-17,Ventura,111,1
2020-09-17,Yolo,113,1
2020-09-17,Yuba,115,1
2020-09-16,Alameda,001,1
2020-09-16,Alpine,003,4
2020-09-16,Amador,005,2
2020-09-16,Butte,007,1
2020-09-16,Calaveras,009,2
2020-09-16,Colusa,011,1
2020-09-16,Contra Costa,013,1
2020-09-16,Del Norte,015,3
2020-09-16,El Dorado,017,2
2020-09-16,Fresno,019,1
2020-09-16,Glenn,021,1
2020-09-16,Humboldt,023,3
2020-09-16,Imperial,025,1
2020-09-16,Inyo,027,2
2020-09-16,Kern,029,1
2020-09-16,Kings,031,1
2020-09-16,Lake,033,2
2020-09-16,Lassen,035,2
2020-09-16,Los Angeles,037,1
2020-09-16,Madera,039,1
2020-09-16,Marin,041,2
2020-09-16,Mariposa,043,3
2020-09-16,Mendocino,045,1
2020-09-16,Merced,047,1
2020-09-16,Modoc,049,4
2020-09-16,Mono,051,3
2020-09-16,Monterey,053,1
2020-09-16,Napa,055,2
2020-09-16,Nevada,057,2
2020-09-16,Orange,059,2
2020-09-16,Placer,061,2
2020-09-16,Plumas,063,3
2020-09-16,Riverside,065,1
2020-09-16,Sacramento,067,1
2020-09-16,San Benito,069,1
2020-09-16,San Bernardino,071,1
2020-09-16,San Diego,073,2
2020-09-16,San Francisco,075,2
2020-09-16,San Joaquin,077,1
2020-09-16,San Luis Obispo,079,1
2020-09-16,San Mateo,081,1
2020-09-16,Santa Barbara,083,1
2020-09-16,Santa Clara,085,2
2020-09-16,Santa Cruz,087,2
2020-09-16,Shasta,089,3
2020-09-16,Sierra,091,2
2020-09-16,Siskiyou,093,3
2020-09-16,Solano,095,1
2020-09-16,Sonoma,097,1
2020-09-16,Stanislaus,099,1
2020-09-16,Sutter,101,1
2020-09-16,Tehama,103,2
2020-09-16,Trinity,105,3
2020-09-16,Tulare,107,1
2020-09-16,Tuolumne,109,3
2020-09-16,Ventura,111,1
2020-09-16,Yolo,113,1
2020-09-16,Yuba,115,1
2020-09-15,Alameda,001,1
2020-09-15,Alpine,003,4
2020-09-15,Amador,005,2
2020-09-15,Butte,007,1
2020-09-15,Calaveras,009,2
2020-09-15,Colusa,011,1
2020-09-15,Contra Costa,013,1
2020-09-15,Del Norte,015,3
2020-09-15,El Dorado,017,2
2020-09-15,Fresno,019,1
2020-09-15,Glenn,021,1
2020-09-15,Humboldt,023,3
2020-09-15,Imperial,025,1
2020-09-15,Inyo,027,2
2020-09-15,Kern,029,1
2020-09-15,Kings,031,1
2020-09-15,Lake,033,2
2020-09-15,Lassen,035,2
2020-09-15,Los Angeles,037,1
2020-09-15,Madera,039,1
2020-09-15,Marin,041,2
2020-09-15,Mariposa,043,3
2020-09-15,Mendocino,045,1
2020-09-15,Merced,047,1
2020-09-15,Modoc,049,4
2020-09-15,Mono,051,3
2020-09-15,Monterey,053,1
2020-09-15,Napa,055,2
2020-09-15,Nevada,057,2
2020-09-15,Orange,059,2
2020-09-15,Placer,061,2
2020-09-15,Plumas,063,3
2020-09-15,Riverside,065,1
2020-09-15,Sacramento,067,1
2020-09-15,San Benito,069,1
2020-09-15,San Bernardino,071,1
2020-09-15,San Diego,073,2
2020-09-15,San Francisco,075,2
2020-09-15,San Joaquin,077,1
2020-09-15,San Luis Obispo,079,1
2020-09-15,San Mateo,081,1
2020-09-15,Santa Barbara,083,1
2020-09-15,Santa Clara,085,2
2020-09-15,Santa Cruz,087,2
2020-09-15,Shasta,089,3
2020-09-15,Sierra,091,2
2020-09-15,Siskiyou,093,3
2020-09-15,Solano,095,1
2020-09-15,Sonoma,097,1
2020-09-15,Stanislaus,099,1
2020-09-15,Sutter,101,1
2020-09-15,Tehama,103,2
2020-09-15,Trinity,105,3
2020-09-15,Tulare,107,1
2020-09-15,Tuolumne,109,3
2020-09-15,Ventura,111,1
2020-09-15,Yolo,113,1
2020-09-15,Yuba,115,1
2020-09-14,Alameda,001,1
2020-09-14,Alpine,003,4
2020-09-14,Amador,005,2
2020-09-14,Butte,007,1
2020-09-14,Calaveras,009,2
2020-09-14,Colusa,011,1
2020-09-14,Contra Costa,013,1
2020-09-14,Del Norte,015,3
2020-09-14,El Dorado,017,2
2020-09-14,Fresno,019,1
2020-09-14,Glenn,021,1
2020-09-14,Humboldt,023,3
2020-09-14,Imperial,025,1
2020-09-14,Inyo,027,1
2020-09-14,Kern,029,1
2020-09-14,Kings,031,1
2020-09-14,Lake,033,2
2020-09-14,Lassen,035,2
2020-09-14,Los Angeles,037,1
2020-09-14,Madera,039,1
2020-09-14,Marin,041,1
2020-09-14,Mariposa,043,3
2020-09-14,Mendocino,045,1
2020-09-14,Merced,047,1
2020-09-14,Modoc,049,4
2020-09-14,Mono,051,3
2020-09-14,Monterey,053,1
2020-09-14,Napa,055,2
2020-09-14,Nevada,057,2
2020-09-14,Orange,059,2
2020-09-14,Placer,061,2
2020-09-14,Plumas,063,3
2020-09-14,Riverside,065,1
2020-09-14,Sacramento,067,1
2020-09-14,San Benito,069,1
2020-09-14,San Bernardino,071,1
2020-09-14,San Diego,073,2
2020-09-14,San Francisco,075,2
2020-09-14,San Joaquin,077,1
2020-09-14,San Luis Obispo,079,1
2020-09-14,San Mateo,081,1
2020-09-14,Santa Barbara,083,1
2020-09-14,Santa Clara,085,2
2020-09-14,Santa Cruz,087,2
2020-09-14,Shasta,089,3
2020-09-14,Sierra,091,2
2020-09-14,Siskiyou,093,3
2020-09-14,Solano,095,1
2020-09-14,Sonoma,097,1
2020-09-14,Stanislaus,099,1
2020-09-14,Sutter,101,1
2020-09-14,Tehama,103,1
2020-09-14,Trinity,105,3
2020-09-14,Tulare,107,1
2020-09-14,Tuolumne,109,3
2020-09-14,Ventura,111,1
2020-09-14,Yolo,113,1
2020-09-14,Yuba,115,1
2020-09-13,Alameda,001,1
2020-09-13,Alpine,003,4
2020-09-13,Amador,005,2
2020-09-13,Butte,007,1
2020-09-13,Calaveras,009,2
2020-09-13,Colusa,011,1
2020-09-13,Contra Costa,013,1
2020-09-13,Del Norte,015,3
2020-09-13,El Dorado,017,2
2020-09-13,Fresno,019,1
2020-09-13,Glenn,021,1
2020-09-13,Humboldt,023,3
2020-09-13,Imperial,025,1
2020-09-13,Inyo,027,1
2020-09-13,Kern,029,1
2020-09-13,Kings,031,1
2020-09-13,Lake,033,2
2020-09-13,Lassen,035,2
2020-09-13,Los Angeles,037,1
2020-09-13,Madera,039,1
2020-09-13,Marin,041,1
2020-09-13,Mariposa,043,3
2020-09-13,Mendocino,045,1
2020-09-13,Merced,047,1
2020-09-13,Modoc,049,4
2020-09-13,Mono,051,3
2020-09-13,Monterey,053,1
2020-09-13,Napa,055,2
2020-09-13,Nevada,057,2
2020-09-13,Orange,059,2
2020-09-13,Placer,061,2
2020-09-13,Plumas,063,3
2020-09-13,Riverside,065,1
2020-09-13,Sacramento,067,1
2020-09-13,San Benito,069,1
2020-09-13,San Bernardino,071,1
2020-09-13,San Diego,073,2
2020-09-13,San Francisco,075,2
2020-09-13,San Joaquin,077,1
2020-09-13,San Luis Obispo,079,1
2020-09-13,San Mateo,081,1
2020-09-13,Santa Barbara,083,1
2020-09-13,Santa Clara,085,2
2020-09-13,Santa Cruz,087,2
2020-09-13,Shasta,089,3
2020-09-13,Sierra,091,2
2020-09-13,Siskiyou,093,3
2020-09-13,Solano,095,1
2020-09-13,Sonoma,097,1
2020-09-13,Stanislaus,099,1
2020-09-13,Sutter,101,1
2020-09-13,Tehama,103,1
2020-09-13,Trinity,105,3
2020-09-13,Tulare,107,1
2020-09-13,Tuolumne,109,3
2020-09-13,Ventura,111,1
2020-09-13,Yolo,113,1
2020-09-13,Yuba,115,1
2020-09-12,Alameda,001,1
2020-09-12,Alpine,003,4
2020-09-12,Amador,005,2
2020-09-12,Butte,007,1
2020-09-12,Calaveras,009,2
2020-09-12,Colusa,011,1
2020-09-12,Contra Costa,013,1
2020-09-12,Del Norte,015,3
2020-09-12,El Dorado,017,2
2020-09-12,Fresno,019,1
2020-09-12,Glenn,021,1
2020-09-12,Humboldt,023,3
2020-09-12,Imperial,025,1
2020-09-12,Inyo,027,1
2020-09-12,Kern,029,1
2020-09-12,Kings,031,1
2020-09-12,Lake,033,2
2020-09-12,Lassen,035,2
2020-09-12,Los Angeles,037,1
2020-09-12,Madera,039,1
2020-09-12,Marin,041,1
2020-09-12,Mariposa,043,3
2020-09-12,Mendocino,045,1
2020-09-12,Merced,047,1
2020-09-12,Modoc,049,4
2020-09-12,Mono,051,3
2020-09-12,Monterey,053,1
2020-09-12,Napa,055,2
2020-09-12,Nevada,057,2
2020-09-12,Orange,059,2
2020-09-12,Placer,061,2
2020-09-12,Plumas,063,3
2020-09-12,Riverside,065,1
2020-09-12,Sacramento,067,1
2020-09-12,San Benito,069,1
2020-09-12,San Bernardino,071,1
2020-09-12,San Diego,073,2
2020-09-12,San Francisco,075,2
2020-09-12,San Joaquin,077,1
2020-09-12,San Luis Obispo,079,1
2020-09-12,San Mateo,081,1
2020-09-12,Santa Barbara,083,1
2020-09-12,Santa Clara,085,2
2020-09-12,Santa Cruz,087,2
2020-09-12,Shasta,089,3
2020-09-12,Sierra,091,2
2020-09-12,Siskiyou,093,3
2020-09-12,Solano,095,1
2020-09-12,Sonoma,097,1
2020-09-12,Stanislaus,099,1
2020-09-12,Sutter,101,1
2020-09-12,Tehama,103,1
2020-09-12,Trinity,105,3
2020-09-12,Tulare,107,1
2020-09-12,Tuolumne,109,3
2020-09-12,Ventura,111,1
2020-09-12,Yolo,113,1
2020-09-12,Yuba,115,1
2020-09-11,Alameda,001,1
2020-09-11,Alpine,003,4
2020-09-11,Amador,005,2
2020-09-11,Butte,007,1
2020-09-11,Calaveras,009,2
2020-09-11,Colusa,011,1
2020-09-11,Contra Costa,013,1
2020-09-11,Del Norte,015,3
2020-09-11,El Dorado,017,2
2020-09-11,Fresno,019,1
2020-09-11,Glenn,021,1
2020-09-11,Humboldt,023,3
2020-09-11,Imperial,025,1
2020-09-11,Inyo,027,1
2020-09-11,Kern,029,1
2020-09-11,Kings,031,1
2020-09-11,Lake,033,2
2020-09-11,Lassen,035,2
2020-09-11,Los Angeles,037,1
2020-09-11,Madera,039,1
2020-09-11,Marin,041,1
2020-09-11,Mariposa,043,3
2020-09-11,Mendocino,045,1
2020-09-11,Merced,047,1
2020-09-11,Modoc,049,4
2020-09-11,Mono,051,3
2020-09-11,Monterey,053,1
2020-09-11,Napa,055,2
2020-09-11,Nevada,057,2
2020-09-11,Orange,059,2
2020-09-11,Placer,061,2
2020-09-11,Plumas,063,3
2020-09-11,Riverside,065,1
2020-09-11,Sacramento,067,1
2020-09-11,San Benito,069,1
2020-09-11,San Bernardino,071,1
2020-09-11,San Diego,073,2
2020-09-11,San Francisco,075,2
2020-09-11,San Joaquin,077,1
2020-09-11,San Luis Obispo,079,1
2020-09-11,San Mateo,081,1
2020-09-11,Santa Barbara,083,1
2020-09-11,Santa Clara,085,2
2020-09-11,Santa Cruz,087,2
2020-09-11,Shasta,089,3
2020-09-11,Sierra,091,2
2020-09-11,Siskiyou,093,3
2020-09-11,Solano,095,1
2020-09-11,Sonoma,097,1
2020-09-11,Stanislaus,099,1
2020-09-11,Sutter,101,1
2020-09-11,Tehama,103,1
2020-09-11,Trinity,105,3
2020-09-11,Tulare,107,1
2020-09-11,Tuolumne,109,3
2020-09-11,Ventura,111,1
2020-09-11,Yolo,113,1
2020-09-11,Yuba,115,1
2020-09-10,Alameda,001,1
2020-09-10,Alpine,003,4
2020-09-10,Amador,005,2
2020-09-10,Butte,007,1
2020-09-10,Calaveras,009,2
2020-09-10,Colusa,011,1
2020-09-10,Contra Costa,013,1
2020-09-10,Del Norte,015,3
2020-09-10,El Dorado,017,2
2020-09-10,Fresno,019,1
2020-09-10,Glenn,021,1
2020-09-10,Humboldt,023,3
2020-09-10,Imperial,025,1
2020-09-10,Inyo,027,1
2020-09-10,Kern,029,1
2020-09-10,Kings,031,1
2020-09-10,Lake,033,2
2020-09-10,Lassen,035,2
2020-09-10,Los Angeles,037,1
2020-09-10,Madera,039,1
2020-09-10,Marin,041,1
2020-09-10,Mariposa,043,3
2020-09-10,Mendocino,045,1
2020-09-10,Merced,047,1
2020-09-10,Modoc,049,4
2020-09-10,Mono,051,3
2020-09-10,Monterey,053,1
2020-09-10,Napa,055,2
2020-09-10,Nevada,057,2
2020-09-10,Orange,059,2
2020-09-10,Placer,061,2
2020-09-10,Plumas,063,3
2020-09-10,Riverside,065,1
2020-09-10,Sacramento,067,1
2020-09-10,San Benito,069,1
2020-09-10,San Bernardino,071,1
2020-09-10,San Diego,073,2
2020-09-10,San Francisco,075,2
2020-09-10,San Joaquin,077,1
2020-09-10,San Luis Obispo,079,1
2020-09-10,San Mateo,081,1
2020-09-10,Santa Barbara,083,1
2020-09-10,Santa Clara,085,2
2020-09-10,Santa Cruz,087,2
2020-09-10,Shasta,089,3
2020-09-10,Sierra,091,2
2020-09-10,Siskiyou,093,3
2020-09-10,Solano,095,1
2020-09-10,Sonoma,097,1
2020-09-10,Stanislaus,099,1
2020-09-10,Sutter,101,1
2020-09-10,Tehama,103,1
2020-09-10,Trinity,105,3
2020-09-10,Tulare,107,1
2020-09-10,Tuolumne,109,3
2020-09-10,Ventura,111,1
2020-09-10,Yolo,113,1
2020-09-10,Yuba,115,1
2020-09-09,Alameda,001,1
2020-09-09,Alpine,003,4
2020-09-09,Amador,005,2
2020-09-09,Butte,007,1
2020-09-09,Calaveras,009,2
2020-09-09,Colusa,011,1
2020-09-09,Contra Costa,013,1
2020-09-09,Del Norte,015,3
2020-09-09,El Dorado,017,2
2020-09-09,Fresno,019,1
2020-09-09,Glenn,021,1
2020-09-09,Humboldt,023,3
2020-09-09,Imperial,025,1
2020-09-09,Inyo,027,1
2020-09-09,Kern,029,1
2020-09-09,Kings,031,1
2020-09-09,Lake,033,2
2020-09-09,Lassen,035,2
2020-09-09,Los Angeles,037,1
2020-09-09,Madera,039,1
2020-09-09,Marin,041,1
2020-09-09,Mariposa,043,3
2020-09-09,Mendocino,045,1
2020-09-09,Merced,047,1
2020-09-09,Modoc,049,4
2020-09-09,Mono,051,3
2020-09-09,Monterey,053,1
2020-09-09,Napa,055,2
2020-09-09,Nevada,057,2
2020-09-09,Orange,059,2
2020-09-09,Placer,061,2
2020-09-09,Plumas,063,3
2020-09-09,Riverside,065,1
2020-09-09,Sacramento,067,1
2020-09-09,San Benito,069,1
2020-09-09,San Bernardino,071,1
2020-09-09,San Diego,073,2
2020-09-09,San Francisco,075,2
2020-09-09,San Joaquin,077,1
2020-09-09,San Luis Obispo,079,1
2020-09-09,San Mateo,081,1
2020-09-09,Santa Barbara,083,1
2020-09-09,Santa Clara,085,2
2020-09-09,Santa Cruz,087,2
2020-09-09,Shasta,089,3
2020-09-09,Sierra,091,2
2020-09-09,Siskiyou,093,3
2020-09-09,Solano,095,1
2020-09-09,Sonoma,097,1
2020-09-09,Stanislaus,099,1
2020-09-09,Sutter,101,1
2020-09-09,Tehama,103,1
2020-09-09,Trinity,105,3
2020-09-09,Tulare,107,1
2020-09-09,Tuolumne,109,3
2020-09-09,Ventura,111,1
2020-09-09,Yolo,113,1
2020-09-09,Yuba,115,1
2020-09-08,Alameda,001,1
2020-09-08,Alpine,003,4
2020-09-08,Amador,005,2
2020-09-08,Butte,007,1
2020-09-08,Calaveras,009,2
2020-09-08,Colusa,011,1
2020-09-08,Contra Costa,013,1
2020-09-08,Del Norte,015,3
2020-09-08,El Dorado,017,2
2020-09-08,Fresno,019,1
2020-09-08,Glenn,021,1
2020-09-08,Humboldt,023,3
2020-09-08,Imperial,025,1
2020-09-08,Inyo,027,1
2020-09-08,Kern,029,1
2020-09-08,Kings,031,1
2020-09-08,Lake,033,2
2020-09-08,Lassen,035,2
2020-09-08,Los Angeles,037,1
2020-09-08,Madera,039,1
2020-09-08,Marin,041,1
2020-09-08,Mariposa,043,3
2020-09-08,Mendocino,045,1
2020-09-08,Merced,047,1
2020-09-08,Modoc,049,4
2020-09-08,Mono,051,3
2020-09-08,Monterey,053,1
2020-09-08,Napa,055,2
2020-09-08,Nevada,057,2
2020-09-08,Orange,059,2
2020-09-08,Placer,061,2
2020-09-08,Plumas,063,3
2020-09-08,Riverside,065,1
2020-09-08,Sacramento,067,1
2020-09-08,San Benito,069,1
2020-09-08,San Bernardino,071,1
2020-09-08,San Diego,073,2
2020-09-08,San Francisco,075,2
2020-09-08,San Joaquin,077,1
2020-09-08,San Luis Obispo,079,1
2020-09-08,San Mateo,081,1
2020-09-08,Santa Barbara,083,1
2020-09-08,Santa Clara,085,2
2020-09-08,Santa Cruz,087,2
2020-09-08,Shasta,089,3
2020-09-08,Sierra,091,2
2020-09-08,Siskiyou,093,3
2020-09-08,Solano,095,1
2020-09-08,Sonoma,097,1
2020-09-08,Stanislaus,099,1
2020-09-08,Sutter,101,1
2020-09-08,Tehama,103,1
2020-09-08,Trinity,105,3
2020-09-08,Tulare,107,1
2020-09-08,Tuolumne,109,3
2020-09-08,Ventura,111,1
2020-09-08,Yolo,113,1
2020-09-08,Yuba,115,1
2020-09-07,Alameda,001,1
2020-09-07,Alpine,003,4
2020-09-07,Amador,005,1
2020-09-07,Butte,007,1
2020-09-07,Calaveras,009,2
2020-09-07,Colusa,011,1
2020-09-07,Contra Costa,013,1
2020-09-07,Del Norte,015,3
2020-09-07,El Dorado,017,2
2020-09-07,Fresno,019,1
2020-09-07,Glenn,021,1
2020-09-07,Humboldt,023,3
2020-09-07,Imperial,025,1
2020-09-07,Inyo,027,1
2020-09-07,Kern,029,1
2020-09-07,Kings,031,1
2020-09-07,Lake,033,2
2020-09-07,Lassen,035,2
2020-09-07,Los Angeles,037,1
2020-09-07,Madera,039,1
2020-09-07,Marin,041,1
2020-09-07,Mariposa,043,3
2020-09-07,Mendocino,045,1
2020-09-07,Merced,047,1
2020-09-07,Modoc,049,4
2020-09-07,Mono,051,3
2020-09-07,Monterey,053,1
2020-09-07,Napa,055,2
2020-09-07,Nevada,057,2
2020-09-07,Orange,059,1
2020-09-07,Placer,061,1
2020-09-07,Plumas,063,3
2020-09-07,Riverside,065,1
2020-09-07,Sacramento,067,1
2020-09-07,San Benito,069,1
2020-09-07,San Bernardino,071,1
2020-09-07,San Diego,073,2
2020-09-07,San Francisco,075,2
2020-09-07,San Joaquin,077,1
2020-09-07,San Luis Obispo,079,1
2020-09-07,San Mateo,081,1
2020-09-07,Santa Barbara,083,1
2020-09-07,Santa Clara,085,1
2020-09-07,Santa Cruz,087,1
2020-09-07,Shasta,089,3
2020-09-07,Sierra,091,2
2020-09-07,Siskiyou,093,3
2020-09-07,Solano,095,1
2020-09-07,Sonoma,097,1
2020-09-07,Stanislaus,099,1
2020-09-07,Sutter,101,1
2020-09-07,Tehama,103,1
2020-09-07,Trinity,105,3
2020-09-07,Tulare,107,1
2020-09-07,Tuolumne,109,3
2020-09-07,Ventura,111,1
2020-09-07,Yolo,113,1
2020-09-07,Yuba,115,1
2020-09-06,Alameda,001,1
2020-09-06,Alpine,003,4
2020-09-06,Amador,005,1
2020-09-06,Butte,007,1
2020-09-06,Calaveras,009,2
2020-09-06,Colusa,011,1
2020-09-06,Contra Costa,013,1
2020-09-06,Del Norte,015,3
2020-09-06,El Dorado,017,2
2020-09-06,Fresno,019,1
2020-09-06,Glenn,021,1
2020-09-06,Humboldt,023,3
2020-09-06,Imperial,025,1
2020-09-06,Inyo,027,1
2020-09-06,Kern,029,1
2020-09-06,Kings,031,1
2020-09-06,Lake,033,2
2020-09-06,Lassen,035,2
2020-09-06,Los Angeles,037,1
2020-09-06,Madera,039,1
2020-09-06,Marin,041,1
2020-09-06,Mariposa,043,3
2020-09-06,Mendocino,045,1
2020-09-06,Merced,047,1
2020-09-06,Modoc,049,4
2020-09-06,Mono,051,3
2020-09-06,Monterey,053,1
2020-09-06,Napa,055,2
2020-09-06,Nevada,057,2
2020-09-06,Orange,059,1
2020-09-06,Placer,061,1
2020-09-06,Plumas,063,3
2020-09-06,Riverside,065,1
2020-09-06,Sacramento,067,1
2020-09-06,San Benito,069,1
2020-09-06,San Bernardino,071,1
2020-09-06,San Diego,073,2
2020-09-06,San Francisco,075,2
2020-09-06,San Joaquin,077,1
2020-09-06,San Luis Obispo,079,1
2020-09-06,San Mateo,081,1
2020-09-06,Santa Barbara,083,1
2020-09-06,Santa Clara,085,1
2020-09-06,Santa Cruz,087,1
2020-09-06,Shasta,089,3
2020-09-06,Sierra,091,2
2020-09-06,Siskiyou,093,3
2020-09-06,Solano,095,1
2020-09-06,Sonoma,097,1
2020-09-06,Stanislaus,099,1
2020-09-06,Sutter,101,1
2020-09-06,Tehama,103,1
2020-09-06,Trinity,105,3
2020-09-06,Tulare,107,1
2020-09-06,Tuolumne,109,3
2020-09-06,Ventura,111,1
2020-09-06,Yolo,113,1
2020-09-06,Yuba,115,1
2020-09-05,Alameda,001,1
2020-09-05,Alpine,003,4
2020-09-05,Amador,005,1
2020-09-05,Butte,007,1
2020-09-05,Calaveras,009,2
2020-09-05,Colusa,011,1
2020-09-05,Contra Costa,013,1
2020-09-05,Del Norte,015,3
2020-09-05,El Dorado,017,2
2020-09-05,Fresno,019,1
2020-09-05,Glenn,021,1
2020-09-05,Humboldt,023,3
2020-09-05,Imperial,025,1
2020-09-05,Inyo,027,1
2020-09-05,Kern,029,1
2020-09-05,Kings,031,1
2020-09-05,Lake,033,2
2020-09-05,Lassen,035,2
2020-09-05,Los Angeles,037,1
2020-09-05,Madera,039,1
2020-09-05,Marin,041,1
2020-09-05,Mariposa,043,3
2020-09-05,Mendocino,045,1
2020-09-05,Merced,047,1
2020-09-05,Modoc,049,4
2020-09-05,Mono,051,3
2020-09-05,Monterey,053,1
2020-09-05,Napa,055,2
2020-09-05,Nevada,057,2
2020-09-05,Orange,059,1
2020-09-05,Placer,061,1
2020-09-05,Plumas,063,3
2020-09-05,Riverside,065,1
2020-09-05,Sacramento,067,1
2020-09-05,San Benito,069,1
2020-09-05,San Bernardino,071,1
2020-09-05,San Diego,073,2
2020-09-05,San Francisco,075,2
2020-09-05,San Joaquin,077,1
2020-09-05,San Luis Obispo,079,1
2020-09-05,San Mateo,081,1
2020-09-05,Santa Barbara,083,1
2020-09-05,Santa Clara,085,1
2020-09-05,Santa Cruz,087,1
2020-09-05,Shasta,089,3
2020-09-05,Sierra,091,2
2020-09-05,Siskiyou,093,3
2020-09-05,Solano,095,1
2020-09-05,Sonoma,097,1
2020-09-05,Stanislaus,099,1
2020-09-05,Sutter,101,1
2020-09-05,Tehama,103,1
2020-09-05,Trinity,105,3
2020-09-05,Tulare,107,1
2020-09-05,Tuolumne,109,3
2020-09-05,Ventura,111,1
2020-09-05,Yolo,113,1
2020-09-05,Yuba,115,1
2020-09-04,Alameda,001,1
2020-09-04,Alpine,003,4
2020-09-04,Amador,005,1
2020-09-04,Butte,007,1
2020-09-04,Calaveras,009,2
2020-09-04,Colusa,011,1
2020-09-04,Contra Costa,013,1
2020-09-04,Del Norte,015,3
2020-09-04,El Dorado,017,2
2020-09-04,Fresno,019,1
2020-09-04,Glenn,021,1
2020-09-04,Humboldt,023,3
2020-09-04,Imperial,025,1
2020-09-04,Inyo,027,1
2020-09-04,Kern,029,1
2020-09-04,Kings,031,1
2020-09-04,Lake,033,2
2020-09-04,Lassen,035,2
2020-09-04,Los Angeles,037,1
2020-09-04,Madera,039,1
2020-09-04,Marin,041,1
2020-09-04,Mariposa,043,3
2020-09-04,Mendocino,045,1
2020-09-04,Merced,047,1
2020-09-04,Modoc,049,4
2020-09-04,Mono,051,3
2020-09-04,Monterey,053,1
2020-09-04,Napa,055,2
2020-09-04,Nevada,057,2
2020-09-04,Orange,059,1
2020-09-04,Placer,061,1
2020-09-04,Plumas,063,3
2020-09-04,Riverside,065,1
2020-09-04,Sacramento,067,1
2020-09-04,San Benito,069,1
2020-09-04,San Bernardino,071,1
2020-09-04,San Diego,073,2
2020-09-04,San Francisco,075,2
2020-09-04,San Joaquin,077,1
2020-09-04,San Luis Obispo,079,1
2020-09-04,San Mateo,081,1
2020-09-04,Santa Barbara,083,1
2020-09-04,Santa Clara,085,1
2020-09-04,Santa Cruz,087,1
2020-09-04,Shasta,089,3
2020-09-04,Sierra,091,2
2020-09-04,Siskiyou,093,3
2020-09-04,Solano,095,1
2020-09-04,Sonoma,097,1
2020-09-04,Stanislaus,099,1
2020-09-04,Sutter,101,1
2020-09-04,Tehama,103,1
2020-09-04,Trinity,105,3
2020-09-04,Tulare,107,1
2020-09-04,Tuolumne,109,3
2020-09-04,Ventura,111,1
2020-09-04,Yolo,113,1
2020-09-04,Yuba,115,1
2020-09-03,Alameda,001,1
2020-09-03,Alpine,003,4
2020-09-03,Amador,005,1
2020-09-03,Butte,007,1
2020-09-03,Calaveras,009,2
2020-09-03,Colusa,011,1
2020-09-03,Contra Costa,013,1
2020-09-03,Del Norte,015,3
2020-09-03,El Dorado,017,2
2020-09-03,Fresno,019,1
2020-09-03,Glenn,021,1
2020-09-03,Humboldt,023,3
2020-09-03,Imperial,025,1
2020-09-03,Inyo,027,1
2020-09-03,Kern,029,1
2020-09-03,Kings,031,1
2020-09-03,Lake,033,2
2020-09-03,Lassen,035,2
2020-09-03,Los Angeles,037,1
2020-09-03,Madera,039,1
2020-09-03,Marin,041,1
2020-09-03,Mariposa,043,3
2020-09-03,Mendocino,045,1
2020-09-03,Merced,047,1
2020-09-03,Modoc,049,4
2020-09-03,Mono,051,3
2020-09-03,Monterey,053,1
2020-09-03,Napa,055,2
2020-09-03,Nevada,057,2
2020-09-03,Orange,059,1
2020-09-03,Placer,061,1
2020-09-03,Plumas,063,3
2020-09-03,Riverside,065,1
2020-09-03,Sacramento,067,1
2020-09-03,San Benito,069,1
2020-09-03,San Bernardino,071,1
2020-09-03,San Diego,073,2
2020-09-03,San Francisco,075,2
2020-09-03,San Joaquin,077,1
2020-09-03,San Luis Obispo,079,1
2020-09-03,San Mateo,081,1
2020-09-03,Santa Barbara,083,1
2020-09-03,Santa Clara,085,1
2020-09-03,Santa Cruz,087,1
2020-09-03,Shasta,089,3
2020-09-03,Sierra,091,2
2020-09-03,Siskiyou,093,3
2020-09-03,Solano,095,1
2020-09-03,Sonoma,097,1
2020-09-03,Stanislaus,099,1
2020-09-03,Sutter,101,1
2020-09-03,Tehama,103,1
2020-09-03,Trinity,105,3
2020-09-03,Tulare,107,1
2020-09-03,Tuolumne,109,3
2020-09-03,Ventura,111,1
2020-09-03,Yolo,113,1
2020-09-03,Yuba,115,1
2020-09-02,Alameda,001,1
2020-09-02,Alpine,003,4
2020-09-02,Amador,005,1
2020-09-02,Butte,007,1
2020-09-02,Calaveras,009,2
2020-09-02,Colusa,011,1
2020-09-02,Contra Costa,013,1
2020-09-02,Del Norte,015,3
2020-09-02,El Dorado,017,2
2020-09-02,Fresno,019,1
2020-09-02,Glenn,021,1
2020-09-02,Humboldt,023,3
2020-09-02,Imperial,025,1
2020-09-02,Inyo,027,1
2020-09-02,Kern,029,1
2020-09-02,Kings,031,1
2020-09-02,Lake,033,2
2020-09-02,Lassen,035,2
2020-09-02,Los Angeles,037,1
2020-09-02,Madera,039,1
2020-09-02,Marin,041,1
2020-09-02,Mariposa,043,3
2020-09-02,Mendocino,045,1
2020-09-02,Merced,047,1
2020-09-02,Modoc,049,4
2020-09-02,Mono,051,3
2020-09-02,Monterey,053,1
2020-09-02,Napa,055,2
2020-09-02,Nevada,057,2
2020-09-02,Orange,059,1
2020-09-02,Placer,061,1
2020-09-02,Plumas,063,3
2020-09-02,Riverside,065,1
2020-09-02,Sacramento,067,1
2020-09-02,San Benito,069,1
2020-09-02,San Bernardino,071,1
2020-09-02,San Diego,073,2
2020-09-02,San Francisco,075,2
2020-09-02,San Joaquin,077,1
2020-09-02,San Luis Obispo,079,1
2020-09-02,San Mateo,081,1
2020-09-02,Santa Barbara,083,1
2020-09-02,Santa Clara,085,1
2020-09-02,Santa Cruz,087,1
2020-09-02,Shasta,089,3
2020-09-02,Sierra,091,2
2020-09-02,Siskiyou,093,3
2020-09-02,Solano,095,1
2020-09-02,Sonoma,097,1
2020-09-02,Stanislaus,099,1
2020-09-02,Sutter,101,1
2020-09-02,Tehama,103,1
2020-09-02,Trinity,105,3
2020-09-02,Tulare,107,1
2020-09-02,Tuolumne,109,3
2020-09-02,Ventura,111,1
2020-09-02,Yolo,113,1
2020-09-02,Yuba,115,1
2020-09-01,Alameda,001,1
2020-09-01,Alpine,003,4
2020-09-01,Amador,005,1
2020-09-01,Butte,007,1
2020-09-01,Calaveras,009,2
2020-09-01,Colusa,011,1
2020-09-01,Contra Costa,013,1
2020-09-01,Del Norte,015,3
2020-09-01,El Dorado,017,2
2020-09-01,Fresno,019,1
2020-09-01,Glenn,021,1
2020-09-01,Humboldt,023,3
2020-09-01,Imperial,025,1
2020-09-01,Inyo,027,1
2020-09-01,Kern,029,1
2020-09-01,Kings,031,1
2020-09-01,Lake,033,2
2020-09-01,Lassen,035,2
2020-09-01,Los Angeles,037,1
2020-09-01,Madera,039,1
2020-09-01,Marin,041,1
2020-09-01,Mariposa,043,3
2020-09-01,Mendocino,045,1
2020-09-01,Merced,047,1
2020-09-01,Modoc,049,4
2020-09-01,Mono,051,3
2020-09-01,Monterey,053,1
2020-09-01,Napa,055,2
2020-09-01,Nevada,057,2
2020-09-01,Orange,059,1
2020-09-01,Placer,061,1
2020-09-01,Plumas,063,3
2020-09-01,Riverside,065,1
2020-09-01,Sacramento,067,1
2020-09-01,San Benito,069,1
2020-09-01,San Bernardino,071,1
2020-09-01,San Diego,073,2
2020-09-01,San Francisco,075,2
2020-09-01,San Joaquin,077,1
2020-09-01,San Luis Obispo,079,1
2020-09-01,San Mateo,081,1
2020-09-01,Santa Barbara,083,1
2020-09-01,Santa Clara,085,1
2020-09-01,Santa Cruz,087,1
2020-09-01,Shasta,089,3
2020-09-01,Sierra,091,2
2020-09-01,Siskiyou,093,3
2020-09-01,Solano,095,1
2020-09-01,Sonoma,097,1
2020-09-01,Stanislaus,099,1
2020-09-01,Sutter,101,1
2020-09-01,Tehama,103,1
2020-09-01,Trinity,105,3
2020-09-01,Tulare,107,1
2020-09-01,Tuolumne,109,3
2020-09-01,Ventura,111,1
2020-09-01,Yolo,113,1
2020-09-01,Yuba,115,1
2020-08-31,Alameda,001,1
2020-08-31,Alpine,003,4
2020-08-31,Amador,005,1
2020-08-31,Butte,007,1
2020-08-31,Calaveras,009,2
2020-08-31,Colusa,011,1
2020-08-31,Contra Costa,013,1
2020-08-31,Del Norte,015,3
2020-08-31,El Dorado,017,2
2020-08-31,Fresno,019,1
2020-08-31,Glenn,021,1
2020-08-31,Humboldt,023,3
2020-08-31,Imperial,025,1
2020-08-31,Inyo,027,1
2020-08-31,Kern,029,1
2020-08-31,Kings,031,1
2020-08-31,Lake,033,2
2020-08-31,Lassen,035,2
2020-08-31,Los Angeles,037,1
2020-08-31,Madera,039,1
2020-08-31,Marin,041,1
2020-08-31,Mariposa,043,3
2020-08-31,Mendocino,045,1
2020-08-31,Merced,047,1
2020-08-31,Modoc,049,4
2020-08-31,Mono,051,3
2020-08-31,Monterey,053,1
2020-08-31,Napa,055,2
2020-08-31,Nevada,057,2
2020-08-31,Orange,059,1
2020-08-31,Placer,061,1
2020-08-31,Plumas,063,3
2020-08-31,Riverside,065,1
2020-08-31,Sacramento,067,1
2020-08-31,San Benito,069,1
2020-08-31,San Bernardino,071,1
2020-08-31,San Diego,073,2
2020-08-31,San Francisco,075,2
2020-08-31,San Joaquin,077,1
2020-08-31,San Luis Obispo,079,1
2020-08-31,San Mateo,081,1
2020-08-31,Santa Barbara,083,1
2020-08-31,Santa Clara,085,1
2020-08-31,Santa Cruz,087,1
2020-08-31,Shasta,089,3
2020-08-31,Sierra,091,2
2020-08-31,Siskiyou,093,3
2020-08-31,Solano,095,1
2020-08-31,Sonoma,097,1
2020-08-31,Stanislaus,099,1
2020-08-31,Sutter,101,1
2020-08-31,Tehama,103,1
2020-08-31,Trinity,105,3
2020-08-31,Tulare,107,1
2020-08-31,Tuolumne,109,3
2020-08-31,Ventura,111,1
2020-08-31,Yolo,113,1
2020-08-31,Yuba,115,1
2020-08-30,Alameda,001,1
2020-08-30,Alpine,003,4
2020-08-30,Amador,005,1
2020-08-30,Butte,007,1
2020-08-30,Calaveras,009,2
2020-08-30,Colusa,011,1
2020-08-30,Contra Costa,013,1
2020-08-30,Del Norte,015,3
2020-08-30,El Dorado,017,2
2020-08-30,Fresno,019,1
2020-08-30,Glenn,021,1
2020-08-30,Humboldt,023,3
2020-08-30,Imperial,025,1
2020-08-30,Inyo,027,1
2020-08-30,Kern,029,1
2020-08-30,Kings,031,1
2020-08-30,Lake,033,2
2020-08-30,Lassen,035,2
2020-08-30,Los Angeles,037,1
2020-08-30,Madera,039,1
2020-08-30,Marin,041,1
2020-08-30,Mariposa,043,3
2020-08-30,Mendocino,045,1
2020-08-30,Merced,047,1
2020-08-30,Modoc,049,4
2020-08-30,Mono,051,3
2020-08-30,Monterey,053,1
2020-08-30,Napa,055,2
2020-08-30,Nevada,057,2
2020-08-30,Orange,059,1
2020-08-30,Placer,061,1
2020-08-30,Plumas,063,3
2020-08-30,Riverside,065,1
2020-08-30,Sacramento,067,1
2020-08-30,San Benito,069,1
2020-08-30,San Bernardino,071,1
2020-08-30,San Diego,073,2
2020-08-30,San Francisco,075,2
2020-08-30,San Joaquin,077,1
2020-08-30,San Luis Obispo,079,1
2020-08-30,San Mateo,081,1
2020-08-30,Santa Barbara,083,1
2020-08-30,Santa Clara,085,1
2020-08-30,Santa Cruz,087,1
2020-08-30,Shasta,089,3
2020-08-30,Sierra,091,2
2020-08-30,Siskiyou,093,3
2020-08-30,Solano,095,1
2020-08-30,Sonoma,097,1
2020-08-30,Stanislaus,099,1
2020-08-30,Sutter,101,1
2020-08-30,Tehama,103,1
2020-08-30,Trinity,105,3
2020-08-30,Tulare,107,1
2020-08-30,Tuolumne,109,4
2020-08-30,Ventura,111,1
2020-08-30,Yolo,113,1
2020-08-30,Yuba,115,1
2020-08-29,Alameda,001,1
2020-08-29,Alpine,003,4
2020-08-29,Amador,005,1
2020-08-29,Butte,007,1
2020-08-29,Calaveras,009,2
2020-08-29,Colusa,011,1
2020-08-29,Contra Costa,013,1
2020-08-29,Del Norte,015,3
2020-08-29,El Dorado,017,2
2020-08-29,Fresno,019,1
2020-08-29,Glenn,021,1
2020-08-29,Humboldt,023,3
2020-08-29,Imperial,025,1
2020-08-29,Inyo,027,1
2020-08-29,Kern,029,1
2020-08-29,Kings,031,1
2020-08-29,Lake,033,2
2020-08-29,Lassen,035,2
2020-08-29,Los Angeles,037,1
2020-08-29,Madera,039,1
2020-08-29,Marin,041,1
2020-08-29,Mariposa,043,3
2020-08-29,Mendocino,045,1
2020-08-29,Merced,047,1
2020-08-29,Modoc,049,4
2020-08-29,Mono,051,3
2020-08-29,Monterey,053,1
2020-08-29,Napa,055,2
2020-08-29,Nevada,057,2
2020-08-29,Orange,059,1
2020-08-29,Placer,061,1
2020-08-29,Plumas,063,3
2020-08-29,Riverside,065,1
2020-08-29,Sacramento,067,1
2020-08-29,San Benito,069,1
2020-08-29,San Bernardino,071,1
2020-08-29,San Diego,073,2
2020-08-29,San Francisco,075,2
2020-08-29,San Joaquin,077,1
2020-08-29,San Luis Obispo,079,1
2020-08-29,San Mateo,081,1
2020-08-29,Santa Barbara,083,1
2020-08-29,Santa Clara,085,1
2020-08-29,Santa Cruz,087,1
2020-08-29,Shasta,089,3
2020-08-29,Sierra,091,2
2020-08-29,Siskiyou,093,3
2020-08-29,Solano,095,1
2020-08-29,Sonoma,097,1
2020-08-29,Stanislaus,099,1
2020-08-29,Sutter,101,1
2020-08-29,Tehama,103,1
2020-08-29,Trinity,105,3
2020-08-29,Tulare,107,1
2020-08-29,Tuolumne,109,4
2020-08-29,Ventura,111,1
2020-08-29,Yolo,113,1
2020-08-29,Yuba,115,1
