lat_race,county,fips,date,race_ethnicity,partially_vaccinated,at_least_one_dose,fully_vaccinated,population_total,population_12_and_up,partially_vaccinated_percent,partially_vaccinated_percent_12_and_up,at_least_one_dose_percent,at_least_one_dose_percent_12_and_up,fully_vaccinated_percent,fully_vaccinated_percent_12_and_up,race_label
aian,Alameda,001,2022-12-20,American Indian or Alaska Native,510.0,4118.0,3608.0,4113,3541,0.12399708242159,0.1440271109855972,0.999,0.999,0.8772185752492099,0.999,American Indian or Alaska Native
unknown,Orange,059,2022-12-20,MultiracialOther RaceUnknown,50362.0,366562.0,316200.0,127135,96530,0.3961300979274,0.5217238164301253,0.999,0.999,0.999,0.999,Unknown
unknown,Colusa,011,2022-12-20,MultiracialOther RaceUnknown,280.0,1998.0,1718.0,582,487,0.4810996563573883,0.5749486652977412,0.999,0.999,0.999,0.999,Unknown
unknown,Calaveras,009,2022-12-20,MultiracialOther RaceUnknown,339.0,3389.0,3050.0,2787,2370,0.1216361679224973,0.1430379746835443,0.999,0.999,0.999,0.999,Unknown
unknown,Butte,007,2022-12-20,MultiracialOther RaceUnknown,1876.0,11874.0,9998.0,14421,11686,0.1300880660148394,0.1605339722745165,0.823382567089661,0.999,0.6932945010748215,0.8555536539448914,Unknown
unknown,Amador,005,2022-12-20,MultiracialOther RaceUnknown,308.0,2969.0,2661.0,1953,1677,0.1577060931899641,0.1836612999403697,0.999,0.999,0.999,0.999,Unknown
unknown,Alpine,002,2022-12-20,MultiracialOther RaceUnknown,21.0,194.0,173.0,72,45,0.2916666666666667,0.4666666666666667,0.999,0.999,0.999,0.999,Unknown
unknown,Alameda,001,2022-12-20,MultiracialOther RaceUnknown,23720.0,176721.0,153001.0,88194,68502,0.268952536453727,0.3462672622697147,0.999,0.999,0.999,0.999,Unknown
latino,Yuba,115,2022-12-20,Latino,1086.0,11879.0,10793.0,22614,17461,0.0480233483682674,0.062195750529752,0.5252940656230654,0.6803161330966153,0.4772707172547979,0.6181203825668633,Latino
latino,Yolo,113,2022-12-20,Latino,4614.0,49730.0,45116.0,75799,61705,0.060871515455349,0.0747751397779758,0.6560772569558965,0.8059314480187991,0.5952057415005475,0.7311563082408232,Latino
latino,Ventura,111,2022-12-20,Latino,21785.0,246793.0,225008.0,368611,300957,0.0591002438885437,0.0723857561046927,0.6695215281150048,0.820027445781291,0.6104212842264609,0.7476416896765983,Latino
latino,Tuolumne,109,2022-12-20,Latino,223.0,2249.0,2026.0,6657,5564,0.0334985729307495,0.0400790797987059,0.3378398678083221,0.4042056074766355,0.3043412948775725,0.3641265276779295,Latino
latino,Tulare,107,2022-12-20,Latino,18331.0,170746.0,152415.0,315544,247555,0.058093324544279,0.0740481913110217,0.5411162943995133,0.6897295550483731,0.4830229698552341,0.6156813637373513,Latino
latino,Trinity,105,2022-12-20,Latino,78.0,382.0,304.0,784,645,0.0994897959183673,0.1209302325581395,0.4872448979591837,0.5922480620155038,0.3877551020408163,0.4713178294573643,Latino
latino,Tehama,103,2022-12-20,Latino,787.0,7372.0,6585.0,17349,13500,0.0453628451207562,0.0582962962962963,0.4249236267220013,0.546074074074074,0.379560781601245,0.4877777777777777,Latino
latino,Sutter,101,2022-12-20,Latino,1608.0,18123.0,16515.0,31446,24865,0.0511352795268078,0.064669213754273,0.5763213127265789,0.7288558214357531,0.5251860331997711,0.66418660768148,Latino
latino,Stanislaus,099,2022-12-20,Latino,24511.0,145781.0,121270.0,270502,214620,0.0906130084065921,0.114206504519616,0.5389276234556492,0.6792517006802721,0.4483146150490569,0.5650451961606561,Latino
latino,Sonoma,097,2022-12-20,Latino,9595.0,101634.0,92039.0,143788,119488,0.0667301861073246,0.0803009507230851,0.7068322808579297,0.8505791376539904,0.6401020947506051,0.7702781869309052,Latino
latino,Solano,095,2022-12-20,Latino,10735.0,76100.0,65365.0,126865,102373,0.0846175067985654,0.1048616334385043,0.5998502345012415,0.743360065642308,0.515232727702676,0.6384984322038038,Latino
latino,Siskiyou,093,2022-12-20,Latino,264.0,2372.0,2108.0,5507,4311,0.0479389867441438,0.0612386917188587,0.4307245324132921,0.5502203665042914,0.3827855456691483,0.4889816747854326,Latino
unknown,Contra Costa,013,2022-12-20,MultiracialOther RaceUnknown,13354.0,124318.0,110964.0,64950,51027,0.205604311008468,0.2617045877672604,0.999,0.999,0.999,0.999,Unknown
unknown,Del Norte,015,2022-12-20,MultiracialOther RaceUnknown,333.0,1796.0,1463.0,2129,1668,0.1564114607797087,0.1996402877697841,0.8435885392202912,0.999,0.6871770784405824,0.8770983213429256,Unknown
unknown,El Dorado,017,2022-12-20,MultiracialOther RaceUnknown,1780.0,11339.0,9559.0,11084,9259,0.160591844099603,0.1922453828707203,0.999,0.999,0.8624142908697221,0.999,Unknown
unknown,Madera,039,2022-12-20,MultiracialOther RaceUnknown,1654.0,11328.0,9674.0,4525,3802,0.365524861878453,0.4350341925302472,0.999,0.999,0.999,0.999,Unknown
unknown,Napa,055,2022-12-20,MultiracialOther RaceUnknown,1685.0,12066.0,10381.0,5755,4703,0.2927888792354474,0.3582819476929619,0.999,0.999,0.999,0.999,Unknown
unknown,Monterey,053,2022-12-20,MultiracialOther RaceUnknown,5966.0,34232.0,28266.0,14308,11815,0.4169695275370422,0.5049513330512061,0.999,0.999,0.999,0.999,Unknown
unknown,Mono,051,2022-12-20,MultiracialOther RaceUnknown,90.0,493.0,403.0,498,407,0.180722891566265,0.2211302211302211,0.9899598393574296,0.999,0.8092369477911646,0.9901719901719902,Unknown
unknown,Modoc,049,2022-12-20,MultiracialOther RaceUnknown,58.0,413.0,355.0,430,350,0.1348837209302325,0.1657142857142857,0.9604651162790696,0.999,0.8255813953488372,0.999,Unknown
unknown,Merced,047,2022-12-20,MultiracialOther RaceUnknown,4105.0,28723.0,24618.0,7681,6007,0.534435620361932,0.6833694023639088,0.999,0.999,0.999,0.999,Unknown
unknown,Mendocino,045,2022-12-20,MultiracialOther RaceUnknown,1416.0,6941.0,5525.0,4725,3807,0.2996825396825396,0.3719464144996059,0.999,0.999,0.999,0.999,Unknown
unknown,Mariposa,043,2022-12-20,MultiracialOther RaceUnknown,234.0,1203.0,969.0,1231,1029,0.190089358245329,0.227405247813411,0.9772542648253452,0.999,0.7871649065800163,0.9416909620991254,Unknown
unknown,Marin,041,2022-12-20,MultiracialOther RaceUnknown,3091.0,21398.0,18307.0,13844,11445,0.2232736203409419,0.2700742682394058,0.999,0.999,0.999,0.999,Unknown
unknown,Los Angeles,037,2022-12-20,MultiracialOther RaceUnknown,198683.0,1232082.0,1033399.0,320384,251066,0.6201402067518977,0.7913576509762373,0.999,0.999,0.999,0.999,Unknown
unknown,Fresno,019,2022-12-20,MultiracialOther RaceUnknown,12241.0,80894.0,68653.0,29893,22509,0.4094938614391329,0.5438269136789728,0.999,0.999,0.999,0.999,Unknown
unknown,Lassen,035,2022-12-20,MultiracialOther RaceUnknown,244.0,1512.0,1268.0,1460,1163,0.1671232876712328,0.2098022355975924,0.999,0.999,0.8684931506849315,0.999,Unknown
unknown,Lake,033,2022-12-20,MultiracialOther RaceUnknown,749.0,3579.0,2830.0,3964,3230,0.1889505549949545,0.2318885448916408,0.9028758829465188,0.999,0.713925327951564,0.8761609907120743,Unknown
unknown,Kings,031,2022-12-20,MultiracialOther RaceUnknown,1842.0,8766.0,6924.0,5163,3871,0.3567693201626961,0.4758460346163782,0.999,0.999,0.999,0.999,Unknown
unknown,Kern,029,2022-12-20,MultiracialOther RaceUnknown,10243.0,65447.0,55204.0,28852,22703,0.3550187162068488,0.4511738536757256,0.999,0.999,0.999,0.999,Unknown
unknown,Inyo,027,2022-12-20,MultiracialOther RaceUnknown,125.0,1098.0,973.0,889,647,0.140607424071991,0.1931993817619783,0.999,0.999,0.999,0.999,Unknown
unknown,Imperial,025,2022-12-20,MultiracialOther RaceUnknown,34343.0,63964.0,29621.0,1687,1395,0.999,0.999,0.999,0.999,0.999,0.999,Unknown
unknown,Humboldt,023,2022-12-20,MultiracialOther RaceUnknown,1625.0,10021.0,8396.0,10299,8259,0.1577823089620351,0.1967550550914154,0.9730070880668026,0.999,0.8152247791047674,0.999,Unknown
unknown,Glenn,021,2022-12-20,MultiracialOther RaceUnknown,439.0,2814.0,2375.0,985,809,0.4456852791878172,0.5426452410383189,0.999,0.999,0.999,0.999,Unknown
latino,Sierra,091,2022-12-20,Latino,18.0,148.0,130.0,326,255,0.0552147239263803,0.0705882352941176,0.4539877300613497,0.5803921568627451,0.3987730061349693,0.5098039215686274,Latino
latino,Shasta,089,2022-12-20,Latino,890.0,7764.0,6874.0,19380,15174,0.0459236326109391,0.0586529590088308,0.4006191950464396,0.5116646896006327,0.3546955624355005,0.4530117305918018,Latino
latino,Santa Cruz,087,2022-12-20,Latino,6477.0,74868.0,68391.0,97344,78479,0.0665372287968441,0.0825316326660635,0.7691074950690335,0.9539876909746556,0.7025702662721893,0.8714560583085921,Latino
latino,Humboldt,023,2022-12-20,Latino,1262.0,11242.0,9980.0,18584,14897,0.0679078777442961,0.0847150432973081,0.6049289711579854,0.7546485869638182,0.5370210934136892,0.66993354366651,Latino
latino,Madera,039,2022-12-20,Latino,5593.0,48853.0,43260.0,95497,76099,0.0585672848361728,0.0734963665751192,0.5115658083500005,0.6419663858920617,0.4529985235138276,0.5684700193169424,Latino
latino,Los Angeles,037,2022-12-20,Latino,339961.0,3197896.0,2857935.0,4923888,4099389,0.0690432032572633,0.0829296756175127,0.6494656255381925,0.780090886715069,0.5804224222809292,0.6971612110975562,Latino
latino,Lassen,035,2022-12-20,Latino,97.0,1100.0,1003.0,6912,6148,0.0140335648148148,0.0157774886141834,0.1591435185185185,0.1789199739752765,0.1451099537037037,0.163142485361093,Latino
latino,Lake,033,2022-12-20,Latino,1325.0,8887.0,7562.0,14682,11381,0.0902465604141125,0.1164221070204727,0.6052990055850701,0.7808628415780687,0.5150524451709576,0.664440734557596,Latino
latino,Kings,031,2022-12-20,Latino,4684.0,42343.0,37659.0,89221,69351,0.052498851167326,0.0675404824732159,0.4745855796281145,0.6105607705728828,0.4220867284607884,0.543020288099667,Latino
latino,Kern,029,2022-12-20,Latino,28112.0,259467.0,231355.0,505528,398493,0.0556091848522732,0.0705457812307869,0.5132594040290548,0.6511205968486272,0.4576502191767815,0.5805748156178402,Latino
latino,Inyo,027,2022-12-20,Latino,231.0,2165.0,1934.0,4228,3403,0.0546357615894039,0.0678812812224507,0.5120624408703879,0.636203349985307,0.4574266792809839,0.5683220687628563,Latino
latino,Imperial,025,2022-12-20,Latino,44154.0,176419.0,132265.0,163612,130844,0.2698701806713444,0.3374552902693283,0.999,0.999,0.8084064738527736,0.999,Latino
latino,Glenn,021,2022-12-20,Latino,526.0,6727.0,6201.0,12644,10090,0.0416007592534008,0.0521308225966303,0.5320310028472003,0.6666997026759167,0.4904302435937994,0.6145688800792865,Latino
latino,Mariposa,043,2022-12-20,Latino,223.0,1390.0,1167.0,2166,1787,0.1029547553093259,0.1247901510912143,0.641735918744229,0.7778399552322328,0.538781163434903,0.6530498041410184,Latino
latino,Fresno,019,2022-12-20,Latino,30783.0,308030.0,277247.0,548920,432606,0.0560792100852583,0.0711571268082273,0.5611564526706988,0.7120335825208157,0.5050772425854405,0.6408764557125883,Latino
latino,El Dorado,017,2022-12-20,Latino,2010.0,14425.0,12415.0,26075,21541,0.0770853307766059,0.0933104312706002,0.5532118887823586,0.6696532194419943,0.4761265580057526,0.5763427881713941,Latino
latino,Del Norte,015,2022-12-20,Latino,217.0,1736.0,1519.0,5171,4378,0.0419648037130148,0.0495660118775696,0.3357184297041191,0.3965280950205573,0.2937536259911042,0.3469620831429876,Latino
latino,Contra Costa,013,2022-12-20,Latino,14927.0,227339.0,212412.0,312839,258325,0.0477146391594398,0.0577837994774024,0.7266964796588661,0.8800503242040065,0.6789818404994262,0.8222665247266041,Latino
latino,Colusa,011,2022-12-20,Latino,670.0,7854.0,7184.0,13978,11256,0.0479324653026184,0.0595238095238095,0.56188295893547,0.6977611940298507,0.5139504936328516,0.6382373845060412,Latino
latino,Calaveras,009,2022-12-20,Latino,246.0,2607.0,2361.0,5692,4721,0.0432185523541813,0.0521076043211184,0.458011243851019,0.5522135140859987,0.4147926914968377,0.5001059097648803,Latino
latino,Butte,007,2022-12-20,Latino,1695.0,18868.0,17173.0,43275,35464,0.0391681109185441,0.0477949469884953,0.436002310803004,0.5320324836453869,0.3968341998844598,0.4842375366568915,Latino
latino,Amador,005,2022-12-20,Latino,221.0,2303.0,2082.0,5615,4811,0.0393588601959038,0.0459363957597173,0.4101513802315227,0.4786946580752442,0.3707925200356188,0.4327582623155269,Latino
latino,Marin,041,2022-12-20,Latino,4787.0,44321.0,39534.0,48526,40054,0.098648147384907,0.119513656563639,0.9133454230721676,0.999,0.8146972756872605,0.9870175263394416,Latino
latino,Mendocino,045,2022-12-20,Latino,2094.0,15788.0,13694.0,23260,18267,0.0900257953568357,0.1146329446542946,0.678761822871883,0.8642907976131823,0.5887360275150473,0.7496578529588876,Latino
latino,Santa Clara,085,2022-12-20,Latino,29923.0,384641.0,354718.0,500996,413727,0.0597270237686528,0.0723254706606047,0.7677526367475987,0.9296976025253368,0.708025612978946,0.857372131864732,Latino
latino,Sacramento,067,2022-12-20,Latino,18921.0,212589.0,193668.0,370636,298024,0.0510500868776913,0.0634881754489571,0.5735789291919835,0.7133284567685824,0.5225288423142922,0.6498402813196252,Latino
latino,Santa Barbara,083,2022-12-20,Latino,15974.0,144791.0,128817.0,214440,170752,0.0744916993098302,0.0935508808095952,0.6752051855997016,0.8479607852323838,0.6007134862898713,0.7544099044227887,Latino
latino,San Mateo,081,2022-12-20,Latino,14817.0,147057.0,132240.0,195694,163298,0.0757151471174384,0.0907359551249862,0.7514640203583145,0.900543791105831,0.6757488732408761,0.8098078359808448,Latino
latino,San Luis Obispo,079,2022-12-20,Latino,4377.0,39083.0,34706.0,67194,55531,0.0651397446200553,0.0788208388107543,0.581644194422121,0.703805081846176,0.5165044498020657,0.6249842430354217,Latino
latino,San Joaquin,077,2022-12-20,Latino,19540.0,179059.0,159519.0,324121,258999,0.0602861277115645,0.075444306734775,0.5524449202612605,0.6913501596531261,0.4921587925496959,0.615905852918351,Latino
latino,San Francisco,075,2022-12-20,Latino,16826.0,136943.0,120117.0,142645,120836,0.1179571663920922,0.139246582144394,0.9600266395597462,0.999,0.842069473167654,0.9940497864874708,Latino
latino,San Diego,073,2022-12-20,Latino,143156.0,910567.0,767411.0,1153655,918021,0.1240890907593691,0.1559397878697764,0.789288825515427,0.9918803600353368,0.6651997347560579,0.8359405721655605,Latino
latino,San Bernardino,071,2022-12-20,Latino,53444.0,572291.0,518847.0,1186520,955090,0.0450426457202575,0.0559570302275178,0.4823273101169807,0.5992011224073124,0.4372846643967232,0.5432440921797945,Latino
latino,San Benito,069,2022-12-20,Latino,2086.0,24614.0,22528.0,37441,31228,0.0557143238695547,0.0667990265146663,0.6574076547100772,0.7882028948379659,0.6016933308405225,0.7214038683232996,Latino
latino,Riverside,065,2022-12-20,Latino,65548.0,635057.0,569509.0,1232209,1001686,0.0531955212143394,0.0654376720848649,0.515380913465167,0.6339880960700259,0.4621853922508275,0.568550423985161,Latino
latino,Merced,047,2022-12-20,Latino,12302.0,95871.0,83569.0,176585,139995,0.0696661664354277,0.0878745669488196,0.5429170088059575,0.6848173149041037,0.4732508423705298,0.5969427479552841,Latino
latino,Plumas,063,2022-12-20,Latino,81.0,694.0,613.0,1827,1482,0.0443349753694581,0.0546558704453441,0.3798576902025178,0.4682860998650472,0.3355227148330597,0.4136302294197031,Latino
latino,Placer,061,2022-12-20,Latino,2902.0,32982.0,30080.0,58331,48272,0.0497505614510294,0.0601176665561816,0.5654283314189711,0.6832532316871064,0.5156777699679416,0.6231355651309247,Latino
latino,Orange,059,2022-12-20,Latino,61516.0,618662.0,557146.0,1102966,901922,0.0557732513966885,0.0682054545736771,0.560907589173193,0.6859373648719069,0.5051343377765044,0.6177319102982298,Latino
latino,Nevada,057,2022-12-20,Latino,854.0,6172.0,5318.0,9911,8110,0.0861668852789829,0.1053020961775585,0.6227424074260922,0.7610357583230579,0.5365755221471092,0.6557336621454993,Latino
latino,Napa,055,2022-12-20,Latino,5377.0,39451.0,34074.0,49291,40833,0.1090868515550506,0.1316827076139397,0.800369235763121,0.9661548257536796,0.6912823842080704,0.8344721181397399,Latino
latino,Monterey,053,2022-12-20,Latino,20500.0,204983.0,184483.0,269697,213950,0.0760112274144688,0.0958167796214068,0.7600492404439055,0.9580883383968216,0.6840380130294368,0.8622715587754148,Latino
latino,Mono,051,2022-12-20,Latino,371.0,3079.0,2708.0,3677,3019,0.1008974707642099,0.1228883736336535,0.8373674190916508,0.999,0.7364699483274408,0.8969857568731368,Latino
latino,Modoc,049,2022-12-20,Latino,37.0,491.0,454.0,1333,1127,0.0277569392348087,0.0328305235137533,0.3683420855213803,0.4356699201419698,0.3405851462865716,0.4028393966282165,Latino
unknown,Nevada,057,2022-12-20,MultiracialOther RaceUnknown,878.0,4834.0,3956.0,5466,4526,0.1606293450420783,0.1939902783915157,0.8843761434321259,0.999,0.7237467983900475,0.8740609809986744,Unknown
unknown,Placer,061,2022-12-20,MultiracialOther RaceUnknown,3398.0,28343.0,24945.0,23853,19377,0.1424558755712069,0.1753625432213449,0.999,0.999,0.999,0.999,Unknown
aian,Alpine,002,2022-12-20,American Indian or Alaska Native,9.0,34.0,25.0,196,182,0.0459183673469387,0.0494505494505494,0.173469387755102,0.1868131868131868,0.1275510204081632,0.1373626373626373,American Indian or Alaska Native
unknown,Plumas,063,2022-12-20,MultiracialOther RaceUnknown,113.0,741.0,628.0,1059,899,0.1067044381491973,0.1256952169076751,0.6997167138810199,0.8242491657397107,0.5930122757318225,0.6985539488320356,Unknown
white,San Bernardino,071,2022-12-20,White,25842.0,384716.0,358874.0,577867,513228,0.0447196327182552,0.0503518903878977,0.6657518079419659,0.7496005673891526,0.6210321752237107,0.6992486770012548,White
white,San Benito,069,2022-12-20,White,987.0,14396.0,13409.0,19590,17819,0.0503828483920367,0.0553903137100847,0.7348647269014803,0.8079016779841742,0.6844818785094436,0.7525113642740895,White
white,Sacramento,067,2022-12-20,White,26628.0,454503.0,427875.0,646993,576477,0.0411565503799886,0.0461909148153352,0.7024851891751533,0.7884148023251578,0.6613286387951647,0.7422238875098226,White
white,Riverside,065,2022-12-20,White,44187.0,565152.0,520965.0,820002,739225,0.0538864539354782,0.0597747641110622,0.6892080751022559,0.7645195982278737,0.6353216211667776,0.7047448341168115,White
white,Plumas,063,2022-12-20,White,752.0,9695.0,8943.0,15586,14235,0.0482484280764788,0.0528275377590446,0.6220325933530091,0.6810677906568318,0.5737841652765302,0.6282402528977872,White
white,Placer,061,2022-12-20,White,11459.0,193924.0,182465.0,270942,245568,0.0422931845191959,0.0466632460255407,0.7157399000524097,0.7896957258274694,0.6734467155332138,0.7430324798019285,White
white,Orange,059,2022-12-20,White,59884.0,954524.0,894640.0,1213527,1090912,0.0493470685036262,0.0548935202839459,0.7865700557136347,0.8749780000586665,0.7372229872100086,0.8200844797747207,White
white,Nevada,057,2022-12-20,White,5342.0,58639.0,53297.0,80152,73530,0.0666483681006088,0.0726506187950496,0.731597464816848,0.7974840201278389,0.6649490967162391,0.7248334013327893,White
white,Napa,055,2022-12-20,White,4184.0,60076.0,55892.0,70536,65081,0.0593172280821141,0.0642891166392649,0.8517069297947147,0.9230958344217206,0.7923897017126007,0.8588067177824558,White
white,Monterey,053,2022-12-20,White,8477.0,97115.0,88638.0,123303,112187,0.0687493410541511,0.0755613395491456,0.7876126290520101,0.8656528831326268,0.7188632879978589,0.7900915435834811,White
white,Mono,051,2022-12-20,White,510.0,6251.0,5741.0,9185,8336,0.0555253130103429,0.0611804222648752,0.68056614044638,0.7498800383877159,0.6250408274360371,0.6886996161228407,White
white,Modoc,049,2022-12-20,White,153.0,2885.0,2732.0,7046,6342,0.0217144479137099,0.0241248817407757,0.4094521714447913,0.4549038158309682,0.3877377235310815,0.4307789340901923,White
white,Merced,047,2022-12-20,White,3624.0,37230.0,33606.0,71138,63013,0.0509432370884759,0.0575119419802263,0.5233489836655515,0.5908304635551395,0.4724057465770755,0.5333185215749131,White
white,Mendocino,045,2022-12-20,White,3284.0,41892.0,38608.0,54564,49349,0.0601862033575251,0.0665464345782082,0.767758961952936,0.8488925814099576,0.7075727585954109,0.7823461468317494,White
white,Mariposa,043,2022-12-20,White,997.0,7704.0,6707.0,13307,12204,0.074922972871421,0.0816945263847918,0.5789434132411513,0.6312684365781711,0.5040204403697303,0.5495739101933792,White
white,Marin,041,2022-12-20,White,9969.0,166910.0,156941.0,172689,158416,0.0577280544794399,0.0629292495707504,0.9665352164874428,0.999,0.9088071620080028,0.990689071810928,White
white,Madera,039,2022-12-20,White,2318.0,32546.0,30228.0,51127,46065,0.0453380796839243,0.05032019971779,0.6365716744577229,0.7065233908607402,0.5912335947737986,0.6562031911429502,White
white,Los Angeles,037,2022-12-20,White,150657.0,2128444.0,1977787.0,2643601,2393284,0.0569893111706343,0.0629499048169795,0.8051305775720314,0.8893403373774278,0.7481412664013972,0.8263904325604483,White
white,Lassen,035,2022-12-20,White,620.0,6796.0,6176.0,17992,15717,0.0344597598932859,0.039447731755424,0.3777234326367274,0.432398040338487,0.3432636727434415,0.3929503085830629,White
white,San Diego,073,2022-12-20,White,85277.0,1154264.0,1068987.0,1440259,1276146,0.0592094894043363,0.0668238587120909,0.8014280764779113,0.9044921192402752,0.7422185870735749,0.8376682605281841,White
white,San Francisco,075,2022-12-20,White,23606.0,292004.0,268398.0,351357,321134,0.0671852275605723,0.0735082551209152,0.8310749465643206,0.9092902028436728,0.7638897190037484,0.8357819477227575,White
white,San Joaquin,077,2022-12-20,White,8862.0,137883.0,129021.0,218586,195856,0.0405423952128681,0.0452475287966669,0.6307952018885016,0.7040019197777959,0.5902528066756334,0.658754390981129,White
white,Stanislaus,099,2022-12-20,White,15244.0,114570.0,99326.0,213902,189170,0.0712662808201886,0.0805836020510651,0.5356191152957896,0.6056457154940001,0.464352834475601,0.525062113442935,White
white,Yolo,113,2022-12-20,White,4667.0,76059.0,71392.0,98419,88264,0.047419705544661,0.0528754645155442,0.772808095997724,0.8617216532221518,0.7253883904530629,0.8088461887066074,White
white,Ventura,111,2022-12-20,White,18742.0,301009.0,282267.0,367347,332709,0.0510198803855754,0.0563315089162,0.8194132523200135,0.9047215434508836,0.768393371934438,0.8483900345346834,White
white,Tuolumne,109,2022-12-20,White,1695.0,24998.0,23303.0,39578,35955,0.042826822982465,0.047142261159783,0.6316135226641063,0.6952579613405646,0.5887866996816413,0.6481157001807816,White
white,Tulare,107,2022-12-20,White,6384.0,79337.0,72953.0,129316,113178,0.049367440997247,0.0564067221544823,0.6135126357140648,0.7009931258725194,0.5641451947168177,0.6445864037180371,White
white,Trinity,105,2022-12-20,White,564.0,5240.0,4676.0,9369,8482,0.0601985270573166,0.066493751473709,0.5592912797523748,0.6177788257486442,0.4990927526950581,0.5512850742749351,White
white,Tehama,103,2022-12-20,White,1529.0,19529.0,18000.0,40572,36025,0.0376860889283249,0.042442748091603,0.4813418120871537,0.5420957668285913,0.4436557231588287,0.4996530187369882,White
white,Sutter,101,2022-12-20,White,1646.0,24942.0,23296.0,41770,36930,0.039406272444338,0.0445708096398591,0.597127124730668,0.6753858651502843,0.55772085228633,0.6308150555104252,White
white,Sonoma,097,2022-12-20,White,13836.0,259007.0,245171.0,297109,273800,0.0465687676913186,0.0505332359386413,0.8717575031385788,0.9459715120525932,0.8251887354472601,0.8954382761139518,White
white,San Luis Obispo,079,2022-12-20,White,9429.0,131651.0,122222.0,182361,167332,0.0517051343214832,0.05634905457414,0.7219251923382741,0.7867652331891091,0.6702200580167909,0.730416178614969,White
white,Solano,095,2022-12-20,White,9885.0,120433.0,110548.0,154253,139131,0.0640830324207633,0.0710481488668952,0.7807498071350314,0.8656086709647742,0.7166667747142681,0.794560522097879,White
white,Siskiyou,093,2022-12-20,White,1664.0,17666.0,16002.0,31679,28589,0.052526910571672,0.0582042044142852,0.5576564916821869,0.617929973066564,0.5051295811105149,0.5597257686522789,White
white,Sierra,091,2022-12-20,White,98.0,1438.0,1340.0,2520,2340,0.0388888888888888,0.0418803418803418,0.5706349206349206,0.6145299145299146,0.5317460317460317,0.5726495726495726,White
white,Shasta,089,2022-12-20,White,7058.0,71024.0,63966.0,133333,117242,0.0529351323378308,0.0602002695279848,0.5326813317033292,0.6057897340543491,0.4797461993654984,0.5455894645263643,White
white,Santa Cruz,087,2022-12-20,White,7868.0,123410.0,115542.0,147904,134599,0.0531966681090437,0.0584551148225469,0.8343925789701429,0.916871596371444,0.7811959108610991,0.858416481548897,White
white,Santa Clara,085,2022-12-20,White,26403.0,493355.0,466952.0,573117,516314,0.046069127246269,0.0511374861034176,0.8608277192964089,0.955532873406493,0.8147585920501399,0.9043953873030752,White
white,Santa Barbara,083,2022-12-20,White,11687.0,151176.0,139489.0,188032,171589,0.062154314159292,0.0681104266590515,0.8039908100748808,0.8810354976134834,0.7418364959155889,0.8129250709544318,White
white,San Mateo,081,2022-12-20,White,16005.0,258932.0,242927.0,283955,253972,0.056364564807804,0.0630187579733198,0.9118768819003013,0.999,0.8555123170924971,0.956510953963429,White
white,Lake,033,2022-12-20,White,2121.0,25704.0,23583.0,41838,37470,0.0506955399397676,0.0566052842273819,0.6143697117453033,0.6859887910328263,0.5636741718055356,0.6293835068054443,White
white,Kings,031,2022-12-20,White,2261.0,23296.0,21035.0,44875,38420,0.0503844011142061,0.0588495575221238,0.5191309192200557,0.6063508589276418,0.4687465181058496,0.547501301405518,White
white,Kern,029,2022-12-20,White,13601.0,174187.0,160586.0,287453,251166,0.0473155611526058,0.0541514376945924,0.605966888500033,0.6935134532540232,0.5586513273474273,0.6393620155594308,White
unknown,Santa Barbara,083,2022-12-20,MultiracialOther RaceUnknown,7747.0,34804.0,27057.0,16643,13571,0.4654809829958541,0.5708496057770245,0.999,0.999,0.999,0.999,Unknown
unknown,Stanislaus,099,2022-12-20,MultiracialOther RaceUnknown,7986.0,58891.0,50905.0,22777,18304,0.3506168503314747,0.4362980769230769,0.999,0.999,0.999,0.999,Unknown
unknown,Sonoma,097,2022-12-20,MultiracialOther RaceUnknown,6023.0,40728.0,34705.0,24879,21027,0.2420917239438884,0.2864412422123936,0.999,0.999,0.999,0.999,Unknown
unknown,Solano,095,2022-12-20,MultiracialOther RaceUnknown,6217.0,45833.0,39616.0,30341,23968,0.2049042549685244,0.2593875166889186,0.999,0.999,0.999,0.999,Unknown
unknown,Siskiyou,093,2022-12-20,MultiracialOther RaceUnknown,588.0,2815.0,2227.0,3033,2500,0.1938674579624134,0.2352,0.9281239696669964,0.999,0.734256511704583,0.8908,Unknown
unknown,Sierra,091,2022-12-20,MultiracialOther RaceUnknown,11.0,98.0,87.0,190,169,0.0578947368421052,0.0650887573964497,0.5157894736842106,0.5798816568047337,0.4578947368421052,0.514792899408284,Unknown
unknown,Shasta,089,2022-12-20,MultiracialOther RaceUnknown,1718.0,9991.0,8273.0,12150,9743,0.1413991769547325,0.1763317253412706,0.8223045267489711,0.999,0.6809053497942387,0.849122446884943,Unknown
unknown,Santa Cruz,087,2022-12-20,MultiracialOther RaceUnknown,3118.0,20336.0,17218.0,13686,11459,0.2278240537775829,0.2721005323326643,0.999,0.999,0.999,0.999,Unknown
unknown,Santa Clara,085,2022-12-20,MultiracialOther RaceUnknown,23841.0,174692.0,150851.0,80290,58963,0.296936106613526,0.4043383138578431,0.999,0.999,0.999,0.999,Unknown
unknown,San Mateo,081,2022-12-20,MultiracialOther RaceUnknown,11946.0,87605.0,75659.0,39566,29258,0.3019258959712885,0.4082985850023925,0.999,0.999,0.999,0.999,Unknown
unknown,Sutter,101,2022-12-20,MultiracialOther RaceUnknown,1011.0,6759.0,5748.0,5121,4064,0.1974223784417106,0.24876968503937,0.999,0.999,0.999,0.999,Unknown
unknown,San Luis Obispo,079,2022-12-20,MultiracialOther RaceUnknown,3845.0,23639.0,19794.0,13429,11200,0.2863206493409785,0.3433035714285714,0.999,0.999,0.999,0.999,Unknown
unknown,San Joaquin,077,2022-12-20,MultiracialOther RaceUnknown,12799.0,102511.0,89712.0,33749,26084,0.3792408663960414,0.4906839441803404,0.999,0.999,0.999,0.999,Unknown
unknown,San Francisco,075,2022-12-20,MultiracialOther RaceUnknown,13188.0,80272.0,67084.0,48000,36581,0.27475,0.3605150214592275,0.999,0.999,0.999,0.999,Unknown
unknown,San Diego,073,2022-12-20,MultiracialOther RaceUnknown,101197.0,404354.0,303157.0,173528,133367,0.5831738970079756,0.7587859065585939,0.999,0.999,0.999,0.999,Unknown
unknown,San Bernardino,071,2022-12-20,MultiracialOther RaceUnknown,27777.0,200579.0,172802.0,69161,53526,0.4016280851925218,0.5189440645667526,0.999,0.999,0.999,0.999,Unknown
unknown,San Benito,069,2022-12-20,MultiracialOther RaceUnknown,991.0,8892.0,7901.0,1748,1465,0.566933638443936,0.6764505119453925,0.999,0.999,0.999,0.999,Unknown
unknown,Sacramento,067,2022-12-20,MultiracialOther RaceUnknown,21828.0,159022.0,137194.0,100954,78302,0.2162172870812449,0.2787668258792878,0.999,0.999,0.999,0.999,Unknown
unknown,Riverside,065,2022-12-20,MultiracialOther RaceUnknown,38746.0,232312.0,193566.0,86613,68442,0.4473462413263598,0.5661143742146635,0.999,0.999,0.999,0.999,Unknown
unknown,Tehama,103,2022-12-20,MultiracialOther RaceUnknown,565.0,3524.0,2959.0,3474,2847,0.1626367299942429,0.1984545135230066,0.999,0.999,0.8517559009786989,0.999,Unknown
white,Inyo,027,2022-12-20,White,547.0,8099.0,7552.0,10613,9706,0.0515405634599076,0.0563568926437255,0.7631207010270423,0.834432309911395,0.7115801375671347,0.7780754172676695,White
white,Calaveras,009,2022-12-20,White,1320.0,19886.0,18566.0,34090,31202,0.0387210325608682,0.0423049804499711,0.583338222352596,0.6373309403243382,0.5446171897917278,0.595025959874367,White
white,Imperial,025,2022-12-20,White,2094.0,17549.0,15455.0,18116,15994,0.1155884301170236,0.130924096536201,0.9687017001545596,0.999,0.8531132700375359,0.966299862448418,White
white,Humboldt,023,2022-12-20,White,5099.0,71608.0,66509.0,92379,82797,0.0551965273492893,0.0615843569211444,0.7751545264616417,0.8648622534632897,0.7199579991123524,0.8032778965421452,White
white,Glenn,021,2022-12-20,White,483.0,7208.0,6725.0,14176,12523,0.0340716704288939,0.038569032979318,0.5084650112866818,0.5755809310868003,0.4743933408577878,0.5370118981074822,White
white,Fresno,019,2022-12-20,White,14770.0,200603.0,185833.0,279449,247061,0.0528540091394136,0.0597828066752745,0.717851915734177,0.8119573708517329,0.6649979065947633,0.7521745641764584,White
white,El Dorado,017,2022-12-20,White,7005.0,95703.0,88698.0,140073,127426,0.050009637831702,0.0549730824164613,0.6832365980595833,0.7510476668811702,0.6332269602278812,0.6960745844647089,White
white,Del Norte,015,2022-12-20,White,1016.0,10182.0,9166.0,15831,14128,0.0641778788453035,0.0719139297848244,0.6431684669319689,0.7206964892412231,0.5789905880866654,0.6487825594563986,White
white,Contra Costa,013,2022-12-20,White,19113.0,408047.0,388934.0,462181,418426,0.0413539284392911,0.0456783278285766,0.8828727273514057,0.9751951360575108,0.8415187989121146,0.929516808228934,White
white,Colusa,011,2022-12-20,White,294.0,4263.0,3969.0,7406,6704,0.0396975425330812,0.043854415274463,0.5756143667296786,0.6358890214797136,0.5359168241965974,0.5920346062052506,White
white,Butte,007,2022-12-20,White,6789.0,88848.0,82059.0,150759,134793,0.0450321373848327,0.0503661169348556,0.5893379499731359,0.6591440208319423,0.5443058125883032,0.6087779038970866,White
unknown,Trinity,105,2022-12-20,MultiracialOther RaceUnknown,104.0,574.0,470.0,815,669,0.1276073619631902,0.1554559043348281,0.7042944785276074,0.8579970104633782,0.5766871165644172,0.70254110612855,Unknown
white,Amador,005,2022-12-20,White,1256.0,18146.0,16890.0,28157,25811,0.0446070248961181,0.0486614234241215,0.644457861277835,0.7030335903297044,0.5998508363817168,0.6543721669055829,White
white,Alpine,002,2022-12-20,White,33.0,427.0,394.0,765,733,0.0431372549019607,0.0450204638472032,0.5581699346405229,0.582537517053206,0.515032679738562,0.5375170532060027,White
white,Alameda,001,2022-12-20,White,23270.0,417020.0,393750.0,479169,435626,0.0485632417789965,0.0534173809644052,0.8702983707209774,0.9572890506994532,0.8217351289419808,0.903871669735048,White
unknown,Yuba,115,2022-12-20,MultiracialOther RaceUnknown,783.0,4589.0,3806.0,5767,4410,0.1357724986994971,0.1775510204081632,0.7957343506155714,0.999,0.6599618519160743,0.8630385487528345,Unknown
unknown,Yolo,113,2022-12-20,MultiracialOther RaceUnknown,3301.0,18747.0,15446.0,12572,9985,0.2625676105631562,0.3305958938407611,0.999,0.999,0.999,0.999,Unknown
unknown,Ventura,111,2022-12-20,MultiracialOther RaceUnknown,10495.0,68020.0,57525.0,33031,26640,0.3177318276770307,0.3939564564564564,0.999,0.999,0.999,0.999,Unknown
unknown,Tuolumne,109,2022-12-20,MultiracialOther RaceUnknown,369.0,3382.0,3013.0,3034,2525,0.1216216216216216,0.1461386138613861,0.999,0.999,0.9930784442979564,0.999,Unknown
unknown,Tulare,107,2022-12-20,MultiracialOther RaceUnknown,5155.0,27528.0,22373.0,10955,8832,0.4705613874942948,0.5836730072463768,0.999,0.999,0.999,0.999,Unknown
latino,Alpine,002,2022-12-20,Latino,7.0,29.0,22.0,85,78,0.0823529411764705,0.0897435897435897,0.3411764705882353,0.3717948717948718,0.2588235294117647,0.282051282051282,Latino
latino,Alameda,001,2022-12-20,Latino,24216.0,284583.0,260367.0,395275,327874,0.0612636771867687,0.0738576404350451,0.719962051736133,0.8679645229569896,0.6586983745493644,0.7941068825219444,Latino
black,Yuba,115,2022-12-20,Black or African American,167.0,1568.0,1401.0,2703,2267,0.0617832038475767,0.0736656374062637,0.5800961894191639,0.6916629907366564,0.5183129855715871,0.6179973533303926,Black
black,Yolo,113,2022-12-20,Black or African American,390.0,4327.0,3937.0,5976,5171,0.0652610441767068,0.0754206149680912,0.7240629183400268,0.8367820537613614,0.6588018741633199,0.7613614387932701,Black
asian,Colusa,011,2022-12-20,AsianNative Hawaiian or Other Pacific Islander,14.0,210.0,196.0,346,311,0.0404624277456647,0.045016077170418,0.6069364161849711,0.6752411575562701,0.5664739884393064,0.6302250803858521,Asian or Pacific Islander
asian,Calaveras,009,2022-12-20,AsianNative Hawaiian or Other Pacific Islander,32.0,473.0,441.0,771,705,0.0415045395590142,0.0453900709219858,0.6134889753566797,0.6709219858156028,0.5719844357976653,0.625531914893617,Asian or Pacific Islander
asian,Butte,007,2022-12-20,AsianNative Hawaiian or Other Pacific Islander,495.0,6963.0,6468.0,11608,9870,0.0426430048242591,0.0501519756838905,0.5998449345279118,0.7054711246200608,0.5572019297036527,0.6553191489361702,Asian or Pacific Islander
asian,Amador,005,2022-12-20,AsianNative Hawaiian or Other Pacific Islander,35.0,450.0,415.0,579,513,0.0604490500863557,0.0682261208576998,0.7772020725388601,0.8771929824561403,0.7167530224525043,0.8089668615984406,Asian or Pacific Islander
asian,Alpine,002,2022-12-20,AsianNative Hawaiian or Other Pacific Islander,0.0,0.0,0.0,13,13,0.0,0.0,0.0,0.0,0.0,0.0,Asian or Pacific Islander
asian,Alameda,001,2022-12-20,AsianNative Hawaiian or Other Pacific Islander,37929.0,518011.0,480082.0,552421,481586,0.0686595911451592,0.0787585187277038,0.9377105504678496,0.999,0.8690509593226905,0.9968769856266586,Asian or Pacific Islander
aian,Yuba,115,2022-12-20,American Indian or Alaska Native,47.0,413.0,366.0,991,873,0.0474268415741675,0.0538373424971363,0.4167507568113017,0.4730813287514318,0.3693239152371342,0.4192439862542955,American Indian or Alaska Native
aian,Yolo,113,2022-12-20,American Indian or Alaska Native,77.0,752.0,675.0,993,874,0.0775427995971802,0.0881006864988558,0.75730110775428,0.8604118993135011,0.6797583081570997,0.7723112128146453,American Indian or Alaska Native
aian,Ventura,111,2022-12-20,American Indian or Alaska Native,170.0,1326.0,1156.0,2032,1801,0.0836614173228346,0.0943920044419766,0.6525590551181102,0.7362576346474181,0.5688976377952756,0.6418656302054414,American Indian or Alaska Native
aian,Tuolumne,109,2022-12-20,American Indian or Alaska Native,27.0,166.0,139.0,727,666,0.0371389270976616,0.0405405405405405,0.2283356258596973,0.2492492492492492,0.1911966987620357,0.2087087087087087,American Indian or Alaska Native
aian,Tulare,107,2022-12-20,American Indian or Alaska Native,105.0,882.0,777.0,3543,2948,0.0296359017781541,0.0356173677069199,0.2489415749364945,0.2991858887381275,0.2193056731583404,0.2635685210312076,American Indian or Alaska Native
aian,Trinity,105,2022-12-20,American Indian or Alaska Native,8.0,128.0,120.0,354,305,0.0225988700564971,0.0262295081967213,0.3615819209039548,0.419672131147541,0.3389830508474576,0.3934426229508196,American Indian or Alaska Native
aian,Tehama,103,2022-12-20,American Indian or Alaska Native,33.0,362.0,329.0,1131,961,0.0291777188328912,0.0343392299687825,0.3200707338638373,0.3766909469302809,0.290893015030946,0.3423517169614984,American Indian or Alaska Native
aian,Sutter,101,2022-12-20,American Indian or Alaska Native,42.0,394.0,352.0,849,745,0.0494699646643109,0.0563758389261744,0.464075382803298,0.5288590604026846,0.414605418138987,0.47248322147651,American Indian or Alaska Native
aian,Stanislaus,099,2022-12-20,American Indian or Alaska Native,271.0,1697.0,1426.0,2677,2347,0.1012327231976092,0.1154665530464422,0.6339185655584609,0.7230507030251385,0.5326858423608517,0.6075841499786963,American Indian or Alaska Native
aian,Sonoma,097,2022-12-20,American Indian or Alaska Native,390.0,2826.0,2436.0,3136,2792,0.1243622448979591,0.1396848137535816,0.9011479591836736,0.999,0.7767857142857143,0.8724928366762178,American Indian or Alaska Native
aian,Solano,095,2022-12-20,American Indian or Alaska Native,226.0,1302.0,1076.0,1589,1408,0.1422278162366268,0.1605113636363636,0.8193832599118943,0.9247159090909092,0.6771554436752675,0.7642045454545454,American Indian or Alaska Native
aian,Siskiyou,093,2022-12-20,American Indian or Alaska Native,78.0,656.0,578.0,1734,1411,0.0449826989619377,0.0552799433026222,0.378316032295271,0.4649184975194897,0.3333333333333333,0.4096385542168674,American Indian or Alaska Native
asian,Contra Costa,013,2022-12-20,AsianNative Hawaiian or Other Pacific Islander,11712.0,198301.0,186589.0,219460,193273,0.0533673562380388,0.0605982211690199,0.9035860749111456,0.999,0.8502187186731067,0.9654167938615328,Asian or Pacific Islander
asian,Del Norte,015,2022-12-20,AsianNative Hawaiian or Other Pacific Islander,54.0,497.0,443.0,838,687,0.0644391408114558,0.0786026200873362,0.5930787589498807,0.7234352256186317,0.5286396181384249,0.6448326055312955,Asian or Pacific Islander
asian,El Dorado,017,2022-12-20,AsianNative Hawaiian or Other Pacific Islander,748.0,8111.0,7363.0,9175,8048,0.0815258855585831,0.0929423459244532,0.8840326975476839,0.999,0.8025068119891008,0.914885685884692,Asian or Pacific Islander
asian,Madera,039,2022-12-20,AsianNative Hawaiian or Other Pacific Islander,208.0,2695.0,2487.0,3842,3374,0.0541384695471108,0.0616478956727919,0.7014575741801146,0.7987551867219918,0.6473191046330037,0.7371072910491998,Asian or Pacific Islander
asian,Napa,055,2022-12-20,AsianNative Hawaiian or Other Pacific Islander,697.0,9358.0,8661.0,10936,9839,0.0637344550109729,0.0708405325744486,0.8557059253840527,0.9511129179794696,0.7919714703730797,0.8802723854050208,Asian or Pacific Islander
asian,Monterey,053,2022-12-20,AsianNative Hawaiian or Other Pacific Islander,1884.0,19462.0,17578.0,27353,24617,0.0688772712316747,0.0765324775561603,0.7115124483603261,0.7905918674087014,0.6426351771286514,0.7140593898525409,Asian or Pacific Islander
asian,Mono,051,2022-12-20,AsianNative Hawaiian or Other Pacific Islander,36.0,194.0,158.0,215,196,0.1674418604651162,0.1836734693877551,0.9023255813953488,0.9897959183673468,0.7348837209302326,0.8061224489795918,Asian or Pacific Islander
asian,Modoc,049,2022-12-20,AsianNative Hawaiian or Other Pacific Islander,2.0,45.0,43.0,103,84,0.0194174757281553,0.0238095238095238,0.4368932038834951,0.5357142857142857,0.4174757281553398,0.5119047619047619,Asian or Pacific Islander
asian,Merced,047,2022-12-20,AsianNative Hawaiian or Other Pacific Islander,1303.0,13497.0,12194.0,20838,17900,0.0625299932815049,0.0727932960893854,0.6477109127555427,0.7540223463687151,0.5851809194740378,0.6812290502793296,Asian or Pacific Islander
asian,Mendocino,045,2022-12-20,AsianNative Hawaiian or Other Pacific Islander,220.0,1446.0,1226.0,1746,1554,0.1260022909507445,0.1415701415701415,0.8281786941580757,0.9305019305019304,0.702176403207331,0.788931788931789,Asian or Pacific Islander
asian,Mariposa,043,2022-12-20,AsianNative Hawaiian or Other Pacific Islander,35.0,222.0,187.0,312,280,0.1121794871794871,0.125,0.7115384615384616,0.7928571428571428,0.5993589743589743,0.6678571428571428,Asian or Pacific Islander
asian,Marin,041,2022-12-20,AsianNative Hawaiian or Other Pacific Islander,1070.0,15413.0,14343.0,16471,15085,0.0649626616477445,0.070931388796818,0.9357658915669964,0.999,0.870803229919252,0.9508120649651972,Asian or Pacific Islander
asian,Los Angeles,037,2022-12-20,AsianNative Hawaiian or Other Pacific Islander,102571.0,1283425.0,1180854.0,1517845,1357316,0.0675767288491249,0.0755689905666771,0.8455573526941157,0.9455609452772972,0.7779806238449908,0.8699919547106201,Asian or Pacific Islander
asian,Fresno,019,2022-12-20,AsianNative Hawaiian or Other Pacific Islander,5966.0,77760.0,71794.0,112371,93402,0.0530919899262265,0.0638744352369328,0.6919934858637905,0.8325303526691077,0.638901495937564,0.7686559174321749,Asian or Pacific Islander
asian,Lassen,035,2022-12-20,AsianNative Hawaiian or Other Pacific Islander,12.0,241.0,229.0,683,577,0.0175695461200585,0.0207972270363951,0.3528550512445095,0.4176776429809358,0.3352855051244509,0.3968804159445407,Asian or Pacific Islander
asian,Lake,033,2022-12-20,AsianNative Hawaiian or Other Pacific Islander,49.0,728.0,679.0,973,870,0.0503597122302158,0.0563218390804597,0.7482014388489209,0.8367816091954023,0.697841726618705,0.7804597701149425,Asian or Pacific Islander
asian,Kings,031,2022-12-20,AsianNative Hawaiian or Other Pacific Islander,338.0,3003.0,2665.0,5824,5084,0.0580357142857142,0.0664830841856805,0.515625,0.5906766325727774,0.4575892857142857,0.5241935483870968,Asian or Pacific Islander
asian,Kern,029,2022-12-20,AsianNative Hawaiian or Other Pacific Islander,2490.0,30054.0,27564.0,46130,40054,0.0539778885757641,0.0621660757976731,0.6515066117494038,0.7503370449892645,0.5975287231736397,0.6881709691915914,Asian or Pacific Islander
asian,Inyo,027,2022-12-20,AsianNative Hawaiian or Other Pacific Islander,28.0,260.0,232.0,270,242,0.1037037037037037,0.1157024793388429,0.9629629629629628,0.999,0.8592592592592593,0.9586776859504132,Asian or Pacific Islander
asian,Imperial,025,2022-12-20,AsianNative Hawaiian or Other Pacific Islander,199.0,1430.0,1231.0,2462,2243,0.0808285946385052,0.0887204636647347,0.5808285946385053,0.637539010254124,0.5,0.5488185465893892,Asian or Pacific Islander
asian,Humboldt,023,2022-12-20,AsianNative Hawaiian or Other Pacific Islander,281.0,3091.0,2810.0,3877,3246,0.0724787206603043,0.0865680837954405,0.797265927263348,0.952248921749846,0.7247872066030436,0.8656808379544054,Asian or Pacific Islander
asian,Glenn,021,2022-12-20,AsianNative Hawaiian or Other Pacific Islander,25.0,397.0,372.0,664,571,0.0376506024096385,0.0437828371278458,0.5978915662650602,0.6952714535901926,0.5602409638554217,0.6514886164623468,Asian or Pacific Islander
aian,Sierra,091,2022-12-20,American Indian or Alaska Native,0.0,0.0,0.0,33,28,0.0,0.0,0.0,0.0,0.0,0.0,American Indian or Alaska Native
aian,Shasta,089,2022-12-20,American Indian or Alaska Native,168.0,2036.0,1868.0,3911,3253,0.0429557657888008,0.051644635720873,0.5205829711071337,0.625883799569628,0.4776272053183329,0.574239163848755,American Indian or Alaska Native
aian,Santa Cruz,087,2022-12-20,American Indian or Alaska Native,70.0,516.0,446.0,863,797,0.0811123986095017,0.0878293601003764,0.5979142526071842,0.6474278544542033,0.5168018539976825,0.5595984943538268,American Indian or Alaska Native
aian,Humboldt,023,2022-12-20,American Indian or Alaska Native,397.0,3732.0,3335.0,7391,6107,0.0537139764578541,0.0650073685934174,0.5049384386415912,0.6111020140822008,0.4512244621837369,0.5460946454887834,American Indian or Alaska Native
aian,Madera,039,2022-12-20,American Indian or Alaska Native,62.0,766.0,704.0,1808,1535,0.03429203539823,0.0403908794788273,0.4236725663716814,0.4990228013029316,0.3893805309734513,0.4586319218241042,American Indian or Alaska Native
aian,Los Angeles,037,2022-12-20,American Indian or Alaska Native,2472.0,19621.0,17149.0,18754,16411,0.1318118801322384,0.1506306745475595,0.999,0.999,0.9144182574384132,0.999,American Indian or Alaska Native
aian,Lassen,035,2022-12-20,American Indian or Alaska Native,21.0,155.0,134.0,872,755,0.0240825688073394,0.0278145695364238,0.1777522935779816,0.2052980132450331,0.1536697247706422,0.1774834437086092,American Indian or Alaska Native
aian,Lake,033,2022-12-20,American Indian or Alaska Native,82.0,833.0,751.0,1641,1324,0.0499695307739183,0.0619335347432024,0.5076173065204144,0.629154078549849,0.457647775746496,0.5672205438066465,American Indian or Alaska Native
aian,Kings,031,2022-12-20,American Indian or Alaska Native,58.0,467.0,409.0,1718,1342,0.0337601862630966,0.0432190760059612,0.2718277066356228,0.3479880774962742,0.2380675203725261,0.3047690014903129,American Indian or Alaska Native
aian,Kern,029,2022-12-20,American Indian or Alaska Native,214.0,1820.0,1606.0,5286,4582,0.0404842981460461,0.0467044958533391,0.3443057132046916,0.3972064600611087,0.3038214150586454,0.3505019642077695,American Indian or Alaska Native
aian,Inyo,027,2022-12-20,American Indian or Alaska Native,185.0,1137.0,952.0,2078,1759,0.0890279114533205,0.1051733939738487,0.5471607314725698,0.6463899943149517,0.4581328200192492,0.5412166003411029,American Indian or Alaska Native
aian,Imperial,025,2022-12-20,American Indian or Alaska Native,179.0,1310.0,1131.0,1694,1415,0.1056670602125147,0.1265017667844523,0.7733175914994097,0.9257950530035336,0.6676505312868949,0.7992932862190812,American Indian or Alaska Native
aian,Glenn,021,2022-12-20,American Indian or Alaska Native,17.0,252.0,235.0,545,430,0.0311926605504587,0.0395348837209302,0.4623853211009174,0.586046511627907,0.4311926605504587,0.5465116279069767,American Indian or Alaska Native
aian,Mariposa,043,2022-12-20,American Indian or Alaska Native,15.0,110.0,95.0,438,401,0.0342465753424657,0.0374064837905236,0.2511415525114155,0.2743142144638404,0.2168949771689497,0.2369077306733167,American Indian or Alaska Native
aian,Fresno,019,2022-12-20,American Indian or Alaska Native,354.0,3104.0,2750.0,6143,5076,0.0576265668240273,0.0697399527186761,0.5052905746377991,0.61150512214342,0.4476640078137717,0.5417651694247438,American Indian or Alaska Native
aian,El Dorado,017,2022-12-20,American Indian or Alaska Native,66.0,514.0,448.0,1260,1105,0.0523809523809523,0.0597285067873303,0.4079365079365079,0.465158371040724,0.3555555555555555,0.4054298642533936,American Indian or Alaska Native
aian,Del Norte,015,2022-12-20,American Indian or Alaska Native,107.0,1018.0,911.0,2060,1663,0.0519417475728155,0.0643415514131088,0.4941747572815534,0.6121467227901383,0.4422330097087378,0.5478051713770294,American Indian or Alaska Native
aian,Contra Costa,013,2022-12-20,American Indian or Alaska Native,220.0,2315.0,2095.0,2557,2244,0.0860383261634728,0.0980392156862745,0.90535784122018,0.999,0.8193195150567071,0.9336007130124776,American Indian or Alaska Native
aian,Colusa,011,2022-12-20,American Indian or Alaska Native,7.0,106.0,99.0,301,255,0.0232558139534883,0.0274509803921568,0.3521594684385382,0.4156862745098039,0.3289036544850498,0.388235294117647,American Indian or Alaska Native
aian,Calaveras,009,2022-12-20,American Indian or Alaska Native,16.0,130.0,114.0,494,449,0.0323886639676113,0.0356347438752783,0.2631578947368421,0.289532293986637,0.2307692307692307,0.2538975501113585,American Indian or Alaska Native
aian,Butte,007,2022-12-20,American Indian or Alaska Native,129.0,1408.0,1279.0,3276,2867,0.0393772893772893,0.0449947680502267,0.4297924297924298,0.4911056853854203,0.3904151404151404,0.4461109173351936,American Indian or Alaska Native
aian,Amador,005,2022-12-20,American Indian or Alaska Native,18.0,183.0,165.0,540,470,0.0333333333333333,0.0382978723404255,0.3388888888888889,0.3893617021276596,0.3055555555555556,0.351063829787234,American Indian or Alaska Native
aian,Marin,041,2022-12-20,American Indian or Alaska Native,57.0,347.0,290.0,556,493,0.1025179856115107,0.1156186612576064,0.6241007194244604,0.7038539553752535,0.5215827338129496,0.5882352941176471,American Indian or Alaska Native
aian,Mendocino,045,2022-12-20,American Indian or Alaska Native,253.0,1418.0,1165.0,3410,2817,0.0741935483870967,0.0898118565850195,0.4158357771260997,0.5033723819666311,0.3416422287390029,0.4135605253816116,American Indian or Alaska Native
aian,Santa Clara,085,2022-12-20,American Indian or Alaska Native,392.0,3009.0,2617.0,3302,2821,0.1187159297395517,0.1389578163771712,0.9112658994548758,0.999,0.7925499697153241,0.9276852180077988,American Indian or Alaska Native
aian,Sacramento,067,2022-12-20,American Indian or Alaska Native,537.0,5252.0,4715.0,7317,6359,0.073390733907339,0.0844472401320962,0.7177805111384448,0.8259160245321592,0.6443897772311057,0.7414687844000629,American Indian or Alaska Native
aian,Santa Barbara,083,2022-12-20,American Indian or Alaska Native,115.0,943.0,828.0,1753,1539,0.0656018254420992,0.0747238466536712,0.537934968625214,0.612735542560104,0.4723331431831146,0.5380116959064327,American Indian or Alaska Native
aian,San Mateo,081,2022-12-20,American Indian or Alaska Native,220.0,1330.0,1110.0,1047,905,0.210124164278892,0.2430939226519337,0.999,0.999,0.999,0.999,American Indian or Alaska Native
aian,San Luis Obispo,079,2022-12-20,American Indian or Alaska Native,90.0,683.0,593.0,1110,995,0.081081081081081,0.0904522613065326,0.6153153153153154,0.6864321608040201,0.5342342342342342,0.5959798994974874,American Indian or Alaska Native
aian,San Joaquin,077,2022-12-20,American Indian or Alaska Native,248.0,2466.0,2218.0,3131,2732,0.0792079207920792,0.0907759882869692,0.7876077930373683,0.9026354319180088,0.708399872245289,0.8118594436310396,American Indian or Alaska Native
aian,San Francisco,075,2022-12-20,American Indian or Alaska Native,332.0,2003.0,1671.0,1603,1439,0.2071116656269494,0.2307157748436414,0.999,0.999,0.999,0.999,American Indian or Alaska Native
aian,San Diego,073,2022-12-20,American Indian or Alaska Native,1084.0,9407.0,8323.0,13004,11011,0.0833589664718548,0.0984470075379166,0.7233928022147031,0.854327490691127,0.6400338357428483,0.7558804831532104,American Indian or Alaska Native
aian,San Bernardino,071,2022-12-20,American Indian or Alaska Native,639.0,4580.0,3941.0,8465,7274,0.0754873006497342,0.0878471267528182,0.5410513880685174,0.6296398130327193,0.4655640874187832,0.5417926862799011,American Indian or Alaska Native
aian,San Benito,069,2022-12-20,American Indian or Alaska Native,20.0,180.0,160.0,237,218,0.0843881856540084,0.091743119266055,0.759493670886076,0.8256880733944955,0.6751054852320675,0.7339449541284404,American Indian or Alaska Native
aian,Riverside,065,2022-12-20,American Indian or Alaska Native,1197.0,6143.0,4946.0,12272,10458,0.0975391134289439,0.1144578313253012,0.5005704041720991,0.5873972078791356,0.4030312907431551,0.4729393765538344,American Indian or Alaska Native
aian,Merced,047,2022-12-20,American Indian or Alaska Native,78.0,637.0,559.0,1215,1070,0.0641975308641975,0.0728971962616822,0.5242798353909465,0.5953271028037384,0.460082304526749,0.5224299065420561,American Indian or Alaska Native
aian,Plumas,063,2022-12-20,American Indian or Alaska Native,19.0,117.0,98.0,356,309,0.0533707865168539,0.0614886731391585,0.3286516853932584,0.3786407766990291,0.2752808988764045,0.3171521035598705,American Indian or Alaska Native
aian,Placer,061,2022-12-20,American Indian or Alaska Native,128.0,1289.0,1161.0,1985,1776,0.0644836272040302,0.072072072072072,0.6493702770780856,0.7257882882882883,0.5848866498740554,0.6537162162162162,American Indian or Alaska Native
aian,Orange,059,2022-12-20,American Indian or Alaska Native,692.0,5104.0,4412.0,5316,4677,0.1301730624529721,0.1479580927945264,0.9601203912716328,0.999,0.8299473288186606,0.943339747701518,American Indian or Alaska Native
aian,Nevada,057,2022-12-20,American Indian or Alaska Native,34.0,461.0,427.0,671,606,0.0506706408345752,0.0561056105610561,0.6870342771982116,0.7607260726072608,0.6363636363636364,0.7046204620462047,American Indian or Alaska Native
aian,Napa,055,2022-12-20,American Indian or Alaska Native,42.0,256.0,214.0,514,489,0.0817120622568093,0.0858895705521472,0.4980544747081712,0.523517382413088,0.4163424124513619,0.4376278118609407,American Indian or Alaska Native
aian,Monterey,053,2022-12-20,American Indian or Alaska Native,98.0,716.0,618.0,1340,1197,0.0731343283582089,0.0818713450292397,0.5343283582089552,0.5981620718462823,0.4611940298507462,0.5162907268170426,American Indian or Alaska Native
aian,Mono,051,2022-12-20,American Indian or Alaska Native,11.0,98.0,87.0,187,173,0.0588235294117647,0.0635838150289017,0.5240641711229946,0.5664739884393064,0.46524064171123,0.5028901734104047,American Indian or Alaska Native
aian,Modoc,049,2022-12-20,American Indian or Alaska Native,15.0,123.0,108.0,399,342,0.037593984962406,0.043859649122807,0.3082706766917293,0.3596491228070175,0.2706766917293233,0.3157894736842105,American Indian or Alaska Native
asian,Nevada,057,2022-12-20,AsianNative Hawaiian or Other Pacific Islander,131.0,1097.0,966.0,1440,1326,0.0909722222222222,0.0987933634992458,0.7618055555555555,0.8273001508295625,0.6708333333333333,0.7285067873303167,Asian or Pacific Islander
asian,Orange,059,2022-12-20,AsianNative Hawaiian or Other Pacific Islander,46001.0,602664.0,556663.0,710793,619957,0.0647178573790119,0.0742003074406773,0.847875541824413,0.97210612994127,0.7831576844454011,0.8979058225005928,Asian or Pacific Islander
asian,Placer,061,2022-12-20,AsianNative Hawaiian or Other Pacific Islander,1980.0,31491.0,29511.0,34946,30708,0.0566588450752589,0.0644783118405627,0.9011331769015052,0.999,0.8444743318262462,0.9610199296600236,Asian or Pacific Islander
black,Monterey,053,2022-12-20,Black or African American,663.0,5159.0,4496.0,9180,8465,0.0722222222222222,0.0783225044300059,0.5619825708061003,0.6094506792675723,0.489760348583878,0.5311281748375665,Black
black,San Benito,069,2022-12-20,Black or African American,33.0,453.0,420.0,457,411,0.0722100656455142,0.0802919708029197,0.9912472647702408,0.999,0.9190371991247264,0.999,Black
black,Sacramento,067,2022-12-20,Black or African American,7659.0,95788.0,88129.0,143273,121521,0.053457385550662,0.0630261436294961,0.6685697933316117,0.788242361402556,0.6151124077809497,0.7252162177730598,Black
black,Riverside,065,2022-12-20,Black or African American,7605.0,88621.0,81016.0,150531,129772,0.0505211551109073,0.058602780260765,0.5887225887026593,0.6828976975002312,0.5382014335917519,0.6242949172394662,Black
black,Plumas,063,2022-12-20,Black or African American,8.0,77.0,69.0,114,97,0.0701754385964912,0.0824742268041237,0.6754385964912281,0.7938144329896907,0.6052631578947368,0.711340206185567,Black
black,Placer,061,2022-12-20,Black or African American,439.0,5404.0,4965.0,6319,5603,0.0694730178825763,0.0783508834552918,0.8551986073745846,0.9644833125111548,0.7857255894920082,0.886132429055863,Black
black,Orange,059,2022-12-20,Black or African American,3071.0,36260.0,33189.0,49535,43659,0.0619965680831735,0.0703405941501179,0.7320076713434945,0.8305274971941639,0.670011103260321,0.7601869030440459,Black
black,Nevada,057,2022-12-20,Black or African American,41.0,283.0,242.0,377,322,0.1087533156498673,0.1273291925465838,0.7506631299734748,0.8788819875776398,0.6419098143236074,0.7515527950310559,Black
black,Napa,055,2022-12-20,Black or African American,172.0,2052.0,1880.0,2337,2119,0.0735986307231493,0.0811703633789523,0.8780487804878049,0.9683813119395942,0.8044501497646556,0.8872109485606419,Black
black,Mono,051,2022-12-20,Black or African American,5.0,33.0,28.0,76,64,0.0657894736842105,0.078125,0.4342105263157895,0.515625,0.3684210526315789,0.4375,Black
black,San Diego,073,2022-12-20,Black or African American,10230.0,95250.0,85020.0,146708,125483,0.0697303487199062,0.081524987448499,0.6492488480519126,0.7590669652462884,0.5795184993320064,0.6775419777977894,Black
black,Modoc,049,2022-12-20,Black or African American,5.0,40.0,35.0,73,58,0.0684931506849315,0.0862068965517241,0.547945205479452,0.6896551724137931,0.4794520547945205,0.603448275862069,Black
black,Merced,047,2022-12-20,Black or African American,508.0,4176.0,3668.0,8344,7279,0.060882070949185,0.069789806292073,0.5004793863854267,0.5737051792828686,0.4395973154362416,0.5039153729907955,Black
black,Mendocino,045,2022-12-20,Black or African American,34.0,321.0,287.0,592,503,0.0574324324324324,0.0675944333996023,0.5422297297297297,0.6381709741550696,0.4847972972972973,0.5705765407554672,Black
black,Mariposa,043,2022-12-20,Black or African American,10.0,88.0,78.0,117,107,0.0854700854700854,0.0934579439252336,0.7521367521367521,0.822429906542056,0.6666666666666666,0.7289719626168224,Black
black,Marin,041,2022-12-20,Black or African American,350.0,3872.0,3522.0,6079,5657,0.0575752590886659,0.0618702492487184,0.6369468662608981,0.6844617288315361,0.5793716071722322,0.6225914795828178,Black
black,Madera,039,2022-12-20,Black or African American,156.0,1664.0,1508.0,4322,3988,0.0360944007403979,0.0391173520561685,0.3850069412309116,0.4172517552657974,0.3489125404905137,0.3781344032096289,Black
black,Los Angeles,037,2022-12-20,Black or African American,44486.0,503580.0,459094.0,773917,679151,0.0574816162456697,0.0655023698706178,0.6506899318660787,0.7414845888469574,0.5932083156204089,0.6759822189763396,Black
black,Lassen,035,2022-12-20,Black or African American,14.0,148.0,134.0,2046,2019,0.0068426197458455,0.0069341258048538,0.0723362658846529,0.0733036156513125,0.0654936461388074,0.0663694898464586,Black
black,San Bernardino,071,2022-12-20,Black or African American,7721.0,91409.0,83688.0,174756,146477,0.0441816017761908,0.052711347173959,0.523066446931722,0.6240501921803423,0.4788848451555311,0.5713388450063832,Black
black,San Francisco,075,2022-12-20,Black or African American,3335.0,37838.0,34503.0,46056,41430,0.0724118464478026,0.0804972242336471,0.8215650512419663,0.9132995413951244,0.7491532047941636,0.8328023171614772,Black
black,Kings,031,2022-12-20,Black or African American,352.0,2685.0,2333.0,8299,7240,0.0424147487649114,0.0486187845303867,0.3235329557778045,0.3708563535911602,0.2811182070128931,0.3222375690607735,Black
black,Sonoma,097,2022-12-20,Black or African American,509.0,5794.0,5285.0,7316,6521,0.0695735374521596,0.0780555129581352,0.791962821213778,0.8885140315902469,0.7223892837616184,0.8104585186321116,Black
black,Ventura,111,2022-12-20,Black or African American,884.0,9926.0,9042.0,13810,12274,0.0640115858073859,0.0720221606648199,0.7187545257060102,0.8087013198631253,0.6547429398986242,0.7366791591983054,Black
black,Tuolumne,109,2022-12-20,Black or African American,19.0,145.0,126.0,943,915,0.0201484623541887,0.0207650273224043,0.1537645811240721,0.1584699453551912,0.1336161187698833,0.1377049180327869,Black
black,Tulare,107,2022-12-20,Black or African American,273.0,2863.0,2590.0,5444,4604,0.0501469507714915,0.0592962641181581,0.5259000734753857,0.6218505647263249,0.4757531227038942,0.5625543006081668,Black
black,Trinity,105,2022-12-20,Black or African American,2.0,23.0,21.0,50,44,0.04,0.0454545454545454,0.46,0.5227272727272727,0.42,0.4772727272727273,Black
black,Tehama,103,2022-12-20,Black or African American,19.0,179.0,160.0,381,329,0.0498687664041994,0.0577507598784194,0.4698162729658792,0.5440729483282675,0.4199475065616798,0.486322188449848,Black
black,Sutter,101,2022-12-20,Black or African American,97.0,989.0,892.0,1785,1537,0.0543417366946778,0.0631099544567339,0.55406162464986,0.6434612882238127,0.4997198879551821,0.5803513337670787,Black
black,Stanislaus,099,2022-12-20,Black or African American,1069.0,8738.0,7669.0,14566,12425,0.0733900865028147,0.0860362173038229,0.5998901551558423,0.7032595573440644,0.5265000686530276,0.6172233400402415,Black
black,Solano,095,2022-12-20,Black or African American,3545.0,41030.0,37485.0,58949,51796,0.0601367283584115,0.0684415785002702,0.6960253778690054,0.7921461116688547,0.6358886495105939,0.7237045331685844,Black
black,San Joaquin,077,2022-12-20,Black or African American,3054.0,33662.0,30608.0,56674,48247,0.0538871440166566,0.0632992724936265,0.5939584289092,0.6977014114867246,0.5400712848925433,0.634402138993098,Black
black,Siskiyou,093,2022-12-20,Black or African American,31.0,248.0,217.0,470,411,0.0659574468085106,0.0754257907542579,0.5276595744680851,0.6034063260340633,0.4617021276595744,0.5279805352798054,Black
black,Sierra,091,2022-12-20,Black or African American,0.0,0.0,0.0,7,5,0.0,0.0,0.0,0.0,0.0,0.0,Black
black,Shasta,089,2022-12-20,Black or African American,112.0,969.0,857.0,1702,1435,0.0658049353701527,0.0780487804878048,0.5693301997649823,0.6752613240418118,0.5035252643948296,0.597212543554007,Black
black,Santa Cruz,087,2022-12-20,Black or African American,160.0,1856.0,1696.0,2841,2643,0.0563181978176698,0.0605372682557699,0.65329109468497,0.7022323117669316,0.5969728968673003,0.6416950435111616,Black
black,Santa Clara,085,2022-12-20,Black or African American,2592.0,34958.0,32366.0,42928,37863,0.0603801714498695,0.0684573330164012,0.814340290719344,0.9232760214457386,0.7539601192694745,0.8548186884293374,Black
black,Santa Barbara,083,2022-12-20,Black or African American,464.0,4503.0,4039.0,6519,5936,0.0711765608222119,0.0781671159029649,0.6907501150483203,0.7585916442048517,0.6195735542261083,0.6804245283018868,Black
black,San Mateo,081,2022-12-20,Black or African American,1038.0,12785.0,11747.0,14902,13669,0.069655079855053,0.0759382544443631,0.857938531740706,0.9353281147121224,0.788283451885653,0.8593898602677592,Black
black,San Luis Obispo,079,2022-12-20,Black or African American,174.0,1727.0,1553.0,4268,4015,0.0407685098406747,0.0433374844333748,0.4046391752577319,0.4301369863013699,0.3638706654170571,0.386799501867995,Black
black,Lake,033,2022-12-20,Black or African American,73.0,654.0,581.0,1076,948,0.0678438661710037,0.0770042194092827,0.6078066914498141,0.689873417721519,0.5399628252788105,0.6128691983122363,Black
black,Kern,029,2022-12-20,Black or African American,2302.0,20422.0,18120.0,47402,39319,0.0485633517573098,0.0585467585645616,0.4308257035568119,0.5193926600371321,0.3822623517995021,0.4608459014725705,Black
asian,Plumas,063,2022-12-20,AsianNative Hawaiian or Other Pacific Islander,15.0,134.0,119.0,182,156,0.0824175824175824,0.0961538461538461,0.7362637362637363,0.8589743589743589,0.6538461538461539,0.7628205128205128,Asian or Pacific Islander
asian,Santa Barbara,083,2022-12-20,AsianNative Hawaiian or Other Pacific Islander,2527.0,18824.0,16297.0,26111,24229,0.0967791352303626,0.1042965041891947,0.7209222166902838,0.7769202195715877,0.6241430814599211,0.672623715382393,Asian or Pacific Islander
asian,Stanislaus,099,2022-12-20,AsianNative Hawaiian or Other Pacific Islander,3424.0,24532.0,21108.0,37527,32100,0.0912409731659871,0.1066666666666666,0.6537159911530365,0.7642367601246106,0.5624750179870494,0.6575700934579439,Asian or Pacific Islander
asian,Sonoma,097,2022-12-20,AsianNative Hawaiian or Other Pacific Islander,1301.0,19153.0,17852.0,24651,22487,0.0527767636201371,0.0578556499310712,0.7769664516652468,0.8517365589006982,0.7241896880451097,0.7938809089696269,Asian or Pacific Islander
asian,Solano,095,2022-12-20,AsianNative Hawaiian or Other Pacific Islander,5816.0,61892.0,56076.0,73329,65366,0.0793137776323146,0.0889759202031637,0.8440316927818462,0.9468531040602148,0.7647179151495316,0.857877183857051,Asian or Pacific Islander
asian,Siskiyou,093,2022-12-20,AsianNative Hawaiian or Other Pacific Islander,105.0,673.0,568.0,892,760,0.1177130044843049,0.1381578947368421,0.7544843049327354,0.8855263157894737,0.6367713004484304,0.7473684210526316,Asian or Pacific Islander
asian,Sierra,091,2022-12-20,AsianNative Hawaiian or Other Pacific Islander,0.0,0.0,0.0,22,17,0.0,0.0,0.0,0.0,0.0,0.0,Asian or Pacific Islander
asian,Shasta,089,2022-12-20,AsianNative Hawaiian or Other Pacific Islander,423.0,3832.0,3409.0,5975,5029,0.0707949790794979,0.0841121495327102,0.6413389121338912,0.7619805130244581,0.5705439330543933,0.6778683634917478,Asian or Pacific Islander
asian,Santa Cruz,087,2022-12-20,AsianNative Hawaiian or Other Pacific Islander,888.0,9134.0,8246.0,12385,11582,0.0716996366572466,0.0766706959074425,0.7375050464271296,0.7886375410119151,0.6658054097698829,0.7119668451044725,Asian or Pacific Islander
asian,Santa Clara,085,2022-12-20,AsianNative Hawaiian or Other Pacific Islander,56934.0,731863.0,674929.0,774194,675904,0.0735397071018375,0.0842338556954833,0.9453224902285474,0.999,0.8717827831267099,0.9985574874538397,Asian or Pacific Islander
asian,San Mateo,081,2022-12-20,AsianNative Hawaiian or Other Pacific Islander,15629.0,219011.0,203382.0,239826,211577,0.0651680801914721,0.0738690878498135,0.9132079090674072,0.999,0.8480398288759351,0.9612670564380816,Asian or Pacific Islander
asian,Sutter,101,2022-12-20,AsianNative Hawaiian or Other Pacific Islander,838.0,13370.0,12532.0,18239,15731,0.0459455013981029,0.0532706121670586,0.7330445748122156,0.8499141821880364,0.6870990734141126,0.7966435700209777,Asian or Pacific Islander
asian,San Luis Obispo,079,2022-12-20,AsianNative Hawaiian or Other Pacific Islander,617.0,6646.0,6029.0,10212,9544,0.0604191147669408,0.0646479463537301,0.6508029768899334,0.6963537300922046,0.5903838621229925,0.6317057837384744,Asian or Pacific Islander
asian,San Joaquin,077,2022-12-20,AsianNative Hawaiian or Other Pacific Islander,9489.0,106909.0,97420.0,139089,118400,0.0682225050147747,0.080143581081081,0.7686373473099958,0.9029476351351352,0.700414842295221,0.8228040540540541,Asian or Pacific Islander
asian,San Francisco,075,2022-12-20,AsianNative Hawaiian or Other Pacific Islander,19029.0,283127.0,264098.0,302768,275701,0.0628501030491993,0.0690204243002383,0.9351285472705172,0.999,0.872278444221318,0.9579145523592588,Asian or Pacific Islander
asian,San Diego,073,2022-12-20,AsianNative Hawaiian or Other Pacific Islander,30708.0,345907.0,315199.0,416673,363791,0.0736980797891872,0.0844111041779483,0.8301641815044412,0.9508399053302584,0.756466101715254,0.86642880115231,Asian or Pacific Islander
asian,San Bernardino,071,2022-12-20,AsianNative Hawaiian or Other Pacific Islander,10482.0,142845.0,132363.0,183571,159090,0.057100522413671,0.0658872336413351,0.7781457855543632,0.8978879879313596,0.7210452631406922,0.8320007542900245,Asian or Pacific Islander
asian,San Benito,069,2022-12-20,AsianNative Hawaiian or Other Pacific Islander,167.0,2132.0,1965.0,2246,2031,0.0743544078361531,0.0822255046774987,0.9492430988423864,0.999,0.8748886910062333,0.967503692762186,Asian or Pacific Islander
asian,Sacramento,067,2022-12-20,AsianNative Hawaiian or Other Pacific Islander,16360.0,240707.0,224347.0,289364,246020,0.0565377863175792,0.0664986586456385,0.8318484676739332,0.978404194780912,0.775310681356354,0.9119055361352736,Asian or Pacific Islander
asian,Riverside,065,2022-12-20,AsianNative Hawaiian or Other Pacific Islander,10203.0,128626.0,118423.0,176344,155175,0.0578585038334165,0.0657515708071532,0.7294038923921426,0.8289092959561785,0.6715453885587261,0.7631577251490252,Asian or Pacific Islander
asian,Tehama,103,2022-12-20,AsianNative Hawaiian or Other Pacific Islander,50.0,573.0,523.0,1043,922,0.0479386385426653,0.054229934924078,0.5493767976989453,0.6214750542299349,0.50143815915628,0.5672451193058569,Asian or Pacific Islander
black,Inyo,027,2022-12-20,Black or African American,3.0,31.0,28.0,94,80,0.0319148936170212,0.0375,0.3297872340425531,0.3875,0.2978723404255319,0.35,Black
black,Calaveras,009,2022-12-20,Black or African American,21.0,190.0,169.0,319,278,0.0658307210031347,0.0755395683453237,0.5956112852664577,0.6834532374100719,0.5297805642633229,0.6079136690647482,Black
black,Imperial,025,2022-12-20,Black or African American,118.0,853.0,735.0,4048,3791,0.0291501976284585,0.0311263518860459,0.2107213438735178,0.2250065945660775,0.1815711462450593,0.1938802426800316,Black
black,Humboldt,023,2022-12-20,Black or African American,126.0,1140.0,1014.0,1684,1501,0.0748218527315914,0.083944037308461,0.6769596199524941,0.759493670886076,0.6021377672209026,0.6755496335776149,Black
black,Glenn,021,2022-12-20,Black or African American,8.0,60.0,52.0,171,152,0.0467836257309941,0.0526315789473684,0.3508771929824561,0.3947368421052631,0.3040935672514619,0.3421052631578947,Black
black,Fresno,019,2022-12-20,Black or African American,2478.0,23574.0,21096.0,44873,36806,0.0552225168809751,0.0673259794598706,0.5253493191897132,0.6404933978155736,0.470126802308738,0.5731674183557028,Black
black,El Dorado,017,2022-12-20,Black or African American,112.0,1161.0,1049.0,1422,1243,0.0787623066104078,0.0901045856798069,0.8164556962025317,0.9340305711987128,0.7376933895921237,0.8439259855189059,Black
black,Del Norte,015,2022-12-20,Black or African American,15.0,102.0,87.0,811,783,0.0184956843403205,0.0191570881226053,0.12577065351418,0.1302681992337164,0.1072749691738594,0.1111111111111111,Black
black,Contra Costa,013,2022-12-20,Black or African American,4460.0,75262.0,70802.0,97520,85316,0.0457342083675143,0.0522762436119836,0.7717596390484003,0.8821557503867973,0.726025430680886,0.8298795067748136,Black
black,Colusa,011,2022-12-20,Black or African American,4.0,68.0,64.0,173,157,0.0231213872832369,0.0254777070063694,0.3930635838150289,0.4331210191082802,0.3699421965317919,0.4076433121019108,Black
black,Butte,007,2022-12-20,Black or African American,213.0,1872.0,1659.0,3571,3069,0.059647157658919,0.0694037145650048,0.5242229067488099,0.6099706744868035,0.4645757490898908,0.5405669599217986,Black
asian,Trinity,105,2022-12-20,AsianNative Hawaiian or Other Pacific Islander,95.0,544.0,449.0,1808,1548,0.0525442477876106,0.0613695090439276,0.3008849557522124,0.3514211886304909,0.2483407079646017,0.2900516795865633,Asian or Pacific Islander
black,Amador,005,2022-12-20,Black or African American,21.0,174.0,153.0,1142,1121,0.0183887915936952,0.0187332738626226,0.1523642732049036,0.1552185548617305,0.1339754816112084,0.1364852809991079,Black
black,Alpine,002,2022-12-20,Black or African American,0.0,0.0,0.0,2,0,0.0,,0.0,,0.0,,Black
black,Alameda,001,2022-12-20,Black or African American,8449.0,122676.0,114227.0,159162,141795,0.0530842789107952,0.059586022074121,0.7707618652693482,0.8651644980429494,0.7176775863585529,0.8055784759688283,Black
asian,Yuba,115,2022-12-20,AsianNative Hawaiian or Other Pacific Islander,275.0,3890.0,3615.0,5714,4684,0.0481274063703185,0.0587105038428693,0.6807840392019601,0.8304867634500427,0.6326566328316415,0.7717762596071733,Asian or Pacific Islander
asian,Yolo,113,2022-12-20,AsianNative Hawaiian or Other Pacific Islander,3719.0,27772.0,24053.0,32135,28764,0.1157305119029096,0.1292935613961897,0.8642290337638089,0.9655124461131972,0.7484985218608994,0.8362188847170073,Asian or Pacific Islander
asian,Ventura,111,2022-12-20,AsianNative Hawaiian or Other Pacific Islander,3818.0,52178.0,48360.0,65223,58230,0.0585376324302776,0.0655675768504207,0.7999938671940879,0.896067319251245,0.7414562347638103,0.8304997424008244,Asian or Pacific Islander
asian,Tuolumne,109,2022-12-20,AsianNative Hawaiian or Other Pacific Islander,54.0,575.0,521.0,793,715,0.0680958385876418,0.0755244755244755,0.725094577553594,0.8041958041958042,0.6569987389659521,0.7286713286713287,Asian or Pacific Islander
asian,Tulare,107,2022-12-20,AsianNative Hawaiian or Other Pacific Islander,835.0,9512.0,8677.0,16847,14434,0.0495637205437169,0.057849521962034,0.5646109099542945,0.6589995843148122,0.5150471894105776,0.6011500623527781,Asian or Pacific Islander
white,Yuba,115,2022-12-20,White,1682.0,21460.0,19778.0,40334,34748,0.0417017900530569,0.0484056636353171,0.532057321366589,0.6175895015540462,0.490355531313532,0.5691838379187292,White
