date,confirmed_cases,reported_cases,probable_cases,reported_and_probable_cases,reported_deaths
2021-11-02,4674243,4674665,244800,4919465,71646
2021-11-01,4674243,4671147,244800,4915947,71570
2021-10-31,4673694,4666938,244800,4911738,71532
2021-10-30,4672410,4647587,244800,4892387,71519
2021-10-29,4669676,4647587,244800,4892387,71519
2021-10-28,4664661,4647587,244800,4892387,71519
2021-10-27,4659321,4640489,244800,4885289,71408
2021-10-26,4653803,4635540,244800,4880340,71295
2021-10-25,4648188,4631162,244729,4875891,71182
2021-10-24,4642320,4606599,244202,4850801,70884
2021-10-23,4639526,4606599,243995,4850594,70884
2021-10-22,4636216,4606599,243765,4850364,70884
2021-10-21,4630842,4606599,243315,4849914,70884
2021-10-20,4625369,4600506,242821,4843327,70741
2021-10-19,4619536,4595382,242232,4837614,70593
2021-10-18,4613547,4592312,241626,4833938,70437
2021-10-17,4606774,4588231,241000,4829231,70416
2021-10-16,4603376,4571467,240668,4812135,70150
2021-10-15,4599886,4571467,240350,4811817,70150
2021-10-14,4594759,4571467,239858,4811325,70150
2021-10-13,4589598,4565279,239342,4804621,70010
2021-10-12,4584057,4561319,238804,4800123,69862
2021-10-11,4578340,4557285,238216,4795501,69756
2021-10-10,4572642,4553194,237641,4790835,69741
2021-10-09,4569452,4536273,237374,4773647,69507
2021-10-08,4566021,4536273,237068,4773341,69507
2021-10-07,4560927,4536273,236594,4772867,69507
2021-10-06,4555692,4529563,236087,4765650,69351
2021-10-05,4549768,4524853,235528,4760381,69184
2021-10-04,4543633,4519467,234896,4754363,69027
2021-10-03,4536938,4515715,234224,4749939,69039
2021-10-02,4533613,4496717,233845,4730562,68796
2021-10-01,4530001,4496717,233498,4730215,68796
2021-09-30,4524372,4496717,232947,4729664,68796
2021-09-29,4518662,4488848,232376,4721224,68670
2021-09-28,4512530,4482881,231767,4714648,68517
2021-09-27,4505858,4476388,231154,4707542,68387
2021-09-26,4498309,4471635,230460,4702095,68362
2021-09-25,4494609,4448666,230089,4678755,68087
2021-09-24,4490433,4448666,229715,4678381,68087
2021-09-23,4484339,4448666,229148,4677814,68087
2021-09-22,4477909,4441390,228542,4669932,67928
2021-09-21,4470581,4434696,227874,4662570,67774
2021-09-20,4463132,4428117,227192,4655309,67628
2021-09-19,4454430,4422085,226382,4648467,67612
2021-09-18,4450327,4415892,225971,4641863,67608
2021-09-17,4445466,4406854,225543,4632397,67483
2021-09-16,4438204,4397469,224879,4622348,67358
2021-09-15,4430371,4387926,224158,4612084,67187
2021-09-14,4421609,4380566,223340,4603906,67001
2021-09-13,4412246,4372806,222542,4595348,66813
2021-09-12,4401926,4360955,221561,4582516,66716
2021-09-11,4396643,4354113,221049,4575162,66701
2021-09-10,4390469,4345068,220520,4565588,66625
2021-09-09,4381225,4331605,219676,4551281,66422
2021-09-08,4371120,4322361,218785,4541146,66257
2021-09-07,4359890,4315234,217788,4533022,66056
2021-09-06,4347594,4307960,216487,4524447,66030
2021-09-05,4341010,4300437,215832,4516269,65990
2021-09-04,4335702,4291571,215266,4506837,65965
2021-09-03,4329026,4277304,214655,4491959,65807
2021-09-02,4319129,4267986,213706,4481692,65704
2021-09-01,4308262,4256244,212750,4468994,65585
2021-08-31,4295530,4246050,211730,4457780,65430
2021-08-30,4283355,4222663,210686,4433349,65287
2021-08-29,4270203,4213057,209545,4422602,65271
2021-08-28,4263670,4198089,208921,4407010,65243
2021-08-27,4255941,4186261,208286,4394547,65139
2021-08-26,4244780,4171104,207402,4378506,65033
2021-08-25,4232463,4157319,206449,4363768,64931
2021-08-24,4218934,4145550,205316,4350866,64802
2021-08-23,4204976,4133651,204197,4337848,64694
2021-08-22,4189760,4123250,202913,4326163,64677
2021-08-21,4182286,4112976,202266,4315242,64674
2021-08-20,4173470,4098412,201518,4299930,64585
2021-08-19,4160147,4084799,200446,4285245,64503
2021-08-18,4146325,4070083,199493,4269576,64383
2021-08-17,4131380,4057724,198428,4256152,64291
2021-08-16,4115958,4043407,197290,4240697,64201
2021-08-15,4099932,4033659,196119,4229778,64194
2021-08-14,4091816,4022222,195371,4217593,64183
2021-08-13,4082298,4008750,194542,4203292,64138
2021-08-12,4068618,3994271,193564,4187835,64098
2021-08-11,4054124,3980172,192554,4172726,64037
2021-08-10,4038746,3969722,191587,4161309,63976
2021-08-09,4022664,3959797,190599,4150396,64328
2021-08-08,4006433,3950172,189644,4139816,64318
2021-08-07,3997824,3939747,189041,4128788,64312
2021-08-06,3988213,3926476,188370,4114846,64276
2021-08-05,3975386,3913560,187596,4101156,64243
2021-08-04,3961543,3899158,186801,4085959,64206
2021-08-03,3947541,3889641,185951,4075592,64150
2021-08-02,3933246,3881089,184995,4066084,64096
2021-08-01,3919238,3873771,184142,4057913,64085
2021-07-31,3910807,3840364,183561,4023925,63935
2021-07-30,3902352,3840364,183006,4023370,63935
2021-07-29,3891298,3840364,182323,4022687,63935
2021-07-28,3879589,3830008,181641,4011649,63891
2021-07-27,3867801,3822551,180972,4003523,63849
2021-07-26,3856615,3815702,180298,3996000,63811
2021-07-25,3844949,3807971,179636,3987607,63806
2021-07-24,3838560,3786031,179274,3965305,63741
2021-07-23,3831833,3786031,178886,3964917,63741
2021-07-22,3823782,3786031,178383,3964414,63741
2021-07-21,3815533,3778047,177911,3955958,63695
2021-07-20,3806802,3772470,177313,3949783,63664
2021-07-19,3798524,3767185,176644,3943829,63653
2021-07-18,3790198,3762462,175958,3938420,63649
2021-07-17,3785443,3748365,175434,3923799,63598
2021-07-16,3780799,3748365,174978,3923343,63598
2021-07-15,3774859,3748365,174484,3922849,63598
2021-07-14,3769025,3743714,173991,3917705,63533
2021-07-13,3763495,3740092,173428,3913520,63508
2021-07-12,3758136,3736999,172948,3909947,63478
2021-07-11,3752796,3733743,172423,3906166,63472
2021-07-10,3749684,3724833,172097,3896930,63376
2021-07-09,3746568,3724833,171831,3896664,63376
2021-07-08,3742985,3724833,171490,3896323,63376
2021-07-07,3739425,3722422,171161,3893583,63317
2021-07-06,3735679,3721006,170803,3891809,63259
2021-07-05,3732097,3719674,170454,3890128,63238
2021-07-04,3729337,3713944,170185,3884129,63141
2021-07-03,3727788,3713944,170037,3883981,63141
2021-07-02,3726102,3713944,169892,3883836,63141
2021-07-01,3724095,3713944,169688,3883632,63141
2021-06-30,3721943,3712152,169498,3881650,63096
2021-06-29,3719940,3710454,169347,3879801,63023
2021-06-28,3718066,3714813,169179,3883992,62999
2021-06-27,3716139,3714051,169024,3883075,62994
2021-06-26,3714969,3712795,168914,3881709,62990
2021-06-25,3713903,3710544,168822,3879366,62945
2021-06-24,3712598,3708861,168715,3877576,62890
2021-06-23,3711205,3706846,168615,3875461,62822
2021-06-22,3709975,3705427,168512,3873939,62741
2021-06-21,3708680,3704640,168399,3873039,62701
2021-06-20,3707302,3704005,168287,3872292,62693
2021-06-19,3706515,3702882,168213,3871095,62689
2021-06-18,3705776,3701926,168131,3870057,62654
2021-06-17,3704858,3700750,168020,3868770,62622
2021-06-16,3703841,3699455,167936,3867391,62565
2021-06-15,3702782,3698626,167851,3866477,62534
2021-06-14,3701753,3697927,167764,3865691,62515
2021-06-13,3700618,3697299,167672,3864971,62505
2021-06-12,3699922,3696472,167622,3864094,62512
2021-06-11,3699259,3695530,167562,3863092,62508
2021-06-10,3698411,3694498,167485,3861983,62593
2021-06-09,3697544,3693362,167413,3860775,62538
2021-06-08,3696631,3692506,167323,3859829,62499
2021-06-07,3695588,3691660,167235,3858895,62479
2021-06-06,3694564,3690868,167140,3858008,62473
2021-06-05,3693951,3689994,167076,3857070,62470
2021-06-04,3693310,3688893,167015,3855908,62242
2021-06-03,3692450,3687736,166925,3854661,62179
2021-06-02,3691460,3686689,166815,3853504,62092
2021-06-01,3690424,3685916,166727,3852643,62044
2021-05-31,3689210,3685455,166620,3852075,62021
2021-05-30,3688616,3685032,166557,3851589,62011
2021-05-29,3688034,3684388,166498,3850886,62006
2021-05-28,3687433,3683309,166428,3849737,61999
2021-05-27,3686582,3682099,166337,3848436,62025
2021-05-26,3685669,3677235,166246,3843481,61855
2021-05-25,3684705,3675817,166159,3841976,61824
2021-05-24,3683654,3674662,166068,3840730,61770
2021-05-23,3682445,3674044,165971,3840015,61762
2021-05-22,3681791,3672963,165910,3838873,61755
2021-05-21,3681091,3671655,165843,3837498,61722
2021-05-20,3680147,3670469,165765,3836234,61672
2021-05-19,3679161,3668842,165653,3834495,61603
2021-05-18,3677992,3667550,165548,3833098,61555
2021-05-17,3676781,3666591,165431,3832022,61513
2021-05-16,3675451,3665904,165305,3831209,61510
2021-05-15,3674644,3664909,165207,3830116,61499
2021-05-14,3673748,3663539,165111,3828650,61444
2021-05-13,3672589,3661675,164994,3826669,61417
2021-05-12,3671408,3659641,164874,3824515,61351
2021-05-11,3670074,3658198,164738,3822936,61305
2021-05-10,3668624,3656967,164588,3821555,61246
2021-05-09,3667003,3655922,164443,3820365,61241
2021-05-08,3666067,3654545,164329,3818874,61228
2021-05-07,3665040,3652692,164228,3816920,61167
2021-05-06,3663612,3650747,164085,3814832,61027
2021-05-05,3662102,3648276,163941,3812217,60927
2021-05-04,3660414,3646729,163797,3810526,60862
2021-05-03,3658834,3645341,163614,3808955,60765
2021-05-02,3656879,3643992,163443,3807435,60763
2021-05-01,3655784,3642480,163317,3805797,60748
2021-04-30,3654521,3640226,163196,3803422,60625
2021-04-29,3652891,3638132,163030,3801162,60467
2021-04-28,3651240,3636235,162857,3799092,60362
2021-04-27,3649430,3634778,162674,3797452,60273
2021-04-26,3647568,3633185,162484,3795669,60208
2021-04-25,3645473,3631740,162276,3794016,60203
2021-04-24,3644270,3629624,162155,3791779,60188
2021-04-23,3642914,3627885,162027,3789912,60135
2021-04-22,3641109,3626656,161840,3788496,60086
2021-04-21,3639283,3624838,161665,3786503,59992
2021-04-20,3637305,3622427,161460,3783887,59890
2021-04-19,3635189,3620301,161241,3781542,59804
2021-04-18,3632816,3618695,161022,3779717,59772
2021-04-17,3631402,3616779,160838,3777617,59768
2021-04-16,3629856,3614112,160689,3774801,59690
2021-04-15,3627834,3611349,160456,3771805,59587
2021-04-14,3625730,3608898,160235,3769133,59508
2021-04-13,3623352,3606882,160008,3766890,59372
2021-04-12,3620963,3604395,159761,3764156,59258
2021-04-11,3618270,3602827,159490,3762317,59249
2021-04-10,3616714,3600178,159346,3759524,59218
2021-04-09,3614897,3595224,159155,3754379,59113
2021-04-08,3612642,3590758,158945,3749703,58943
2021-04-07,3610393,3588152,158728,3746880,58788
2021-04-06,3607799,3586059,158515,3744574,58659
2021-04-05,3605269,3583830,158264,3742094,58541
2021-04-04,3602405,3582463,157988,3740451,58534
2021-04-03,3600869,3580351,157835,3738186,58513
2021-04-02,3599176,3577951,157652,3735603,58404
2021-04-01,3596959,3573074,157437,3730511,58269
2021-03-31,3594637,3570660,157205,3727865,58090
2021-03-30,3592278,3568426,156987,3725413,57936
2021-03-29,3589873,3566464,156768,3723232,57788
2021-03-28,3587193,3564468,156498,3720966,57778
2021-03-27,3585598,3562191,156334,3718525,57746
2021-03-26,3583942,3559193,156192,3715385,57551
2021-03-25,3581693,3555915,155933,3711848,57336
2021-03-24,3579425,3553307,155718,3709025,57091
2021-03-23,3576772,3551056,155484,3706540,56850
2021-03-22,3574291,3549101,155217,3704318,56596
2021-03-21,3571613,3547278,154944,3702222,56545
2021-03-20,3570017,3545278,154797,3700075,56118
2021-03-19,3568304,3541928,154636,3696564,56072
2021-03-18,3566134,3538821,154443,3693264,56027
2021-03-17,3563942,3535534,154235,3689769,55795
2021-03-16,3561324,3532496,154018,3686514,55577
2021-03-15,3558837,3530055,153802,3683857,55372
2021-03-14,3555969,3528795,153537,3682332,55330
2021-03-13,3554380,3526335,153345,3679680,55235
2021-03-12,3552487,3523563,153184,3676747,55095
2021-03-11,3550000,3520333,152940,3673273,54878
2021-03-10,3547431,3516862,152699,3669561,54590
2021-03-09,3544680,3513678,152444,3666122,54320
2021-03-08,3541885,3507266,152198,3659464,53878
2021-03-07,3538577,3504652,151901,3656553,53828
2021-03-06,3536655,3501394,151697,3653091,53722
2021-03-05,3534467,3497578,151488,3649066,53464
2021-03-04,3531559,3493126,151214,3644340,53194
2021-03-03,3528638,3488467,150969,3639436,52823
2021-03-02,3525463,3484963,150692,3635655,52429
2021-03-01,3522227,3481611,150409,3632020,52129
2021-02-28,3518506,3479078,150104,3629182,52032
2021-02-27,3516337,3475562,149879,3625441,51794
2021-02-26,3513828,3470877,149658,3620535,51505
2021-02-25,3510495,3465726,149353,3615079,51121
2021-02-24,3507066,3460326,149115,3609441,50648
2021-02-23,3503215,3455361,148803,3604164,49470
2021-02-22,3499163,3450058,148459,3598517,49129
2021-02-21,3494468,3446611,148061,3594672,49039
2021-02-20,3491845,3441946,147805,3589751,48807
2021-02-19,3488750,3435186,147524,3582710,48414
2021-02-18,3484565,3428518,147158,3575676,47973
2021-02-17,3480197,3421720,146763,3568483,47537
2021-02-16,3475151,3416147,146386,3562533,47086
2021-02-15,3469513,3412057,145991,3558048,46795
2021-02-14,3464307,3406365,145536,3551901,46719
2021-02-13,3460826,3399878,145264,3545142,46457
2021-02-12,3456426,3391036,144911,3535947,45986
2021-02-11,3450246,3381615,144511,3526126,45520
2021-02-10,3443701,3371556,144020,3515576,44990
2021-02-09,3436237,3362981,143559,3506540,44425
2021-02-08,3428528,3354591,143055,3497646,43905
2021-02-07,3419146,3346340,142366,3488706,43735
2021-02-06,3414039,3335926,141895,3477821,43456
2021-02-05,3407414,3320862,141374,3462236,43018
2021-02-04,3398009,3308468,140717,3449185,42413
2021-02-03,3387914,3294447,140143,3434590,41634
2021-02-02,3376441,3281271,139390,3420661,41018
2021-02-01,3363895,3270770,138613,3409383,40457
2021-01-31,3348666,3258706,137675,3396381,40263
2021-01-30,3340749,3243348,137137,3380485,39913
2021-01-29,3330668,3224374,136508,3360882,39323
2021-01-28,3317909,3205947,135652,3341599,38667
2021-01-27,3303407,3186610,134765,3321375,38070
2021-01-26,3287751,3169914,133819,3303733,37326
2021-01-25,3269930,3153186,132861,3286047,36660
2021-01-24,3249815,3136158,131582,3267740,36448
2021-01-23,3239582,3109151,130823,3239974,36208
2021-01-22,3226209,3085040,130001,3215041,35544
2021-01-21,3206447,3062068,128749,3190817,35029
2021-01-20,3184318,3039044,127539,3166583,34345
2021-01-19,3159059,3019371,126316,3145687,33690
2021-01-18,3131469,2996968,125010,3121978,33364
2021-01-17,3107979,2973174,123441,3096615,33139
2021-01-16,3094567,2942475,122364,3064839,32813
2021-01-15,3074761,2900246,121295,3021541,32250
2021-01-14,3045949,2859624,119762,2979386,31647
2021-01-13,3014273,2816969,118265,2935234,31222
2021-01-12,2979787,2781039,116656,2897695,30685
2021-01-11,2941407,2747288,114859,2862147,30105
2021-01-10,2899476,2710801,112599,2823400,29911
2021-01-09,2880615,2670962,111181,2782143,29496
2021-01-08,2852116,2621277,109782,2731059,28996
2021-01-07,2810975,2568641,107775,2676416,28366
2021-01-06,2765881,2518611,105576,2624187,27811
2021-01-05,2715456,2482226,103225,2585451,27222
2021-01-04,2660814,2452334,100642,2552976,26807
2021-01-03,2600700,2409703,97470,2507173,26480
2021-01-02,2573950,2391261,95326,2486587,26494
2021-01-01,2536777,2345909,93115,2439024,26236
2020-12-31,2517760,2292568,91629,2384197,25802
2020-12-30,2482158,2231552,89342,2320894,25374
2020-12-29,2428220,2218142,86571,2304713,24738
2020-12-28,2369763,2187221,83877,2271098,24311
2020-12-27,2312082,2155976,80826,2236802,24195
2020-12-26,2285885,2122806,79141,2201947,24121
2020-12-25,2251280,2072665,76849,2149514,23902
2020-12-24,2238230,2042290,76147,2118437,23724
2020-12-23,2211556,1998115,74422,2072537,23384
2020-12-22,2166442,1964076,72083,2036159,23097
2020-12-21,2117566,1925007,69621,1994628,22826
2020-12-20,2069265,1892348,66992,1959340,22715
2020-12-19,2048478,1854456,65164,1919620,22571
2020-12-18,2018784,1807982,63332,1871314,22346
2020-12-17,1977194,1764374,61271,1825645,22080
2020-12-16,1932653,1723362,58959,1782321,21817
2020-12-15,1886808,1671081,56605,1727686,21410
2020-12-14,1838347,1617370,54280,1671650,21178
2020-12-13,1789009,1585044,51635,1636679,21088
2020-12-12,1768098,1551766,49902,1601668,20995
2020-12-11,1737404,1521432,48406,1569838,20812
2020-12-10,1697390,1485703,46172,1531875,20643
2020-12-09,1656608,1450235,44058,1494293,20458
2020-12-08,1614955,1420558,42140,1462698,20255
2020-12-07,1573635,1389707,40342,1430049,20087
2020-12-06,1532664,1366435,38411,1404846,20028
2020-12-05,1514365,1341700,37122,1378822,19930
2020-12-04,1490004,1311625,35850,1347475,19808
2020-12-03,1458173,1286557,34431,1320988,19682
2020-12-02,1426315,1264539,32942,1297481,19481
2020-12-01,1392826,1245951,31510,1277461,19368
2020-11-30,1358437,1225189,29986,1255175,19249
2020-11-29,1325872,1212968,28598,1241566,19220
2020-11-28,1309832,1198934,27735,1226669,19189
2020-11-27,1291713,1183320,26787,1210107,19154
2020-11-26,1273705,1171324,25737,1197061,19109
2020-11-25,1264509,1158689,25344,1184033,19031
2020-11-24,1243789,1144049,24257,1168306,18930
2020-11-23,1223202,1125699,23373,1149072,18817
2020-11-22,1202168,1110370,22445,1132815,18796
2020-11-21,1191978,1102033,21860,1123893,18754
2020-11-20,1179695,1087714,21148,1108862,18681
2020-11-19,1162302,1072272,20329,1092601,18593
2020-11-18,1145642,1059267,19550,1078817,18502
2020-11-17,1128458,1047789,18754,1066543,18395
2020-11-16,1111380,1037978,18038,1056016,18343
2020-11-15,1093771,1029235,17372,1046607,18323
2020-11-14,1084655,1019345,16923,1036268,18302
2020-11-13,1074776,1008377,16506,1024883,18237
2020-11-12,1062336,998502,16008,1014510,18163
2020-11-11,1050793,991609,15548,1007157,18137
2020-11-10,1040177,984682,15136,999818,18094
2020-11-09,1029278,977218,14709,991927,18027
2020-11-08,1018201,971851,14307,986158,18019
2020-11-07,1012697,966500,14034,980534,18022
2020-11-06,1006292,956957,13746,970703,17944
2020-11-05,997783,951094,13440,964534,17898
2020-11-04,989656,944576,13069,957645,17833
2020-11-03,981217,940010,12767,952777,17771
2020-11-02,972969,934672,12443,947115,17692
2020-11-01,964530,930628,11954,942582,17683
2020-10-31,959571,926534,11727,938261,17662
2020-10-30,955125,922005,11549,933554,17605
2020-10-29,949604,916918,11320,928238,17547
2020-10-28,944747,912904,11103,924007,17502
2020-10-27,939849,908713,10899,919612,17429
2020-10-26,935009,904198,10695,914893,17313
2020-10-25,929532,901010,10518,911528,17298
2020-10-24,926632,898029,10397,908426,17286
2020-10-23,923387,892810,10263,903073,17231
2020-10-22,918844,886865,10076,896941,17185
2020-10-21,914699,880724,9915,890639,17123
2020-10-20,910292,877784,9759,887543,16987
2020-10-19,905640,874077,9607,883684,16908
2020-10-18,900629,870791,9436,880227,16894
2020-10-17,898087,867317,9328,876645,16883
2020-10-16,895145,864455,9253,873708,16790
2020-10-15,891347,861476,9127,870603,16712
2020-10-14,887451,858401,8989,867390,16621
2020-10-13,883649,855072,8877,863949,16522
2020-10-12,879812,852406,8770,861176,16480
2020-10-11,875488,850028,8628,858656,16470
2020-10-10,873266,846579,8545,855124,16460
2020-10-09,870261,842776,8463,851239,16380
2020-10-08,866714,838606,8344,846950,16298
2020-10-07,862946,834800,8228,843028,16225
2020-10-06,859229,831225,8113,839338,16131
2020-10-05,855516,828461,7976,836437,16046
2020-10-04,851224,826784,7831,834615,16020
2020-10-03,848999,823729,7750,831479,15999
2020-10-02,846342,819436,7667,827103,15932
2020-10-01,843003,817277,7542,824819,15918
2020-09-30,839278,813687,7423,821110,15757
2020-09-29,835574,810625,7313,817938,15657
2020-09-28,831779,807425,7204,814629,15462
2020-09-27,827725,805263,7107,812370,15451
2020-09-26,825655,802308,7048,809356,15432
2020-09-25,823302,798237,6990,805227,15361
2020-09-24,819810,794040,6905,800945,15256
2020-09-23,816434,790640,6824,797464,15154
2020-09-22,812655,787470,6732,794202,15038
2020-09-21,808949,784324,6614,790938,14900
2020-09-20,804845,781694,6491,788185,14873
2020-09-19,802679,778400,6423,784823,14848
2020-09-18,800189,774135,6352,780487,14762
2020-09-17,796741,769831,6285,776116,14627
2020-09-16,793435,766201,6201,772402,14517
2020-09-15,789630,762963,6107,769070,14411
2020-09-14,785879,760013,6007,766020,14260
2020-09-13,781716,757778,5899,763677,14211
2020-09-12,779687,754923,5850,760773,14210
2020-09-11,777350,750298,5802,756100,14082
2020-09-10,773983,746191,5719,751910,13963
2020-09-09,770752,742865,5645,748510,13847
2020-09-08,767143,739527,5572,745099,13727
2020-09-07,762904,737911,5470,743381,13647
2020-09-06,760579,735235,5421,740656,13596
2020-09-05,758602,732144,5372,737516,13592
2020-09-04,756336,727239,5307,732546,13469
2020-09-03,752873,722283,5213,727496,13292
2020-09-02,749188,717177,5129,722306,13120
2020-09-01,745134,712052,5008,717060,12953
2020-08-31,740545,707797,4886,712683,12795
2020-08-30,736185,704085,4788,708873,12757
2020-08-29,733919,699909,4727,704636,12745
2020-08-28,731288,693839,4658,698497,12569
2020-08-27,727343,688858,4579,693437,12461
2020-08-26,723340,683529,4478,688007,12296
2020-08-25,718714,679099,4367,683466,12158
2020-08-24,713803,673095,4265,677360,12003
2020-08-23,708355,668615,4093,672708,11955
2020-08-22,705794,663669,4030,667699,11945
2020-08-21,702678,656892,3955,660847,11741
2020-08-20,698269,650336,3872,654208,11590
2020-08-19,693584,644751,3763,648514,11466
2020-08-18,688906,638831,3626,642457,11301
2020-08-17,683649,632667,3503,636170,11145
2020-08-16,677884,628031,3401,631432,11114
2020-08-15,675200,621562,3359,624921,11104
2020-08-14,671552,613689,3309,616998,10994
2020-08-13,666338,601075,3225,604300,10831
2020-08-12,661132,593141,3137,596278,10666
2020-08-11,655185,586056,3034,589090,10491
2020-08-10,648974,574411,2941,577352,10272
2020-08-09,641895,561911,2854,564765,10247
2020-08-08,638716,554160,2813,556973,10173
2020-08-07,634439,545787,2762,548549,9982
2020-08-06,627999,538416,2696,541112,9807
2020-08-05,621762,529980,2621,532601,9660
2020-08-04,615049,524722,2539,527261,9520
2020-08-03,607826,519427,2443,521870,9349
2020-08-02,600269,514901,2371,517272,9326
2020-08-01,596703,509162,2310,511472,9252
2020-07-31,591306,500130,2257,502387,9095
2020-07-30,584084,493588,2131,495719,8939
2020-07-29,576842,485502,2081,487583,8751
2020-07-28,569049,475305,2013,477318,8516
2020-07-27,560235,466550,1947,468497,8436
2020-07-26,551147,460550,1877,462427,8412
2020-07-25,546994,453659,1836,455495,8382
2020-07-24,541201,445400,1791,447191,8242
2020-07-23,532932,434828,1722,436550,8096
2020-07-22,524428,425616,1665,427281,7949
2020-07-21,515056,413576,1590,415166,7793
2020-07-20,504939,400769,1521,402290,7677
2020-07-19,493888,391538,1453,392991,7651
2020-07-18,488411,384692,1401,386093,7620
2020-07-17,481091,375363,1349,376712,7530
2020-07-16,470376,366164,1252,367416,7409
2020-07-15,459312,356178,1179,357357,7283
2020-07-14,447720,347634,1065,348699,7164
2020-07-13,436152,336447,991,337438,7039
2020-07-12,424497,329162,934,330096,7014
2020-07-11,418608,320804,901,321705,6989
2020-07-10,411040,312344,885,313229,6892
2020-07-09,399606,304297,831,305128,6787
2020-07-08,388444,296499,777,297276,6621
2020-07-07,376263,289468,736,290204,6475
2020-07-06,363757,277774,663,278437,6362
2020-07-05,351993,271684,627,272311,6301
2020-07-04,345761,260155,596,260751,6265
2020-07-03,340372,254745,578,255323,6247
2020-07-02,332395,248235,535,248770,6184
2020-07-01,321775,240195,487,240682,6059
2020-06-30,310532,232657,461,233118,5978
2020-06-29,300002,222917,432,223349,5877
2020-06-28,289494,216550,405,216955,5850
2020-06-27,284029,210412,392,210804,5811
2020-06-26,277759,206433,384,206817,5786
2020-06-25,268653,200461,374,200835,5717
2020-06-24,259244,195571,349,195920,5603
2020-06-23,249389,190222,334,190556,5499
2020-06-22,239697,183073,326,183399,5445
2020-06-21,230303,178054,316,178370,5425
2020-06-20,225964,173824,308,174132,5402
2020-06-19,220622,169309,294,169603,5318
2020-06-18,213718,165416,274,165690,5250
2020-06-17,206972,161099,262,161361,5142
2020-06-16,200233,157015,256,157271,5064
2020-06-15,193768,153560,248,153808,5002
2020-06-14,187343,151452,242,151694,4980
2020-06-13,184346,148855,237,149092,4961
2020-06-12,180701,145643,235,145878,4879
2020-06-11,176223,141983,229,142212,4832
2020-06-10,172155,139281,223,139504,4769
2020-06-09,167902,136191,219,136410,4663
2020-06-08,163894,133489,215,133704,4559
2020-06-07,159695,131319,210,131529,4528
2020-06-06,157674,128812,208,129020,4501
2020-06-05,154983,126016,204,126220,4435
2020-06-04,151275,122901,200,123101,4368
2020-06-03,147679,119807,196,120003,4298
2020-06-02,144268,117687,189,117876,4231
2020-06-01,140367,115310,183,115493,4127
2020-05-31,136706,113006,180,113186,4080
2020-05-30,135114,110583,178,110761,4043
2020-05-29,132884,106878,176,107054,3985
2020-05-28,129086,103886,174,104060,3904
2020-05-27,125902,101697,173,101870,3816
2020-05-26,122377,98980,166,99146,3707
2020-05-25,118778,96733,160,96893,3679
2020-05-24,116547,94558,154,94712,3666
2020-05-23,115149,92710,152,92862,3646
2020-05-22,113406,90631,149,90780,3589
2020-05-21,110887,88444,147,88591,3544
2020-05-20,108454,86197,143,86340,3451
2020-05-19,105744,84057,139,84196,3374
2020-05-18,103327,81795,134,81929,3250
2020-05-17,100541,80430,130,80560,3216
2020-05-16,99213,78839,128,78967,3180
2020-05-15,97501,76793,123,76916,3119
2020-05-14,94996,74936,118,75054,3029
2020-05-13,92350,73164,114,73278,2926
2020-05-12,90065,65981,110,66091,2656
2020-05-11,87619,69382,102,69484,2752
2020-05-10,85184,67939,101,68040,2691
2020-05-09,83857,66680,98,66778,2657
2020-05-08,82281,64561,96,64657,2576
2020-05-07,80025,62512,94,62606,2493
2020-05-06,77881,60614,90,60704,2412
2020-05-05,75549,58815,88,58903,2325
2020-05-04,72944,56212,85,56297,2221
2020-05-03,70527,54937,82,55019,2178
2020-05-02,69380,53616,81,53697,2138
2020-05-01,67995,52197,80,52277,2083
2020-04-30,65775,50442,74,50516,1988
2020-04-29,63855,48917,73,48990,1890
2020-04-28,61829,46500,71,46571,1809
2020-04-27,59733,45031,69,45100,1721
2020-04-26,57497,43464,68,43532,1676
2020-04-25,56241,42164,67,42231,1647
2020-04-24,54636,41137,67,41204,1573
2020-04-23,52630,39254,65,39319,1489
2020-04-22,50794,37369,64,37433,1396
2020-04-21,49046,35396,61,35457,1293
2020-04-20,47382,33261,61,33322,1188
2020-04-19,45483,30978,59,31037,1147
2020-04-18,44415,30333,57,30390,1117
2020-04-17,43214,28963,57,29020,1024
2020-04-16,41629,27528,55,27583,950
2020-04-15,39965,26182,55,26237,870
2020-04-14,38302,24424,54,24478,788
2020-04-13,36818,23253,51,23304,692
2020-04-12,35306,22348,49,22397,658
2020-04-11,34330,21794,47,21841,620
2020-04-10,33282,20615,45,20660,581
2020-04-09,31817,19472,44,19516,541
2020-04-08,30419,18309,44,18353,492
2020-04-07,28953,16957,43,17000,443
2020-04-06,27537,15865,42,15907,374
2020-04-05,26180,14336,42,14378,343
2020-04-04,25039,13438,40,13478,319
2020-04-03,23915,12026,40,12066,276
2020-04-02,22402,10701,39,10740,237
2020-04-01,21034,9191,38,9229,203
2020-03-31,19531,8155,38,8193,171
2020-03-30,18280,6932,37,6969,150
2020-03-29,16909,5763,37,5800,135
2020-03-28,16084,10566,36,10602,235
2020-03-27,15139,4643,35,4678,101
2020-03-26,14147,3801,35,3836,78
2020-03-25,13183,3006,35,3041,64
2020-03-24,12135,2535,35,2570,48
2020-03-23,11298,1955,35,1990,37
2020-03-22,10288,1733,33,1766,35
2020-03-21,9535,1468,33,1501,26
2020-03-20,8852,1224,32,1256,24
2020-03-19,7911,1006,31,1037,18
2020-03-18,7146,675,30,705,15
2020-03-17,6388,510,30,540,7
2020-03-16,5565,472,29,501,5
2020-03-15,4706,392,27,419,5
2020-03-14,4106,335,26,361,4
2020-03-13,3603,288,25,313,3
2020-03-12,3033,247,23,270,4
2020-03-11,2531,198,22,220,3
2020-03-10,2110,177,22,199,3
2020-03-09,1757,157,21,178,2
2020-03-08,1430,133,20,153,1
2020-03-07,1250,114,20,134,1
2020-03-06,1087,88,20,108,1
2020-03-05,932,69,20,89,1
2020-03-04,822,60,20,80,1
2020-03-03,727,53,20,73,0
2020-03-02,642,43,20,63,0
2020-03-01,566,39,20,59,0
2020-02-29,466,34,19,53,0
2020-02-28,424,34,19,53,0
2020-02-27,375,33,19,52,0
2020-02-26,350,33,19,52,0
2020-02-25,311,31,18,49,0
2020-02-24,287,25,17,42,0
2020-02-23,247,25,16,41,0
2020-02-22,228,21,16,37,0
2020-02-21,213,21,16,37,0
2020-02-20,193,17,15,32,0
2020-02-19,172,15,15,30,0
2020-02-18,161,15,14,29,0
2020-02-17,151,13,12,25,0
2020-02-16,137,8,11,19,0
2020-02-15,130,8,11,19,0
2020-02-14,118,8,11,19,0
2020-02-13,109,8,8,16,0
2020-02-12,107,8,8,16,0
2020-02-11,104,7,8,15,0
2020-02-10,100,6,7,13,0
2020-02-09,93,6,7,13,0
2020-02-08,87,6,4,10,0
2020-02-07,80,6,3,9,0
2020-02-06,48,6,3,9,0
2020-02-05,42,6,2,8,0
2020-02-04,39,6,2,8,0
2020-02-03,38,6,1,7,0
2020-02-02,33,6,1,7,0
2020-02-01,26,3,1,4,0
