date,county,fips,doses_administered,new_doses_administered
2021-03-08,Alameda,001,491913,7444
2021-03-08,Alpine,003,609,0
2021-03-08,Amador,005,11269,142
2021-03-08,Butte,007,64260,132
2021-03-08,Calaveras,009,12655,38
2021-03-08,Colusa,011,3880,11
2021-03-08,Contra Costa,013,368545,3953
2021-03-08,Del Norte,015,4271,19
2021-03-08,El Dorado,017,50126,369
2021-03-08,Fresno,019,211791,2069
2021-03-08,Glenn,021,6624,5
2021-03-08,Humboldt,023,36024,427
2021-03-08,Imperial,025,31936,462
2021-03-08,Inyo,027,6076,7
2021-03-08,Kern,029,158023,2029
2021-03-08,Kings,031,18352,99
2021-03-08,Lake,033,15383,201
2021-03-08,Lassen,035,4685,1
2021-03-08,Los Angeles,037,2569583,32667
2021-03-08,Madera,039,31060,100
2021-03-08,Marin,041,101966,1294
2021-03-08,Mariposa,043,3218,2
2021-03-08,Mendocino,045,33318,72
2021-03-08,Merced,047,47214,457
2021-03-08,Modoc,049,2911,3
2021-03-08,Mono,051,8016,0
2021-03-08,Monterey,053,87968,432
2021-03-08,Napa,055,53549,311
2021-03-08,Nevada,057,27650,148
2021-03-08,Orange,059,860133,12601
2021-03-08,Placer,061,127163,1092
2021-03-08,Plumas,063,4549,2
2021-03-08,Riverside,065,532595,2803
2021-03-08,Sacramento,067,343609,3872
2021-03-08,San Benito,069,10809,134
2021-03-08,San Bernardino,071,416657,2369
2021-03-08,San Diego,073,1065999,30514
2021-03-08,San Francisco,075,287734,4511
2021-03-08,San Joaquin,077,146014,1600
2021-03-08,San Luis Obispo,079,80007,103
2021-03-08,San Mateo,081,260343,4212
2021-03-08,Santa Barbara,083,110475,536
2021-03-08,Santa Clara,085,502903,5757
2021-03-08,Santa Cruz,087,96520,1521
2021-03-08,Shasta,089,34919,179
2021-03-08,Sierra,091,1410,0
2021-03-08,Siskiyou,093,12277,11
2021-03-08,Solano,095,103137,945
2021-03-08,Sonoma,097,166142,539
2021-03-08,Stanislaus,099,114164,820
2021-03-08,Sutter,101,23258,216
2021-03-08,Tehama,103,10994,9
2021-03-08,Trinity,105,2488,11
2021-03-08,Tulare,107,87417,1122
2021-03-08,Tuolumne,109,17370,55
2021-03-08,Ventura,111,232793,1023
2021-03-08,Yolo,113,64020,263
2021-03-08,Yuba,115,11508,87
2021-03-07,Alameda,001,484469,10338
2021-03-07,Alpine,003,609,0
2021-03-07,Amador,005,11127,154
2021-03-07,Butte,007,64128,116
2021-03-07,Calaveras,009,12617,173
2021-03-07,Colusa,011,3869,53
2021-03-07,Contra Costa,013,364592,7879
2021-03-07,Del Norte,015,4252,185
2021-03-07,El Dorado,017,49757,358
2021-03-07,Fresno,019,209722,5998
2021-03-07,Glenn,021,6619,273
2021-03-07,Humboldt,023,35597,865
2021-03-07,Imperial,025,31474,905
2021-03-07,Inyo,027,6069,9
2021-03-07,Kern,029,155994,3614
2021-03-07,Kings,031,18253,295
2021-03-07,Lake,033,15182,56
2021-03-07,Lassen,035,4684,29
2021-03-07,Los Angeles,037,2536916,47383
2021-03-07,Madera,039,30960,402
2021-03-07,Marin,041,100672,1181
2021-03-07,Mariposa,043,3216,6
2021-03-07,Mendocino,045,33246,271
2021-03-07,Merced,047,46757,734
2021-03-07,Modoc,049,2908,1
2021-03-07,Mono,051,8016,1
2021-03-07,Monterey,053,87536,1820
2021-03-07,Napa,055,53238,367
2021-03-07,Nevada,057,27502,278
2021-03-07,Orange,059,847532,14584
2021-03-07,Placer,061,126071,1174
2021-03-07,Plumas,063,4547,9
2021-03-07,Riverside,065,529792,6708
2021-03-07,Sacramento,067,339737,3907
2021-03-07,San Benito,069,10675,172
2021-03-07,San Bernardino,071,414288,5014
2021-03-07,San Diego,073,1035485,5173
2021-03-07,San Francisco,075,283223,6550
2021-03-07,San Joaquin,077,144414,3106
2021-03-07,San Luis Obispo,079,79904,282
2021-03-07,San Mateo,081,256131,7226
2021-03-07,Santa Barbara,083,109939,1531
2021-03-07,Santa Clara,085,497146,5638
2021-03-07,Santa Cruz,087,94999,1750
2021-03-07,Shasta,089,34740,304
2021-03-07,Sierra,091,1410,0
2021-03-07,Siskiyou,093,12266,81
2021-03-07,Solano,095,102192,1445
2021-03-07,Sonoma,097,165603,1621
2021-03-07,Stanislaus,099,113344,3308
2021-03-07,Sutter,101,23042,232
2021-03-07,Tehama,103,10985,260
2021-03-07,Trinity,105,2477,165
2021-03-07,Tulare,107,86295,2011
2021-03-07,Tuolumne,109,17315,323
2021-03-07,Ventura,111,231770,4140
2021-03-07,Yolo,113,63757,551
2021-03-07,Yuba,115,11421,113
2021-03-06,Alameda,001,474131,10426
2021-03-06,Alpine,003,609,29
2021-03-06,Amador,005,10973,184
2021-03-06,Butte,007,64012,1416
2021-03-06,Calaveras,009,12444,405
2021-03-06,Colusa,011,3816,58
2021-03-06,Contra Costa,013,356713,5742
2021-03-06,Del Norte,015,4067,87
2021-03-06,El Dorado,017,49399,662
2021-03-06,Fresno,019,203724,4146
2021-03-06,Glenn,021,6346,308
2021-03-06,Humboldt,023,34732,644
2021-03-06,Imperial,025,30569,463
2021-03-06,Inyo,027,6060,44
2021-03-06,Kern,029,152380,4812
2021-03-06,Kings,031,17958,522
2021-03-06,Lake,033,15126,438
2021-03-06,Lassen,035,4655,125
2021-03-06,Los Angeles,037,2489533,69403
2021-03-06,Madera,039,30558,870
2021-03-06,Marin,041,99491,1505
2021-03-06,Mariposa,043,3210,21
2021-03-06,Mendocino,045,32975,1301
2021-03-06,Merced,047,46023,2793
2021-03-06,Modoc,049,2907,28
2021-03-06,Mono,051,8015,6
2021-03-06,Monterey,053,85716,1572
2021-03-06,Napa,055,52871,807
2021-03-06,Nevada,057,27224,456
2021-03-06,Orange,059,832948,13699
2021-03-06,Placer,061,124897,1633
2021-03-06,Plumas,063,4538,349
2021-03-06,Riverside,065,523084,9888
2021-03-06,Sacramento,067,335830,4241
2021-03-06,San Benito,069,10503,246
2021-03-06,San Bernardino,071,409274,6854
2021-03-06,San Diego,073,1030312,3557
2021-03-06,San Francisco,075,276673,7976
2021-03-06,San Joaquin,077,141308,3409
2021-03-06,San Luis Obispo,079,79622,1989
2021-03-06,San Mateo,081,248905,6662
2021-03-06,Santa Barbara,083,108408,4104
2021-03-06,Santa Clara,085,491508,6618
2021-03-06,Santa Cruz,087,93249,1998
2021-03-06,Shasta,089,34436,489
2021-03-06,Sierra,091,1410,12
2021-03-06,Siskiyou,093,12185,229
2021-03-06,Solano,095,100747,1435
2021-03-06,Sonoma,097,163982,2362
2021-03-06,Stanislaus,099,110036,4452
2021-03-06,Sutter,101,22810,961
2021-03-06,Tehama,103,10725,360
2021-03-06,Trinity,105,2312,261
2021-03-06,Tulare,107,84284,1834
2021-03-06,Tuolumne,109,16992,402
2021-03-06,Ventura,111,227630,3496
2021-03-06,Yolo,113,63206,1547
2021-03-06,Yuba,115,11308,335
2021-03-05,Alameda,001,463705,27624
2021-03-05,Alpine,003,580,36
2021-03-05,Amador,005,10789,463
2021-03-05,Butte,007,62596,4222
2021-03-05,Calaveras,009,12039,930
2021-03-05,Colusa,011,3758,287
2021-03-05,Contra Costa,013,350971,18184
2021-03-05,Del Norte,015,3980,194
2021-03-05,El Dorado,017,48737,2025
2021-03-05,Fresno,019,199578,12915
2021-03-05,Glenn,021,6038,272
2021-03-05,Humboldt,023,34088,1826
2021-03-05,Imperial,025,30106,1475
2021-03-05,Inyo,027,6016,166
2021-03-05,Kern,029,147568,9475
2021-03-05,Kings,031,17436,2482
2021-03-05,Lake,033,14688,843
2021-03-05,Lassen,035,4530,192
2021-03-05,Los Angeles,037,2420130,135755
2021-03-05,Madera,039,29688,1724
2021-03-05,Marin,041,97986,5709
2021-03-05,Mariposa,043,3189,498
2021-03-05,Mendocino,045,31674,797
2021-03-05,Merced,047,43230,3632
2021-03-05,Modoc,049,2879,173
2021-03-05,Mono,051,8009,84
2021-03-05,Monterey,053,84144,6214
2021-03-05,Napa,055,52064,2703
2021-03-05,Nevada,057,26768,1455
2021-03-05,Orange,059,819249,31903
2021-03-05,Placer,061,123264,5118
2021-03-05,Plumas,063,4189,153
2021-03-05,Riverside,065,513196,24490
2021-03-05,Sacramento,067,331589,14188
2021-03-05,San Benito,069,10257,686
2021-03-05,San Bernardino,071,402420,23332
2021-03-05,San Diego,073,1026755,61711
2021-03-05,San Francisco,075,268697,19135
2021-03-05,San Joaquin,077,137899,9241
2021-03-05,San Luis Obispo,079,77633,4716
2021-03-05,San Mateo,081,242243,10491
2021-03-05,Santa Barbara,083,104304,6253
2021-03-05,Santa Clara,085,484890,22639
2021-03-05,Santa Cruz,087,91251,3751
2021-03-05,Shasta,089,33947,1774
2021-03-05,Sierra,091,1398,130
2021-03-05,Siskiyou,093,11956,922
2021-03-05,Solano,095,99312,3498
2021-03-05,Sonoma,097,161620,6986
2021-03-05,Stanislaus,099,105584,6737
2021-03-05,Sutter,101,21849,1142
2021-03-05,Tehama,103,10365,521
2021-03-05,Trinity,105,2051,27
2021-03-05,Tulare,107,82450,5611
2021-03-05,Tuolumne,109,16590,849
2021-03-05,Ventura,111,224134,14083
2021-03-05,Yolo,113,61659,3689
2021-03-05,Yuba,115,10973,688
2021-03-04,Alameda,001,436081,0
2021-03-04,Alpine,003,544,0
2021-03-04,Amador,005,10326,0
2021-03-04,Butte,007,58374,0
2021-03-04,Calaveras,009,11109,0
2021-03-04,Colusa,011,3471,0
2021-03-04,Contra Costa,013,332787,0
2021-03-04,Del Norte,015,3786,0
2021-03-04,El Dorado,017,46712,0
2021-03-04,Fresno,019,186663,0
2021-03-04,Glenn,021,5766,0
2021-03-04,Humboldt,023,32262,0
2021-03-04,Imperial,025,28631,0
2021-03-04,Inyo,027,5850,0
2021-03-04,Kern,029,138093,0
2021-03-04,Kings,031,14954,0
2021-03-04,Lake,033,13845,0
2021-03-04,Lassen,035,4338,0
2021-03-04,Los Angeles,037,2284375,0
2021-03-04,Madera,039,27964,0
2021-03-04,Marin,041,92277,0
2021-03-04,Mariposa,043,2691,0
2021-03-04,Mendocino,045,30877,0
2021-03-04,Merced,047,39598,0
2021-03-04,Modoc,049,2706,0
2021-03-04,Mono,051,7925,0
2021-03-04,Monterey,053,77930,0
2021-03-04,Napa,055,49361,0
2021-03-04,Nevada,057,25313,0
2021-03-04,Orange,059,787346,0
2021-03-04,Placer,061,118146,0
2021-03-04,Plumas,063,4036,0
2021-03-04,Riverside,065,488706,0
2021-03-04,Sacramento,067,317401,0
2021-03-04,San Benito,069,9571,0
2021-03-04,San Bernardino,071,379088,0
2021-03-04,San Diego,073,965044,0
2021-03-04,San Francisco,075,249562,0
2021-03-04,San Joaquin,077,128658,0
2021-03-04,San Luis Obispo,079,72917,0
2021-03-04,San Mateo,081,231752,0
2021-03-04,Santa Barbara,083,98051,0
2021-03-04,Santa Clara,085,462251,0
2021-03-04,Santa Cruz,087,87500,0
2021-03-04,Shasta,089,32173,0
2021-03-04,Sierra,091,1268,0
2021-03-04,Siskiyou,093,11034,0
2021-03-04,Solano,095,95814,0
2021-03-04,Sonoma,097,154634,0
2021-03-04,Stanislaus,099,98847,0
2021-03-04,Sutter,101,20707,0
2021-03-04,Tehama,103,9844,0
2021-03-04,Trinity,105,2024,0
2021-03-04,Tulare,107,76839,0
2021-03-04,Tuolumne,109,15741,0
2021-03-04,Ventura,111,210051,0
2021-03-04,Yolo,113,57970,0
2021-03-04,Yuba,115,10285,0
2021-03-03,Alameda,001,436081,5434
2021-03-03,Alpine,003,544,3
2021-03-03,Amador,005,10326,149
2021-03-03,Butte,007,58374,972
2021-03-03,Calaveras,009,11109,379
2021-03-03,Colusa,011,3471,91
2021-03-03,Contra Costa,013,332787,3650
2021-03-03,Del Norte,015,3786,70
2021-03-03,El Dorado,017,46712,1198
2021-03-03,Fresno,019,186663,5107
2021-03-03,Glenn,021,5766,210
2021-03-03,Humboldt,023,32262,311
2021-03-03,Imperial,025,28631,241
2021-03-03,Inyo,027,5850,51
2021-03-03,Kern,029,138093,2468
2021-03-03,Kings,031,14954,235
2021-03-03,Lake,033,13845,251
2021-03-03,Lassen,035,4338,157
2021-03-03,Los Angeles,037,2284375,33193
2021-03-03,Madera,039,27964,779
2021-03-03,Marin,041,92277,1223
2021-03-03,Mariposa,043,2691,-5
2021-03-03,Mendocino,045,30877,517
2021-03-03,Merced,047,39598,1560
2021-03-03,Modoc,049,2706,249
2021-03-03,Mono,051,7925,66
2021-03-03,Monterey,053,77930,1104
2021-03-03,Napa,055,49361,483
2021-03-03,Nevada,057,25313,529
2021-03-03,Orange,059,787346,11978
2021-03-03,Placer,061,118146,1855
2021-03-03,Plumas,063,4036,147
2021-03-03,Riverside,065,488706,9824
2021-03-03,Sacramento,067,317401,5392
2021-03-03,San Benito,069,9571,200
2021-03-03,San Bernardino,071,379088,4650
2021-03-03,San Diego,073,965044,21810
2021-03-03,San Francisco,075,249562,4505
2021-03-03,San Joaquin,077,128658,4309
2021-03-03,San Luis Obispo,079,72917,3715
2021-03-03,San Mateo,081,231752,3557
2021-03-03,Santa Barbara,083,98051,1103
2021-03-03,Santa Clara,085,462251,6848
2021-03-03,Santa Cruz,087,87500,953
2021-03-03,Shasta,089,32173,432
2021-03-03,Sierra,091,1268,79
2021-03-03,Siskiyou,093,11034,202
2021-03-03,Solano,095,95814,1262
2021-03-03,Sonoma,097,154634,2685
2021-03-03,Stanislaus,099,98847,4345
2021-03-03,Sutter,101,20707,609
2021-03-03,Tehama,103,9844,304
2021-03-03,Trinity,105,2024,11
2021-03-03,Tulare,107,76839,1389
2021-03-03,Tuolumne,109,15741,297
2021-03-03,Ventura,111,210051,2283
2021-03-03,Yolo,113,57970,1177
2021-03-03,Yuba,115,10285,337
2021-03-02,Alameda,001,430647,12624
2021-03-02,Alpine,003,541,33
2021-03-02,Amador,005,10177,99
2021-03-02,Butte,007,57402,846
2021-03-02,Calaveras,009,10730,105
2021-03-02,Colusa,011,3380,36
2021-03-02,Contra Costa,013,329137,7468
2021-03-02,Del Norte,015,3716,77
2021-03-02,El Dorado,017,45514,1296
2021-03-02,Fresno,019,181556,5764
2021-03-02,Glenn,021,5556,25
2021-03-02,Humboldt,023,31951,175
2021-03-02,Imperial,025,28390,607
2021-03-02,Inyo,027,5799,24
2021-03-02,Kern,029,135625,4234
2021-03-02,Kings,031,14719,332
2021-03-02,Lake,033,13594,213
2021-03-02,Lassen,035,4181,128
2021-03-02,Los Angeles,037,2251182,51198
2021-03-02,Madera,039,27185,377
2021-03-02,Marin,041,91054,2160
2021-03-02,Mariposa,043,2696,60
2021-03-02,Mendocino,045,30360,1057
2021-03-02,Merced,047,38038,1647
2021-03-02,Modoc,049,2457,6
2021-03-02,Mono,051,7859,9
2021-03-02,Monterey,053,76826,2475
2021-03-02,Napa,055,48878,1179
2021-03-02,Nevada,057,24784,586
2021-03-02,Orange,059,775368,16109
2021-03-02,Placer,061,116291,2095
2021-03-02,Plumas,063,3889,9
2021-03-02,Riverside,065,478882,11978
2021-03-02,Sacramento,067,312009,7003
2021-03-02,San Benito,069,9371,300
2021-03-02,San Bernardino,071,374438,7048
2021-03-02,San Diego,073,943234,19084
2021-03-02,San Francisco,075,245057,9428
2021-03-02,San Joaquin,077,124349,4189
2021-03-02,San Luis Obispo,079,69202,2160
2021-03-02,San Mateo,081,228195,5907
2021-03-02,Santa Barbara,083,96948,1695
2021-03-02,Santa Clara,085,455403,12234
2021-03-02,Santa Cruz,087,86547,1738
2021-03-02,Shasta,089,31741,1406
2021-03-02,Sierra,091,1189,2
2021-03-02,Siskiyou,093,10832,303
2021-03-02,Solano,095,94552,1862
2021-03-02,Sonoma,097,151949,4211
2021-03-02,Stanislaus,099,94502,3544
2021-03-02,Sutter,101,20098,182
2021-03-02,Tehama,103,9540,74
2021-03-02,Trinity,105,2013,6
2021-03-02,Tulare,107,75450,1802
2021-03-02,Tuolumne,109,15444,186
2021-03-02,Ventura,111,207768,7752
2021-03-02,Yolo,113,56793,962
2021-03-02,Yuba,115,9948,95
2021-03-01,Alameda,001,418023,15310
2021-03-01,Alpine,003,508,24
2021-03-01,Amador,005,10078,557
2021-03-01,Butte,007,56556,379
2021-03-01,Calaveras,009,10625,-128
2021-03-01,Colusa,011,3344,96
2021-03-01,Contra Costa,013,321669,6575
2021-03-01,Del Norte,015,3639,146
2021-03-01,El Dorado,017,44218,2186
2021-03-01,Fresno,019,175792,-7168
2021-03-01,Glenn,021,5531,160
2021-03-01,Humboldt,023,31776,1016
2021-03-01,Imperial,025,27783,673
2021-03-01,Inyo,027,5775,1567
2021-03-01,Kern,029,131391,4449
2021-03-01,Kings,031,14387,740
2021-03-01,Lake,033,13381,737
2021-03-01,Lassen,035,4053,70
2021-03-01,Los Angeles,037,2199984,73598
2021-03-01,Madera,039,26808,-186
2021-03-01,Marin,041,88894,4385
2021-03-01,Mariposa,043,2636,195
2021-03-01,Mendocino,045,29303,865
2021-03-01,Merced,047,36391,1057
2021-03-01,Modoc,049,2451,340
2021-03-01,Mono,051,7850,72
2021-03-01,Monterey,053,74351,2121
2021-03-01,Napa,055,47699,1865
2021-03-01,Nevada,057,24198,764
2021-03-01,Orange,059,759259,32419
2021-03-01,Placer,061,114196,4380
2021-03-01,Plumas,063,3880,526
2021-03-01,Riverside,065,466904,10287
2021-03-01,Sacramento,067,305006,11712
2021-03-01,San Benito,069,9071,297
2021-03-01,San Bernardino,071,367390,9957
2021-03-01,San Diego,073,924150,68630
2021-03-01,San Francisco,075,235629,10540
2021-03-01,San Joaquin,077,120160,-8295
2021-03-01,San Luis Obispo,079,67042,4180
2021-03-01,San Mateo,081,222288,9390
2021-03-01,Santa Barbara,083,95253,1792
2021-03-01,Santa Clara,085,443169,9452
2021-03-01,Santa Cruz,087,84809,3855
2021-03-01,Shasta,089,30335,764
2021-03-01,Sierra,091,1187,140
2021-03-01,Siskiyou,093,10529,504
2021-03-01,Solano,095,92690,2914
2021-03-01,Sonoma,097,147738,8388
2021-03-01,Stanislaus,099,90958,-4957
2021-03-01,Sutter,101,19916,779
2021-03-01,Tehama,103,9466,366
2021-03-01,Trinity,105,2007,247
2021-03-01,Tulare,107,73648,3104
2021-03-01,Tuolumne,109,15258,-103
2021-03-01,Ventura,111,200016,13314
2021-03-01,Yolo,113,55831,1686
2021-03-01,Yuba,115,9853,413
2021-02-28,Alameda,001,402713,14042
2021-02-28,Alpine,003,484,1
2021-02-28,Amador,005,9521,431
2021-02-28,Butte,007,56177,409
2021-02-28,Calaveras,009,10753,157
2021-02-28,Colusa,011,3248,68
2021-02-28,Contra Costa,013,315094,7493
2021-02-28,Del Norte,015,3493,141
2021-02-28,El Dorado,017,42032,992
2021-02-28,Fresno,019,182960,6743
2021-02-28,Glenn,021,5371,19
2021-02-28,Humboldt,023,30760,1370
2021-02-28,Imperial,025,27110,1004
2021-02-28,Inyo,027,4208,132
2021-02-28,Kern,029,126942,3017
2021-02-28,Kings,031,13647,612
2021-02-28,Lake,033,12644,420
2021-02-28,Lassen,035,3983,7
2021-02-28,Los Angeles,037,2126386,76720
2021-02-28,Madera,039,26994,468
2021-02-28,Marin,041,84509,2282
2021-02-28,Mariposa,043,2441,7
2021-02-28,Mendocino,045,28438,1340
2021-02-28,Merced,047,35334,1477
2021-02-28,Modoc,049,2111,1
2021-02-28,Mono,051,7778,8
2021-02-28,Monterey,053,72230,3286
2021-02-28,Napa,055,45834,991
2021-02-28,Nevada,057,23434,1001
2021-02-28,Orange,059,726840,29846
2021-02-28,Placer,061,109816,2951
2021-02-28,Plumas,063,3354,35
2021-02-28,Riverside,065,456617,11885
2021-02-28,Sacramento,067,293294,8004
2021-02-28,San Benito,069,8774,252
2021-02-28,San Bernardino,071,357433,7123
2021-02-28,San Diego,073,855520,22593
2021-02-28,San Francisco,075,225089,9086
2021-02-28,San Joaquin,077,128455,4865
2021-02-28,San Luis Obispo,079,62862,893
2021-02-28,San Mateo,081,212898,12837
2021-02-28,Santa Barbara,083,93461,2217
2021-02-28,Santa Clara,085,433717,10435
2021-02-28,Santa Cruz,087,80954,2908
2021-02-28,Shasta,089,29571,663
2021-02-28,Sierra,091,1047,8
2021-02-28,Siskiyou,093,10025,83
2021-02-28,Solano,095,89776,1215
2021-02-28,Sonoma,097,139350,3165
2021-02-28,Stanislaus,099,95915,1742
2021-02-28,Sutter,101,19137,182
2021-02-28,Tehama,103,9100,322
2021-02-28,Trinity,105,1760,22
2021-02-28,Tulare,107,70544,2805
2021-02-28,Tuolumne,109,15361,947
2021-02-28,Ventura,111,186702,8773
2021-02-28,Yolo,113,54145,1518
2021-02-28,Yuba,115,9440,122
2021-02-27,Alameda,001,388671,11775
2021-02-27,Alpine,003,483,30
2021-02-27,Amador,005,9090,379
2021-02-27,Butte,007,55768,945
2021-02-27,Calaveras,009,10596,541
2021-02-27,Colusa,011,3180,145
2021-02-27,Contra Costa,013,307601,8111
2021-02-27,Del Norte,015,3352,79
2021-02-27,El Dorado,017,41040,1128
2021-02-27,Fresno,019,176217,4654
2021-02-27,Glenn,021,5352,307
2021-02-27,Humboldt,023,29390,997
2021-02-27,Imperial,025,26106,1559
2021-02-27,Inyo,027,4076,28
2021-02-27,Kern,029,123925,4632
2021-02-27,Kings,031,13035,547
2021-02-27,Lake,033,12224,511
2021-02-27,Lassen,035,3976,72
2021-02-27,Los Angeles,037,2049666,56521
2021-02-27,Madera,039,26526,896
2021-02-27,Marin,041,82227,2613
2021-02-27,Mariposa,043,2434,73
2021-02-27,Mendocino,045,27098,1188
2021-02-27,Merced,047,33857,1750
2021-02-27,Modoc,049,2110,19
2021-02-27,Mono,051,7770,3
2021-02-27,Monterey,053,68944,2527
2021-02-27,Napa,055,44843,1195
2021-02-27,Nevada,057,22433,469
2021-02-27,Orange,059,696994,17498
2021-02-27,Placer,061,106865,1354
2021-02-27,Plumas,063,3319,224
2021-02-27,Riverside,065,444732,18585
2021-02-27,Sacramento,067,285290,7072
2021-02-27,San Benito,069,8522,407
2021-02-27,San Bernardino,071,350310,9750
2021-02-27,San Diego,073,832927,27087
2021-02-27,San Francisco,075,216003,9158
2021-02-27,San Joaquin,077,123590,4361
2021-02-27,San Luis Obispo,079,61969,1989
2021-02-27,San Mateo,081,200061,4632
2021-02-27,Santa Barbara,083,91244,3466
2021-02-27,Santa Clara,085,423282,7999
2021-02-27,Santa Cruz,087,78046,1748
2021-02-27,Shasta,089,28908,1552
2021-02-27,Sierra,091,1039,24
2021-02-27,Siskiyou,093,9942,429
2021-02-27,Solano,095,88561,1361
2021-02-27,Sonoma,097,136185,3768
2021-02-27,Stanislaus,099,94173,3467
2021-02-27,Sutter,101,18955,419
2021-02-27,Tehama,103,8778,452
2021-02-27,Trinity,105,1738,18
2021-02-27,Tulare,107,67739,2722
2021-02-27,Tuolumne,109,14414,613
2021-02-27,Ventura,111,177929,5394
2021-02-27,Yolo,113,52627,1326
2021-02-27,Yuba,115,9318,262
2021-02-26,Alameda,001,376896,12480
2021-02-26,Alpine,003,453,3
2021-02-26,Amador,005,8711,381
2021-02-26,Butte,007,54823,1684
2021-02-26,Calaveras,009,10055,384
2021-02-26,Colusa,011,3035,183
2021-02-26,Contra Costa,013,299490,9131
2021-02-26,Del Norte,015,3273,79
2021-02-26,El Dorado,017,39912,784
2021-02-26,Fresno,019,171563,4241
2021-02-26,Glenn,021,5045,277
2021-02-26,Humboldt,023,28393,843
2021-02-26,Imperial,025,24547,464
2021-02-26,Inyo,027,4048,250
2021-02-26,Kern,029,119293,4325
2021-02-26,Kings,031,12488,608
2021-02-26,Lake,033,11713,387
2021-02-26,Lassen,035,3904,96
2021-02-26,Los Angeles,037,1993145,50217
2021-02-26,Madera,039,25630,500
2021-02-26,Marin,041,79614,2942
2021-02-26,Mariposa,043,2361,281
2021-02-26,Mendocino,045,25910,1063
2021-02-26,Merced,047,32107,1125
2021-02-26,Modoc,049,2091,182
2021-02-26,Mono,051,7767,8
2021-02-26,Monterey,053,66417,3139
2021-02-26,Napa,055,43648,794
2021-02-26,Nevada,057,21964,602
2021-02-26,Orange,059,679496,19077
2021-02-26,Placer,061,105511,2471
2021-02-26,Plumas,063,3095,232
2021-02-26,Riverside,065,426147,11829
2021-02-26,Sacramento,067,278218,7058
2021-02-26,San Benito,069,8115,285
2021-02-26,San Bernardino,071,340560,10148
2021-02-26,San Diego,073,805840,27297
2021-02-26,San Francisco,075,206845,6858
2021-02-26,San Joaquin,077,119229,5735
2021-02-26,San Luis Obispo,079,59980,1989
2021-02-26,San Mateo,081,195429,3943
2021-02-26,Santa Barbara,083,87778,3777
2021-02-26,Santa Clara,085,415283,11045
2021-02-26,Santa Cruz,087,76298,3377
2021-02-26,Shasta,089,27356,505
2021-02-26,Sierra,091,1015,92
2021-02-26,Siskiyou,093,9513,285
2021-02-26,Solano,095,87200,1707
2021-02-26,Sonoma,097,132417,5036
2021-02-26,Stanislaus,099,90706,2449
2021-02-26,Sutter,101,18536,888
2021-02-26,Tehama,103,8326,308
2021-02-26,Trinity,105,1720,33
2021-02-26,Tulare,107,65017,3276
2021-02-26,Tuolumne,109,13801,476
2021-02-26,Ventura,111,172535,3605
2021-02-26,Yolo,113,51301,1677
2021-02-26,Yuba,115,9056,394
2021-02-25,Alameda,001,364416,13586
2021-02-25,Alpine,003,450,0
2021-02-25,Amador,005,8330,299
2021-02-25,Butte,007,53139,2793
2021-02-25,Calaveras,009,9671,209
2021-02-25,Colusa,011,2852,90
2021-02-25,Contra Costa,013,290359,8598
2021-02-25,Del Norte,015,3194,156
2021-02-25,El Dorado,017,39128,990
2021-02-25,Fresno,019,167322,4231
2021-02-25,Glenn,021,4768,157
2021-02-25,Humboldt,023,27550,1075
2021-02-25,Imperial,025,24083,1033
2021-02-25,Inyo,027,3798,108
2021-02-25,Kern,029,114968,3517
2021-02-25,Kings,031,11880,312
2021-02-25,Lake,033,11326,447
2021-02-25,Lassen,035,3808,200
2021-02-25,Los Angeles,037,1942928,53706
2021-02-25,Madera,039,25130,861
2021-02-25,Marin,041,76672,2821
2021-02-25,Mariposa,043,2080,483
2021-02-25,Mendocino,045,24847,1817
2021-02-25,Merced,047,30982,781
2021-02-25,Modoc,049,1909,68
2021-02-25,Mono,051,7759,9
2021-02-25,Monterey,053,63278,2374
2021-02-25,Napa,055,42854,1946
2021-02-25,Nevada,057,21362,399
2021-02-25,Orange,059,660419,15603
2021-02-25,Placer,061,103040,3004
2021-02-25,Plumas,063,2863,383
2021-02-25,Riverside,065,414318,10629
2021-02-25,Sacramento,067,271160,7493
2021-02-25,San Benito,069,7830,326
2021-02-25,San Bernardino,071,330412,8295
2021-02-25,San Diego,073,778543,28619
2021-02-25,San Francisco,075,199987,5694
2021-02-25,San Joaquin,077,113494,5818
2021-02-25,San Luis Obispo,079,57991,2072
2021-02-25,San Mateo,081,191486,3902
2021-02-25,Santa Barbara,083,84001,3497
2021-02-25,Santa Clara,085,404238,10629
2021-02-25,Santa Cruz,087,72921,1744
2021-02-25,Shasta,089,26851,887
2021-02-25,Sierra,091,923,1
2021-02-25,Siskiyou,093,9228,158
2021-02-25,Solano,095,85493,2922
2021-02-25,Sonoma,097,127381,3068
2021-02-25,Stanislaus,099,88257,2640
2021-02-25,Sutter,101,17648,498
2021-02-25,Tehama,103,8018,297
2021-02-25,Trinity,105,1687,40
2021-02-25,Tulare,107,61741,1741
2021-02-25,Tuolumne,109,13325,77
2021-02-25,Ventura,111,168930,4997
2021-02-25,Yolo,113,49624,1191
2021-02-25,Yuba,115,8662,242
2021-02-24,Alameda,001,350830,9919
2021-02-24,Alpine,003,450,0
2021-02-24,Amador,005,8031,126
2021-02-24,Butte,007,50346,1823
2021-02-24,Calaveras,009,9462,102
2021-02-24,Colusa,011,2762,40
2021-02-24,Contra Costa,013,281761,9037
2021-02-24,Del Norte,015,3038,17
2021-02-24,El Dorado,017,38138,721
2021-02-24,Fresno,019,163091,2546
2021-02-24,Glenn,021,4611,42
2021-02-24,Humboldt,023,26475,197
2021-02-24,Imperial,025,23050,818
2021-02-24,Inyo,027,3690,119
2021-02-24,Kern,029,111451,4075
2021-02-24,Kings,031,11568,246
2021-02-24,Lake,033,10879,159
2021-02-24,Lassen,035,3608,105
2021-02-24,Los Angeles,037,1889222,34302
2021-02-24,Madera,039,24269,789
2021-02-24,Marin,041,73851,1741
2021-02-24,Mariposa,043,1597,221
2021-02-24,Mendocino,045,23030,544
2021-02-24,Merced,047,30201,896
2021-02-24,Modoc,049,1841,27
2021-02-24,Mono,051,7750,407
2021-02-24,Monterey,053,60904,828
2021-02-24,Napa,055,40908,615
2021-02-24,Nevada,057,20963,547
2021-02-24,Orange,059,644816,9531
2021-02-24,Placer,061,100036,2162
2021-02-24,Plumas,063,2480,27
2021-02-24,Riverside,065,403689,10805
2021-02-24,Sacramento,067,263667,5494
2021-02-24,San Benito,069,7504,183
2021-02-24,San Bernardino,071,322117,8738
2021-02-24,San Diego,073,749924,25241
2021-02-24,San Francisco,075,194293,4470
2021-02-24,San Joaquin,077,107676,4788
2021-02-24,San Luis Obispo,079,55919,1822
2021-02-24,San Mateo,081,187584,3136
2021-02-24,Santa Barbara,083,80504,921
2021-02-24,Santa Clara,085,393609,8674
2021-02-24,Santa Cruz,087,71177,1190
2021-02-24,Shasta,089,25964,548
2021-02-24,Sierra,091,922,2
2021-02-24,Siskiyou,093,9070,174
2021-02-24,Solano,095,82571,2537
2021-02-24,Sonoma,097,124313,2748
2021-02-24,Stanislaus,099,85617,2505
2021-02-24,Sutter,101,17150,261
2021-02-24,Tehama,103,7721,56
2021-02-24,Trinity,105,1647,4
2021-02-24,Tulare,107,60000,1093
2021-02-24,Tuolumne,109,13248,31
2021-02-24,Ventura,111,163933,4626
2021-02-24,Yolo,113,48433,2166
2021-02-24,Yuba,115,8420,103
2021-02-23,Alameda,001,340911,8388
2021-02-23,Alpine,003,450,28
2021-02-23,Amador,005,7905,61
2021-02-23,Butte,007,48523,775
2021-02-23,Calaveras,009,9360,145
2021-02-23,Colusa,011,2722,134
2021-02-23,Contra Costa,013,272724,4908
2021-02-23,Del Norte,015,3021,4
2021-02-23,El Dorado,017,37417,898
2021-02-23,Fresno,019,160545,2528
2021-02-23,Glenn,021,4569,87
2021-02-23,Humboldt,023,26278,533
2021-02-23,Imperial,025,22232,802
2021-02-23,Inyo,027,3571,37
2021-02-23,Kern,029,107376,2260
2021-02-23,Kings,031,11322,116
2021-02-23,Lake,033,10720,238
2021-02-23,Lassen,035,3503,167
2021-02-23,Los Angeles,037,1854920,27311
2021-02-23,Madera,039,23480,1691
2021-02-23,Marin,041,72110,874
2021-02-23,Mariposa,043,1376,28
2021-02-23,Mendocino,045,22486,182
2021-02-23,Merced,047,29305,581
2021-02-23,Modoc,049,1814,18
2021-02-23,Mono,051,7343,6
2021-02-23,Monterey,053,60076,1845
2021-02-23,Napa,055,40293,253
2021-02-23,Nevada,057,20416,337
2021-02-23,Orange,059,635285,7161
2021-02-23,Placer,061,97874,2020
2021-02-23,Plumas,063,2453,9
2021-02-23,Riverside,065,392884,9393
2021-02-23,Sacramento,067,258173,5344
2021-02-23,San Benito,069,7321,176
2021-02-23,San Bernardino,071,313379,7284
2021-02-23,San Diego,073,724683,8403
2021-02-23,San Francisco,075,189823,4464
2021-02-23,San Joaquin,077,102888,2799
2021-02-23,San Luis Obispo,079,54097,1904
2021-02-23,San Mateo,081,184448,9024
2021-02-23,Santa Barbara,083,79583,876
2021-02-23,Santa Clara,085,384935,9848
2021-02-23,Santa Cruz,087,69987,2094
2021-02-23,Shasta,089,25416,668
2021-02-23,Sierra,091,920,0
2021-02-23,Siskiyou,093,8896,175
2021-02-23,Solano,095,80034,1686
2021-02-23,Sonoma,097,121565,1776
2021-02-23,Stanislaus,099,83112,1469
2021-02-23,Sutter,101,16889,106
2021-02-23,Tehama,103,7665,47
2021-02-23,Trinity,105,1643,19
2021-02-23,Tulare,107,58907,1692
2021-02-23,Tuolumne,109,13217,123
2021-02-23,Ventura,111,159307,5222
2021-02-23,Yolo,113,46267,1693
2021-02-23,Yuba,115,8317,63
2021-02-22,Alameda,001,332523,6891
2021-02-22,Alpine,003,422,0
2021-02-22,Amador,005,7844,97
2021-02-22,Butte,007,47748,434
2021-02-22,Calaveras,009,9215,64
2021-02-22,Colusa,011,2588,7
2021-02-22,Contra Costa,013,267816,2263
2021-02-22,Del Norte,015,3017,0
2021-02-22,El Dorado,017,36519,983
2021-02-22,Fresno,019,158017,1496
2021-02-22,Glenn,021,4482,14
2021-02-22,Humboldt,023,25745,273
2021-02-22,Imperial,025,21430,207
2021-02-22,Inyo,027,3534,270
2021-02-22,Kern,029,105116,846
2021-02-22,Kings,031,11206,135
2021-02-22,Lake,033,10482,97
2021-02-22,Lassen,035,3336,1
2021-02-22,Los Angeles,037,1827609,25128
2021-02-22,Madera,039,21789,1724
2021-02-22,Marin,041,71236,3299
2021-02-22,Mariposa,043,1348,0
2021-02-22,Mendocino,045,22304,53
2021-02-22,Merced,047,28724,142
2021-02-22,Modoc,049,1796,0
2021-02-22,Mono,051,7337,52
2021-02-22,Monterey,053,58231,952
2021-02-22,Napa,055,40040,1555
2021-02-22,Nevada,057,20079,189
2021-02-22,Orange,059,628124,7495
2021-02-22,Placer,061,95854,1578
2021-02-22,Plumas,063,2444,0
2021-02-22,Riverside,065,383491,8202
2021-02-22,Sacramento,067,252829,6965
2021-02-22,San Benito,069,7145,33
2021-02-22,San Bernardino,071,306095,5144
2021-02-22,San Diego,073,716280,12887
2021-02-22,San Francisco,075,185359,1838
2021-02-22,San Joaquin,077,100089,1326
2021-02-22,San Luis Obispo,079,52193,212
2021-02-22,San Mateo,081,175424,1863
2021-02-22,Santa Barbara,083,78707,1180
2021-02-22,Santa Clara,085,375087,3151
2021-02-22,Santa Cruz,087,67893,1006
2021-02-22,Shasta,089,24748,101
2021-02-22,Sierra,091,920,0
2021-02-22,Siskiyou,093,8721,17
2021-02-22,Solano,095,78348,600
2021-02-22,Sonoma,097,119789,2173
2021-02-22,Stanislaus,099,81643,698
2021-02-22,Sutter,101,16783,614
2021-02-22,Tehama,103,7618,11
2021-02-22,Trinity,105,1624,0
2021-02-22,Tulare,107,57215,2962
2021-02-22,Tuolumne,109,13094,1017
2021-02-22,Ventura,111,154085,6353
2021-02-22,Yolo,113,44574,373
2021-02-22,Yuba,115,8254,372
2021-02-21,Alameda,001,325632,12963
2021-02-21,Alpine,003,422,0
2021-02-21,Amador,005,7747,368
2021-02-21,Butte,007,47314,261
2021-02-21,Calaveras,009,9151,122
2021-02-21,Colusa,011,2581,33
2021-02-21,Contra Costa,013,265553,8623
2021-02-21,Del Norte,015,3017,4
2021-02-21,El Dorado,017,35536,553
2021-02-21,Fresno,019,156521,3158
2021-02-21,Glenn,021,4468,232
2021-02-21,Humboldt,023,25472,675
2021-02-21,Imperial,025,21223,986
2021-02-21,Inyo,027,3264,515
2021-02-21,Kern,029,104270,2464
2021-02-21,Kings,031,11071,37
2021-02-21,Lake,033,10385,135
2021-02-21,Lassen,035,3335,13
2021-02-21,Los Angeles,037,1802481,29303
2021-02-21,Madera,039,20065,106
2021-02-21,Marin,041,67937,1252
2021-02-21,Mariposa,043,1348,67
2021-02-21,Mendocino,045,22251,160
2021-02-21,Merced,047,28582,368
2021-02-21,Modoc,049,1796,0
2021-02-21,Mono,051,7285,0
2021-02-21,Monterey,053,57279,1105
2021-02-21,Napa,055,38485,937
2021-02-21,Nevada,057,19890,808
2021-02-21,Orange,059,620629,9817
2021-02-21,Placer,061,94276,2302
2021-02-21,Plumas,063,2444,78
2021-02-21,Riverside,065,375289,8267
2021-02-21,Sacramento,067,245864,5026
2021-02-21,San Benito,069,7112,59
2021-02-21,San Bernardino,071,300951,4375
2021-02-21,San Diego,073,703393,9050
2021-02-21,San Francisco,075,183521,4279
2021-02-21,San Joaquin,077,98763,2732
2021-02-21,San Luis Obispo,079,51981,478
2021-02-21,San Mateo,081,173561,3973
2021-02-21,Santa Barbara,083,77527,1690
2021-02-21,Santa Clara,085,371936,10827
2021-02-21,Santa Cruz,087,66887,2082
2021-02-21,Shasta,089,24647,369
2021-02-21,Sierra,091,920,0
2021-02-21,Siskiyou,093,8704,29
2021-02-21,Solano,095,77748,2178
2021-02-21,Sonoma,097,117616,3257
2021-02-21,Stanislaus,099,80945,1538
2021-02-21,Sutter,101,16169,402
2021-02-21,Tehama,103,7607,279
2021-02-21,Trinity,105,1624,185
2021-02-21,Tulare,107,54253,578
2021-02-21,Tuolumne,109,12077,925
2021-02-21,Ventura,111,147732,1852
2021-02-21,Yolo,113,44201,1392
2021-02-21,Yuba,115,7882,110
2021-02-20,Alameda,001,312669,15976
2021-02-20,Alpine,003,422,33
2021-02-20,Amador,005,7379,350
2021-02-20,Butte,007,47053,1244
2021-02-20,Calaveras,009,9029,389
2021-02-20,Colusa,011,2548,110
2021-02-20,Contra Costa,013,256930,10146
2021-02-20,Del Norte,015,3013,59
2021-02-20,El Dorado,017,34983,779
2021-02-20,Fresno,019,153363,4743
2021-02-20,Glenn,021,4236,78
2021-02-20,Humboldt,023,24797,585
2021-02-20,Imperial,025,20237,844
2021-02-20,Inyo,027,2749,44
2021-02-20,Kern,029,101806,4380
2021-02-20,Kings,031,11034,169
2021-02-20,Lake,033,10250,239
2021-02-20,Lassen,035,3322,79
2021-02-20,Los Angeles,037,1773178,57478
2021-02-20,Madera,039,19959,950
2021-02-20,Marin,041,66685,2095
2021-02-20,Mariposa,043,1281,76
2021-02-20,Mendocino,045,22091,534
2021-02-20,Merced,047,28214,1294
2021-02-20,Modoc,049,1796,0
2021-02-20,Mono,051,7285,0
2021-02-20,Monterey,053,56174,2379
2021-02-20,Napa,055,37548,1237
2021-02-20,Nevada,057,19082,877
2021-02-20,Orange,059,610812,18124
2021-02-20,Placer,061,91974,3144
2021-02-20,Plumas,063,2366,29
2021-02-20,Riverside,065,367022,14841
2021-02-20,Sacramento,067,240838,8255
2021-02-20,San Benito,069,7053,292
2021-02-20,San Bernardino,071,296576,9798
2021-02-20,San Diego,073,694343,19690
2021-02-20,San Francisco,075,179242,6012
2021-02-20,San Joaquin,077,96031,4247
2021-02-20,San Luis Obispo,079,51503,1875
2021-02-20,San Mateo,081,169588,8026
2021-02-20,Santa Barbara,083,75837,3728
2021-02-20,Santa Clara,085,361109,11044
2021-02-20,Santa Cruz,087,64805,2553
2021-02-20,Shasta,089,24278,725
2021-02-20,Sierra,091,920,30
2021-02-20,Siskiyou,093,8675,96
2021-02-20,Solano,095,75570,2096
2021-02-20,Sonoma,097,114359,5166
2021-02-20,Stanislaus,099,79407,2884
2021-02-20,Sutter,101,15767,676
2021-02-20,Tehama,103,7328,216
2021-02-20,Trinity,105,1439,133
2021-02-20,Tulare,107,53675,1745
2021-02-20,Tuolumne,109,11152,369
2021-02-20,Ventura,111,145880,4971
2021-02-20,Yolo,113,42809,1103
2021-02-20,Yuba,115,7772,300
2021-02-19,Alameda,001,296693,13115
2021-02-19,Alpine,003,389,1
2021-02-19,Amador,005,7029,265
2021-02-19,Butte,007,45809,1215
2021-02-19,Calaveras,009,8640,439
2021-02-19,Colusa,011,2438,184
2021-02-19,Contra Costa,013,246784,10011
2021-02-19,Del Norte,015,2954,60
2021-02-19,El Dorado,017,34204,1098
2021-02-19,Fresno,019,148620,7233
2021-02-19,Glenn,021,4158,244
2021-02-19,Humboldt,023,24212,424
2021-02-19,Imperial,025,19393,446
2021-02-19,Inyo,027,2705,58
2021-02-19,Kern,029,97426,4329
2021-02-19,Kings,031,10865,288
2021-02-19,Lake,033,10011,216
2021-02-19,Lassen,035,3243,125
2021-02-19,Los Angeles,037,1715700,57022
2021-02-19,Madera,039,19009,519
2021-02-19,Marin,041,64590,1203
2021-02-19,Mariposa,043,1205,15
2021-02-19,Mendocino,045,21557,1535
2021-02-19,Merced,047,26920,2122
2021-02-19,Modoc,049,1796,170
2021-02-19,Mono,051,7285,0
2021-02-19,Monterey,053,53795,1655
2021-02-19,Napa,055,36311,748
2021-02-19,Nevada,057,18205,837
2021-02-19,Orange,059,592688,15219
2021-02-19,Placer,061,88830,3143
2021-02-19,Plumas,063,2337,91
2021-02-19,Riverside,065,352181,9465
2021-02-19,Sacramento,067,232583,7440
2021-02-19,San Benito,069,6761,290
2021-02-19,San Bernardino,071,286778,9827
2021-02-19,San Diego,073,674653,22155
2021-02-19,San Francisco,075,173230,5015
2021-02-19,San Joaquin,077,91784,3133
2021-02-19,San Luis Obispo,079,49628,2254
2021-02-19,San Mateo,081,161562,3494
2021-02-19,Santa Barbara,083,72109,2967
2021-02-19,Santa Clara,085,350065,11551
2021-02-19,Santa Cruz,087,62252,2964
2021-02-19,Shasta,089,23553,668
2021-02-19,Sierra,091,890,97
2021-02-19,Siskiyou,093,8579,389
2021-02-19,Solano,095,73474,2059
2021-02-19,Sonoma,097,109193,4728
2021-02-19,Stanislaus,099,76523,2796
2021-02-19,Sutter,101,15091,504
2021-02-19,Tehama,103,7112,257
2021-02-19,Trinity,105,1306,0
2021-02-19,Tulare,107,51930,2867
2021-02-19,Tuolumne,109,10783,488
2021-02-19,Ventura,111,140909,4553
2021-02-19,Yolo,113,41706,1740
2021-02-19,Yuba,115,7472,266
2021-02-18,Alameda,001,283578,14844
2021-02-18,Alpine,003,388,23
2021-02-18,Amador,005,6764,344
2021-02-18,Butte,007,44594,1276
2021-02-18,Calaveras,009,8201,806
2021-02-18,Colusa,011,2254,152
2021-02-18,Contra Costa,013,236773,9395
2021-02-18,Del Norte,015,2894,181
2021-02-18,El Dorado,017,33106,1819
2021-02-18,Fresno,019,141387,6133
2021-02-18,Glenn,021,3914,92
2021-02-18,Humboldt,023,23788,573
2021-02-18,Imperial,025,18947,358
2021-02-18,Inyo,027,2647,30
2021-02-18,Kern,029,93097,3303
2021-02-18,Kings,031,10577,419
2021-02-18,Lake,033,9795,229
2021-02-18,Lassen,035,3118,153
2021-02-18,Los Angeles,037,1658678,72720
2021-02-18,Madera,039,18490,944
2021-02-18,Marin,041,63387,2811
2021-02-18,Mariposa,043,1190,0
2021-02-18,Mendocino,045,20022,302
2021-02-18,Merced,047,24798,882
2021-02-18,Modoc,049,1626,42
2021-02-18,Mono,051,7285,570
2021-02-18,Monterey,053,52140,2185
2021-02-18,Napa,055,35563,657
2021-02-18,Nevada,057,17368,1068
2021-02-18,Orange,059,577469,19762
2021-02-18,Placer,061,85687,2253
2021-02-18,Plumas,063,2246,121
2021-02-18,Riverside,065,342716,17700
2021-02-18,Sacramento,067,225143,7475
2021-02-18,San Benito,069,6471,179
2021-02-18,San Bernardino,071,276951,8579
2021-02-18,San Diego,073,652498,20661
2021-02-18,San Francisco,075,168215,6059
2021-02-18,San Joaquin,077,88651,3271
2021-02-18,San Luis Obispo,079,47374,2840
2021-02-18,San Mateo,081,158068,9960
2021-02-18,Santa Barbara,083,69142,2355
2021-02-18,Santa Clara,085,338514,11263
2021-02-18,Santa Cruz,087,59288,2570
2021-02-18,Shasta,089,22885,781
2021-02-18,Sierra,091,793,37
2021-02-18,Siskiyou,093,8190,395
2021-02-18,Solano,095,71415,1754
2021-02-18,Sonoma,097,104465,3951
2021-02-18,Stanislaus,099,73727,3051
2021-02-18,Sutter,101,14587,665
2021-02-18,Tehama,103,6855,340
2021-02-18,Trinity,105,1306,82
2021-02-18,Tulare,107,49063,3078
2021-02-18,Tuolumne,109,10295,503
2021-02-18,Ventura,111,136356,4799
2021-02-18,Yolo,113,39966,1138
2021-02-18,Yuba,115,7206,263
2021-02-17,Alameda,001,268734,8793
2021-02-17,Alpine,003,365,0
2021-02-17,Amador,005,6420,136
2021-02-17,Butte,007,43318,621
2021-02-17,Calaveras,009,7395,393
2021-02-17,Colusa,011,2102,126
2021-02-17,Contra Costa,013,227378,8057
2021-02-17,Del Norte,015,2713,49
2021-02-17,El Dorado,017,31287,892
2021-02-17,Fresno,019,135254,5726
2021-02-17,Glenn,021,3822,34
2021-02-17,Humboldt,023,23215,465
2021-02-17,Imperial,025,18589,581
2021-02-17,Inyo,027,2617,69
2021-02-17,Kern,029,89794,2878
2021-02-17,Kings,031,10158,398
2021-02-17,Lake,033,9566,360
2021-02-17,Lassen,035,2965,73
2021-02-17,Los Angeles,037,1585958,38959
2021-02-17,Madera,039,17546,694
2021-02-17,Marin,041,60576,919
2021-02-17,Mariposa,043,1190,0
2021-02-17,Mendocino,045,19720,247
2021-02-17,Merced,047,23916,986
2021-02-17,Modoc,049,1584,69
2021-02-17,Mono,051,6715,3
2021-02-17,Monterey,053,49955,875
2021-02-17,Napa,055,34906,1212
2021-02-17,Nevada,057,16300,728
2021-02-17,Orange,059,557707,10513
2021-02-17,Placer,061,83434,2778
2021-02-17,Plumas,063,2125,59
2021-02-17,Riverside,065,325016,9284
2021-02-17,Sacramento,067,217668,6629
2021-02-17,San Benito,069,6292,192
2021-02-17,San Bernardino,071,268372,9211
2021-02-17,San Diego,073,631837,16259
2021-02-17,San Francisco,075,162156,3670
2021-02-17,San Joaquin,077,85380,2411
2021-02-17,San Luis Obispo,079,44534,2346
2021-02-17,San Mateo,081,148108,2391
2021-02-17,Santa Barbara,083,66787,985
2021-02-17,Santa Clara,085,327251,10232
2021-02-17,Santa Cruz,087,56718,994
2021-02-17,Shasta,089,22104,693
2021-02-17,Sierra,091,756,0
2021-02-17,Siskiyou,093,7795,218
2021-02-17,Solano,095,69661,1140
2021-02-17,Sonoma,097,100514,4015
2021-02-17,Stanislaus,099,70676,2934
2021-02-17,Sutter,101,13922,214
2021-02-17,Tehama,103,6515,216
2021-02-17,Trinity,105,1224,1
2021-02-17,Tulare,107,45985,970
2021-02-17,Tuolumne,109,9792,358
2021-02-17,Ventura,111,131557,3851
2021-02-17,Yolo,113,38828,917
2021-02-17,Yuba,115,6943,118
2021-02-16,Alameda,001,259941,3896
2021-02-16,Alpine,003,365,0
2021-02-16,Amador,005,6284,193
2021-02-16,Butte,007,42697,128
2021-02-16,Calaveras,009,7002,142
2021-02-16,Colusa,011,1976,35
2021-02-16,Contra Costa,013,219321,2696
2021-02-16,Del Norte,015,2664,4
2021-02-16,El Dorado,017,30395,637
2021-02-16,Fresno,019,129528,2734
2021-02-16,Glenn,021,3788,6
2021-02-16,Humboldt,023,22750,83
2021-02-16,Imperial,025,18008,25
2021-02-16,Inyo,027,2548,20
2021-02-16,Kern,029,86916,1753
2021-02-16,Kings,031,9760,179
2021-02-16,Lake,033,9206,158
2021-02-16,Lassen,035,2892,5
2021-02-16,Los Angeles,037,1546999,25851
2021-02-16,Madera,039,16852,139
2021-02-16,Marin,041,59657,664
2021-02-16,Mariposa,043,1190,16
2021-02-16,Mendocino,045,19473,57
2021-02-16,Merced,047,22930,217
2021-02-16,Modoc,049,1515,2
2021-02-16,Mono,051,6712,170
2021-02-16,Monterey,053,49080,848
2021-02-16,Napa,055,33694,994
2021-02-16,Nevada,057,15572,253
2021-02-16,Orange,059,547194,14657
2021-02-16,Placer,061,80656,1603
2021-02-16,Plumas,063,2066,0
2021-02-16,Riverside,065,315732,7502
2021-02-16,Sacramento,067,211039,4215
2021-02-16,San Benito,069,6100,71
2021-02-16,San Bernardino,071,259161,4161
2021-02-16,San Diego,073,615578,10193
2021-02-16,San Francisco,075,158486,2180
2021-02-16,San Joaquin,077,82969,1516
2021-02-16,San Luis Obispo,079,42188,289
2021-02-16,San Mateo,081,145717,2249
2021-02-16,Santa Barbara,083,65802,464
2021-02-16,Santa Clara,085,317019,5173
2021-02-16,Santa Cruz,087,55724,1320
2021-02-16,Shasta,089,21411,310
2021-02-16,Sierra,091,756,0
2021-02-16,Siskiyou,093,7577,67
2021-02-16,Solano,095,68521,929
2021-02-16,Sonoma,097,96499,2446
2021-02-16,Stanislaus,099,67742,1733
2021-02-16,Sutter,101,13708,106
2021-02-16,Tehama,103,6299,26
2021-02-16,Trinity,105,1223,44
2021-02-16,Tulare,107,45015,395
2021-02-16,Tuolumne,109,9434,27
2021-02-16,Ventura,111,127706,2390
2021-02-16,Yolo,113,37911,1488
2021-02-16,Yuba,115,6825,54
2021-02-15,Alameda,001,256045,6959
2021-02-15,Alpine,003,365,0
2021-02-15,Amador,005,6091,153
2021-02-15,Butte,007,42569,257
2021-02-15,Calaveras,009,6860,208
2021-02-15,Colusa,011,1941,29
2021-02-15,Contra Costa,013,216625,2569
2021-02-15,Del Norte,015,2660,3
2021-02-15,El Dorado,017,29758,417
2021-02-15,Fresno,019,126794,3881
2021-02-15,Glenn,021,3782,49
2021-02-15,Humboldt,023,22667,657
2021-02-15,Imperial,025,17983,1262
2021-02-15,Inyo,027,2528,0
2021-02-15,Kern,029,85163,1526
2021-02-15,Kings,031,9581,138
2021-02-15,Lake,033,9048,31
2021-02-15,Lassen,035,2887,4
2021-02-15,Los Angeles,037,1521148,49561
2021-02-15,Madera,039,16713,438
2021-02-15,Marin,041,58993,1235
2021-02-15,Mariposa,043,1174,0
2021-02-15,Mendocino,045,19416,873
2021-02-15,Merced,047,22713,196
2021-02-15,Modoc,049,1513,0
2021-02-15,Mono,051,6542,644
2021-02-15,Monterey,053,48232,637
2021-02-15,Napa,055,32700,478
2021-02-15,Nevada,057,15319,254
2021-02-15,Orange,059,532537,32633
2021-02-15,Placer,061,79053,1260
2021-02-15,Plumas,063,2066,0
2021-02-15,Riverside,065,308230,14056
2021-02-15,Sacramento,067,206824,4176
2021-02-15,San Benito,069,6029,45
2021-02-15,San Bernardino,071,255000,6151
2021-02-15,San Diego,073,605385,10711
2021-02-15,San Francisco,075,156306,3707
2021-02-15,San Joaquin,077,81453,2897
2021-02-15,San Luis Obispo,079,41899,461
2021-02-15,San Mateo,081,143468,3505
2021-02-15,Santa Barbara,083,65338,713
2021-02-15,Santa Clara,085,311846,5696
2021-02-15,Santa Cruz,087,54404,1360
2021-02-15,Shasta,089,21101,397
2021-02-15,Sierra,091,756,0
2021-02-15,Siskiyou,093,7510,93
2021-02-15,Solano,095,67592,1012
2021-02-15,Sonoma,097,94053,1027
2021-02-15,Stanislaus,099,66009,641
2021-02-15,Sutter,101,13602,131
2021-02-15,Tehama,103,6273,130
2021-02-15,Trinity,105,1179,0
2021-02-15,Tulare,107,44620,3758
2021-02-15,Tuolumne,109,9407,190
2021-02-15,Ventura,111,125316,2280
2021-02-15,Yolo,113,36423,925
2021-02-15,Yuba,115,6771,77
2021-02-14,Alameda,001,249086,10825
2021-02-14,Alpine,003,365,0
2021-02-14,Amador,005,5938,247
2021-02-14,Butte,007,42312,228
2021-02-14,Calaveras,009,6652,214
2021-02-14,Colusa,011,1912,75
2021-02-14,Contra Costa,013,214056,7174
2021-02-14,Del Norte,015,2657,5
2021-02-14,El Dorado,017,29341,988
2021-02-14,Fresno,019,122913,4204
2021-02-14,Glenn,021,3733,313
2021-02-14,Humboldt,023,22010,1040
2021-02-14,Imperial,025,16721,58
2021-02-14,Inyo,027,2528,0
2021-02-14,Kern,029,83637,2635
2021-02-14,Kings,031,9443,101
2021-02-14,Lake,033,9017,260
2021-02-14,Lassen,035,2883,16
2021-02-14,Los Angeles,037,1471587,43135
2021-02-14,Madera,039,16275,702
2021-02-14,Marin,041,57758,4196
2021-02-14,Mariposa,043,1174,0
2021-02-14,Mendocino,045,18543,314
2021-02-14,Merced,047,22517,834
2021-02-14,Modoc,049,1513,0
2021-02-14,Mono,051,5898,217
2021-02-14,Monterey,053,47595,1825
2021-02-14,Napa,055,32222,1446
2021-02-14,Nevada,057,15065,898
2021-02-14,Orange,059,499904,26989
2021-02-14,Placer,061,77793,3715
2021-02-14,Plumas,063,2066,58
2021-02-14,Riverside,065,294174,14418
2021-02-14,Sacramento,067,202648,9792
2021-02-14,San Benito,069,5984,83
2021-02-14,San Bernardino,071,248849,8330
2021-02-14,San Diego,073,594674,19941
2021-02-14,San Francisco,075,152599,4479
2021-02-14,San Joaquin,077,78556,2940
2021-02-14,San Luis Obispo,079,41438,280
2021-02-14,San Mateo,081,139963,5763
2021-02-14,Santa Barbara,083,64625,1489
2021-02-14,Santa Clara,085,306150,9064
2021-02-14,Santa Cruz,087,53044,1998
2021-02-14,Shasta,089,20704,397
2021-02-14,Sierra,091,756,0
2021-02-14,Siskiyou,093,7417,114
2021-02-14,Solano,095,66580,4643
2021-02-14,Sonoma,097,93026,4029
2021-02-14,Stanislaus,099,65368,2674
2021-02-14,Sutter,101,13471,1112
2021-02-14,Tehama,103,6143,335
2021-02-14,Trinity,105,1179,0
2021-02-14,Tulare,107,40862,640
2021-02-14,Tuolumne,109,9217,279
2021-02-14,Ventura,111,123036,3763
2021-02-14,Yolo,113,35498,1183
2021-02-14,Yuba,115,6694,502
2021-02-13,Alameda,001,238261,11887
2021-02-13,Alpine,003,365,0
2021-02-13,Amador,005,5691,381
2021-02-13,Butte,007,42084,965
2021-02-13,Calaveras,009,6438,395
2021-02-13,Colusa,011,1837,96
2021-02-13,Contra Costa,013,206882,8613
2021-02-13,Del Norte,015,2652,186
2021-02-13,El Dorado,017,28353,1952
2021-02-13,Fresno,019,118709,15313
2021-02-13,Glenn,021,3420,47
2021-02-13,Humboldt,023,20970,985
2021-02-13,Imperial,025,16663,883
2021-02-13,Inyo,027,2528,130
2021-02-13,Kern,029,81002,3738
2021-02-13,Kings,031,9342,665
2021-02-13,Lake,033,8757,351
2021-02-13,Lassen,035,2867,45
2021-02-13,Los Angeles,037,1428452,56734
2021-02-13,Madera,039,15573,1030
2021-02-13,Marin,041,53562,2371
2021-02-13,Mariposa,043,1174,82
2021-02-13,Mendocino,045,18229,1201
2021-02-13,Merced,047,21683,1421
2021-02-13,Modoc,049,1513,121
2021-02-13,Mono,051,5681,1
2021-02-13,Monterey,053,45770,1671
2021-02-13,Napa,055,30776,1868
2021-02-13,Nevada,057,14167,782
2021-02-13,Orange,059,472915,18151
2021-02-13,Placer,061,74078,2512
2021-02-13,Plumas,063,2008,115
2021-02-13,Riverside,065,279756,11455
2021-02-13,Sacramento,067,192856,8137
2021-02-13,San Benito,069,5901,413
2021-02-13,San Bernardino,071,240519,9092
2021-02-13,San Diego,073,574733,28405
2021-02-13,San Francisco,075,148120,6449
2021-02-13,San Joaquin,077,75616,3047
2021-02-13,San Luis Obispo,079,41158,783
2021-02-13,San Mateo,081,134200,7224
2021-02-13,Santa Barbara,083,63136,3337
2021-02-13,Santa Clara,085,297086,16354
2021-02-13,Santa Cruz,087,51046,3238
2021-02-13,Shasta,089,20307,578
2021-02-13,Sierra,091,756,115
2021-02-13,Siskiyou,093,7303,848
2021-02-13,Solano,095,61937,2065
2021-02-13,Sonoma,097,88997,4767
2021-02-13,Stanislaus,099,62694,2742
2021-02-13,Sutter,101,12359,585
2021-02-13,Tehama,103,5808,175
2021-02-13,Trinity,105,1179,3
2021-02-13,Tulare,107,40222,1724
2021-02-13,Tuolumne,109,8938,348
2021-02-13,Ventura,111,119273,5362
2021-02-13,Yolo,113,34315,1888
2021-02-13,Yuba,115,6192,381
2021-02-12,Alameda,001,226374,9934
2021-02-12,Alpine,003,365,3
2021-02-12,Amador,005,5310,533
2021-02-12,Butte,007,41119,2107
2021-02-12,Calaveras,009,6043,475
2021-02-12,Colusa,011,1741,172
2021-02-12,Contra Costa,013,198269,8859
2021-02-12,Del Norte,015,2466,120
2021-02-12,El Dorado,017,26401,1193
2021-02-12,Fresno,019,103396,3285
2021-02-12,Glenn,021,3373,252
2021-02-12,Humboldt,023,19985,1033
2021-02-12,Imperial,025,15780,223
2021-02-12,Inyo,027,2398,134
2021-02-12,Kern,029,77264,3264
2021-02-12,Kings,031,8677,364
2021-02-12,Lake,033,8406,130
2021-02-12,Lassen,035,2822,103
2021-02-12,Los Angeles,037,1371718,57702
2021-02-12,Madera,039,14543,670
2021-02-12,Marin,041,51191,1980
2021-02-12,Mariposa,043,1092,66
2021-02-12,Mendocino,045,17028,1326
2021-02-12,Merced,047,20262,2249
2021-02-12,Modoc,049,1392,48
2021-02-12,Mono,051,5680,459
2021-02-12,Monterey,053,44099,2203
2021-02-12,Napa,055,28908,1520
2021-02-12,Nevada,057,13385,430
2021-02-12,Orange,059,454764,15990
2021-02-12,Placer,061,71566,2999
2021-02-12,Plumas,063,1893,268
2021-02-12,Riverside,065,268301,10998
2021-02-12,Sacramento,067,184719,6915
2021-02-12,San Benito,069,5488,267
2021-02-12,San Bernardino,071,231427,11910
2021-02-12,San Diego,073,546328,14113
2021-02-12,San Francisco,075,141671,6750
2021-02-12,San Joaquin,077,72569,3497
2021-02-12,San Luis Obispo,079,40375,1130
2021-02-12,San Mateo,081,126976,5428
2021-02-12,Santa Barbara,083,59799,3702
2021-02-12,Santa Clara,085,280732,9173
2021-02-12,Santa Cruz,087,47808,2226
2021-02-12,Shasta,089,19729,767
2021-02-12,Sierra,091,641,81
2021-02-12,Siskiyou,093,6455,123
2021-02-12,Solano,095,59872,1845
2021-02-12,Sonoma,097,84230,4311
2021-02-12,Stanislaus,099,59952,2653
2021-02-12,Sutter,101,11774,370
2021-02-12,Tehama,103,5633,213
2021-02-12,Trinity,105,1176,264
2021-02-12,Tulare,107,38498,2254
2021-02-12,Tuolumne,109,8590,319
2021-02-12,Ventura,111,113911,4555
2021-02-12,Yolo,113,32427,951
2021-02-12,Yuba,115,5811,230
2021-02-11,Alameda,001,216440,8538
2021-02-11,Alpine,003,362,34
2021-02-11,Amador,005,4777,148
2021-02-11,Butte,007,39012,1833
2021-02-11,Calaveras,009,5568,423
2021-02-11,Colusa,011,1569,199
2021-02-11,Contra Costa,013,189410,7311
2021-02-11,Del Norte,015,2346,117
2021-02-11,El Dorado,017,25208,1106
2021-02-11,Fresno,019,100111,2537
2021-02-11,Glenn,021,3121,96
2021-02-11,Humboldt,023,18952,533
2021-02-11,Imperial,025,15557,365
2021-02-11,Inyo,027,2264,32
2021-02-11,Kern,029,74000,3235
2021-02-11,Kings,031,8313,279
2021-02-11,Lake,033,8276,360
2021-02-11,Lassen,035,2719,170
2021-02-11,Los Angeles,037,1314016,56609
2021-02-11,Madera,039,13873,426
2021-02-11,Marin,041,49211,1819
2021-02-11,Mariposa,043,1026,0
2021-02-11,Mendocino,045,15702,788
2021-02-11,Merced,047,18013,2254
2021-02-11,Modoc,049,1344,10
2021-02-11,Mono,051,5221,236
2021-02-11,Monterey,053,41896,1799
2021-02-11,Napa,055,27388,877
2021-02-11,Nevada,057,12955,637
2021-02-11,Orange,059,438774,15139
2021-02-11,Placer,061,68567,3004
2021-02-11,Plumas,063,1625,74
2021-02-11,Riverside,065,257303,9237
2021-02-11,Sacramento,067,177804,6538
2021-02-11,San Benito,069,5221,310
2021-02-11,San Bernardino,071,219517,8711
2021-02-11,San Diego,073,532215,14677
2021-02-11,San Francisco,075,134921,5368
2021-02-11,San Joaquin,077,69072,2372
2021-02-11,San Luis Obispo,079,39245,1176
2021-02-11,San Mateo,081,121548,6572
2021-02-11,Santa Barbara,083,56097,3269
2021-02-11,Santa Clara,085,271559,11718
2021-02-11,Santa Cruz,087,45582,1542
2021-02-11,Shasta,089,18962,568
2021-02-11,Sierra,091,560,42
2021-02-11,Siskiyou,093,6332,324
2021-02-11,Solano,095,58027,1421
2021-02-11,Sonoma,097,79919,2983
2021-02-11,Stanislaus,099,57299,1958
2021-02-11,Sutter,101,11404,528
2021-02-11,Tehama,103,5420,667
2021-02-11,Trinity,105,912,95
2021-02-11,Tulare,107,36244,1801
2021-02-11,Tuolumne,109,8271,529
2021-02-11,Ventura,111,109356,4133
2021-02-11,Yolo,113,31476,1271
2021-02-11,Yuba,115,5581,238
2021-02-10,Alameda,001,207902,10094
2021-02-10,Alpine,003,328,1
2021-02-10,Amador,005,4629,227
2021-02-10,Butte,007,37179,659
2021-02-10,Calaveras,009,5145,334
2021-02-10,Colusa,011,1370,89
2021-02-10,Contra Costa,013,182099,7441
2021-02-10,Del Norte,015,2229,1
2021-02-10,El Dorado,017,24102,1002
2021-02-10,Fresno,019,97574,3566
2021-02-10,Glenn,021,3025,46
2021-02-10,Humboldt,023,18419,239
2021-02-10,Imperial,025,15192,1793
2021-02-10,Inyo,027,2232,124
2021-02-10,Kern,029,70765,2652
2021-02-10,Kings,031,8034,250
2021-02-10,Lake,033,7916,320
2021-02-10,Lassen,035,2549,140
2021-02-10,Los Angeles,037,1257407,35892
2021-02-10,Madera,039,13447,329
2021-02-10,Marin,041,47392,1068
2021-02-10,Mariposa,043,1026,12
2021-02-10,Mendocino,045,14914,685
2021-02-10,Merced,047,15759,494
2021-02-10,Modoc,049,1334,144
2021-02-10,Mono,051,4985,169
2021-02-10,Monterey,053,40097,1198
2021-02-10,Napa,055,26511,1006
2021-02-10,Nevada,057,12318,742
2021-02-10,Orange,059,423635,14990
2021-02-10,Placer,061,65563,3459
2021-02-10,Plumas,063,1551,156
2021-02-10,Riverside,065,248066,12274
2021-02-10,Sacramento,067,171266,7032
2021-02-10,San Benito,069,4911,227
2021-02-10,San Bernardino,071,210806,8180
2021-02-10,San Diego,073,517538,9251
2021-02-10,San Francisco,075,129553,6120
2021-02-10,San Joaquin,077,66700,2823
2021-02-10,San Luis Obispo,079,38069,1032
2021-02-10,San Mateo,081,114976,5459
2021-02-10,Santa Barbara,083,52828,1178
2021-02-10,Santa Clara,085,259841,9069
2021-02-10,Santa Cruz,087,44040,2454
2021-02-10,Shasta,089,18394,534
2021-02-10,Sierra,091,518,0
2021-02-10,Siskiyou,093,6008,197
2021-02-10,Solano,095,56606,1818
2021-02-10,Sonoma,097,76936,3408
2021-02-10,Stanislaus,099,55341,2865
2021-02-10,Sutter,101,10876,197
2021-02-10,Tehama,103,4753,398
2021-02-10,Trinity,105,817,18
2021-02-10,Tulare,107,34443,891
2021-02-10,Tuolumne,109,7742,306
2021-02-10,Ventura,111,105223,4585
2021-02-10,Yolo,113,30205,1978
2021-02-10,Yuba,115,5343,114
2021-02-09,Alameda,001,197808,8449
2021-02-09,Alpine,003,327,37
2021-02-09,Amador,005,4402,110
2021-02-09,Butte,007,36520,868
2021-02-09,Calaveras,009,4811,152
2021-02-09,Colusa,011,1281,51
2021-02-09,Contra Costa,013,174658,5515
2021-02-09,Del Norte,015,2228,335
2021-02-09,El Dorado,017,23100,1118
2021-02-09,Fresno,019,94008,4723
2021-02-09,Glenn,021,2979,32
2021-02-09,Humboldt,023,18180,251
2021-02-09,Imperial,025,13399,291
2021-02-09,Inyo,027,2108,81
2021-02-09,Kern,029,68113,3779
2021-02-09,Kings,031,7784,129
2021-02-09,Lake,033,7596,233
2021-02-09,Lassen,035,2409,81
2021-02-09,Los Angeles,037,1221515,46207
2021-02-09,Madera,039,13118,437
2021-02-09,Marin,041,46324,2458
2021-02-09,Mariposa,043,1014,121
2021-02-09,Mendocino,045,14229,376
2021-02-09,Merced,047,15265,312
2021-02-09,Modoc,049,1190,0
2021-02-09,Mono,051,4816,7
2021-02-09,Monterey,053,38899,897
2021-02-09,Napa,055,25505,677
2021-02-09,Nevada,057,11576,519
2021-02-09,Orange,059,408645,15134
2021-02-09,Placer,061,62104,3185
2021-02-09,Plumas,063,1395,31
2021-02-09,Riverside,065,235792,7721
2021-02-09,Sacramento,067,164234,7182
2021-02-09,San Benito,069,4684,93
2021-02-09,San Bernardino,071,202626,6724
2021-02-09,San Diego,073,508287,4858
2021-02-09,San Francisco,075,123433,7447
2021-02-09,San Joaquin,077,63877,2903
2021-02-09,San Luis Obispo,079,37037,794
2021-02-09,San Mateo,081,109517,4697
2021-02-09,Santa Barbara,083,51650,1616
2021-02-09,Santa Clara,085,250772,10458
2021-02-09,Santa Cruz,087,41586,1057
2021-02-09,Shasta,089,17860,540
2021-02-09,Sierra,091,518,0
2021-02-09,Siskiyou,093,5811,217
2021-02-09,Solano,095,54788,1748
2021-02-09,Sonoma,097,73528,2797
2021-02-09,Stanislaus,099,52476,1605
2021-02-09,Sutter,101,10679,132
2021-02-09,Tehama,103,4355,299
2021-02-09,Trinity,105,799,19
2021-02-09,Tulare,107,33552,590
2021-02-09,Tuolumne,109,7436,277
2021-02-09,Ventura,111,100638,2171
2021-02-09,Yolo,113,28227,1038
2021-02-09,Yuba,115,5229,96
2021-02-08,Alameda,001,189359,5604
2021-02-08,Alpine,003,290,19
2021-02-08,Amador,005,4292,65
2021-02-08,Butte,007,35652,158
2021-02-08,Calaveras,009,4659,13
2021-02-08,Colusa,011,1230,8
2021-02-08,Contra Costa,013,169143,1335
2021-02-08,Del Norte,015,1893,4
2021-02-08,El Dorado,017,21982,523
2021-02-08,Fresno,019,89285,979
2021-02-08,Glenn,021,2947,37
2021-02-08,Humboldt,023,17929,398
2021-02-08,Imperial,025,13108,97
2021-02-08,Inyo,027,2027,0
2021-02-08,Kern,029,64334,505
2021-02-08,Kings,031,7655,36
2021-02-08,Lake,033,7363,239
2021-02-08,Lassen,035,2328,0
2021-02-08,Los Angeles,037,1175308,19443
2021-02-08,Madera,039,12681,184
2021-02-08,Marin,041,43866,1110
2021-02-08,Mariposa,043,893,21
2021-02-08,Mendocino,045,13853,89
2021-02-08,Merced,047,14953,43
2021-02-08,Modoc,049,1190,0
2021-02-08,Mono,051,4809,139
2021-02-08,Monterey,053,38002,735
2021-02-08,Napa,055,24828,163
2021-02-08,Nevada,057,11057,300
2021-02-08,Orange,059,393511,13926
2021-02-08,Placer,061,58919,1222
2021-02-08,Plumas,063,1364,0
2021-02-08,Riverside,065,228071,6078
2021-02-08,Sacramento,067,157052,4758
2021-02-08,San Benito,069,4591,26
2021-02-08,San Bernardino,071,195902,3513
2021-02-08,San Diego,073,503429,9064
2021-02-08,San Francisco,075,115986,3713
2021-02-08,San Joaquin,077,60974,1508
2021-02-08,San Luis Obispo,079,36243,332
2021-02-08,San Mateo,081,104820,2520
2021-02-08,Santa Barbara,083,50034,284
2021-02-08,Santa Clara,085,240314,4689
2021-02-08,Santa Cruz,087,40529,618
2021-02-08,Shasta,089,17320,188
2021-02-08,Sierra,091,518,0
2021-02-08,Siskiyou,093,5594,36
2021-02-08,Solano,095,53040,1230
2021-02-08,Sonoma,097,70731,2039
2021-02-08,Stanislaus,099,50871,693
2021-02-08,Sutter,101,10547,569
2021-02-08,Tehama,103,4056,314
2021-02-08,Trinity,105,780,0
2021-02-08,Tulare,107,32962,715
2021-02-08,Tuolumne,109,7159,4
2021-02-08,Ventura,111,98467,1486
2021-02-08,Yolo,113,27189,580
2021-02-08,Yuba,115,5133,333
2021-02-07,Alameda,001,183755,7294
2021-02-07,Alpine,003,271,0
2021-02-07,Amador,005,4227,247
2021-02-07,Butte,007,35494,457
2021-02-07,Calaveras,009,4646,26
2021-02-07,Colusa,011,1222,83
2021-02-07,Contra Costa,013,167808,7237
2021-02-07,Del Norte,015,1889,10
2021-02-07,El Dorado,017,21459,626
2021-02-07,Fresno,019,88306,1283
2021-02-07,Glenn,021,2910,258
2021-02-07,Humboldt,023,17531,1201
2021-02-07,Imperial,025,13011,954
2021-02-07,Inyo,027,2027,3
2021-02-07,Kern,029,63829,2061
2021-02-07,Kings,031,7619,103
2021-02-07,Lake,033,7124,60
2021-02-07,Lassen,035,2328,7
2021-02-07,Los Angeles,037,1155865,52755
2021-02-07,Madera,039,12497,469
2021-02-07,Marin,041,42756,790
2021-02-07,Mariposa,043,872,58
2021-02-07,Mendocino,045,13764,459
2021-02-07,Merced,047,14910,215
2021-02-07,Modoc,049,1190,0
2021-02-07,Mono,051,4670,674
2021-02-07,Monterey,053,37267,2372
2021-02-07,Napa,055,24665,458
2021-02-07,Nevada,057,10757,279
2021-02-07,Orange,059,379585,17515
2021-02-07,Placer,061,57697,1800
2021-02-07,Plumas,063,1364,0
2021-02-07,Riverside,065,221993,11514
2021-02-07,Sacramento,067,152294,5585
2021-02-07,San Benito,069,4565,101
2021-02-07,San Bernardino,071,192389,6150
2021-02-07,San Diego,073,494365,23108
2021-02-07,San Francisco,075,112273,5304
2021-02-07,San Joaquin,077,59466,884
2021-02-07,San Luis Obispo,079,35911,211
2021-02-07,San Mateo,081,102300,4215
2021-02-07,Santa Barbara,083,49750,1174
2021-02-07,Santa Clara,085,235625,6134
2021-02-07,Santa Cruz,087,39911,3424
2021-02-07,Shasta,089,17132,570
2021-02-07,Sierra,091,518,0
2021-02-07,Siskiyou,093,5558,54
2021-02-07,Solano,095,51810,2555
2021-02-07,Sonoma,097,68692,4806
2021-02-07,Stanislaus,099,50178,699
2021-02-07,Sutter,101,9978,302
2021-02-07,Tehama,103,3742,667
2021-02-07,Trinity,105,780,214
2021-02-07,Tulare,107,32247,714
2021-02-07,Tuolumne,109,7155,687
2021-02-07,Ventura,111,96981,4251
2021-02-07,Yolo,113,26609,742
2021-02-07,Yuba,115,4800,147
2021-02-06,Alameda,001,176461,7921
2021-02-06,Alpine,003,271,25
2021-02-06,Amador,005,3980,268
2021-02-06,Butte,007,35037,1739
2021-02-06,Calaveras,009,4620,111
2021-02-06,Colusa,011,1139,36
2021-02-06,Contra Costa,013,160571,7125
2021-02-06,Del Norte,015,1879,130
2021-02-06,El Dorado,017,20833,1222
2021-02-06,Fresno,019,87023,3139
2021-02-06,Glenn,021,2652,96
2021-02-06,Humboldt,023,16330,386
2021-02-06,Imperial,025,12057,1506
2021-02-06,Inyo,027,2024,0
2021-02-06,Kern,029,61768,5188
2021-02-06,Kings,031,7516,329
2021-02-06,Lake,033,7064,377
2021-02-06,Lassen,035,2321,84
2021-02-06,Los Angeles,037,1103110,71709
2021-02-06,Madera,039,12028,608
2021-02-06,Marin,041,41966,2723
2021-02-06,Mariposa,043,814,102
2021-02-06,Mendocino,045,13305,1128
2021-02-06,Merced,047,14695,516
2021-02-06,Modoc,049,1190,10
2021-02-06,Mono,051,3996,144
2021-02-06,Monterey,053,34895,2291
2021-02-06,Napa,055,24207,716
2021-02-06,Nevada,057,10478,790
2021-02-06,Orange,059,362070,17252
2021-02-06,Placer,061,55897,2337
2021-02-06,Plumas,063,1364,49
2021-02-06,Riverside,065,210479,11264
2021-02-06,Sacramento,067,146709,7870
2021-02-06,San Benito,069,4464,308
2021-02-06,San Bernardino,071,186239,11170
2021-02-06,San Diego,073,471257,29992
2021-02-06,San Francisco,075,106969,5641
2021-02-06,San Joaquin,077,58582,2859
2021-02-06,San Luis Obispo,079,35700,1247
2021-02-06,San Mateo,081,98085,7629
2021-02-06,Santa Barbara,083,48576,3107
2021-02-06,Santa Clara,085,229491,10688
2021-02-06,Santa Cruz,087,36487,2489
2021-02-06,Shasta,089,16562,1036
2021-02-06,Sierra,091,518,0
2021-02-06,Siskiyou,093,5504,424
2021-02-06,Solano,095,49255,2403
2021-02-06,Sonoma,097,63886,3929
2021-02-06,Stanislaus,099,49479,1742
2021-02-06,Sutter,101,9676,235
2021-02-06,Tehama,103,3075,338
2021-02-06,Trinity,105,566,314
2021-02-06,Tulare,107,31533,496
2021-02-06,Tuolumne,109,6468,68
2021-02-06,Ventura,111,92730,4658
2021-02-06,Yolo,113,25867,1917
2021-02-06,Yuba,115,4653,143
2021-02-05,Alameda,001,168540,9142
2021-02-05,Alpine,003,246,4
2021-02-05,Amador,005,3712,79
2021-02-05,Butte,007,33298,2836
2021-02-05,Calaveras,009,4509,338
2021-02-05,Colusa,011,1103,108
2021-02-05,Contra Costa,013,153446,7402
2021-02-05,Del Norte,015,1749,109
2021-02-05,El Dorado,017,19611,1009
2021-02-05,Fresno,019,83884,2887
2021-02-05,Glenn,021,2556,121
2021-02-05,Humboldt,023,15944,832
2021-02-05,Imperial,025,10551,1126
2021-02-05,Inyo,027,2024,115
2021-02-05,Kern,029,56580,4132
2021-02-05,Kings,031,7187,416
2021-02-05,Lake,033,6687,62
2021-02-05,Lassen,035,2237,128
2021-02-05,Los Angeles,037,1031401,38781
2021-02-05,Madera,039,11420,749
2021-02-05,Marin,041,39243,1275
2021-02-05,Mariposa,043,712,197
2021-02-05,Mendocino,045,12177,604
2021-02-05,Merced,047,14179,320
2021-02-05,Modoc,049,1180,134
2021-02-05,Mono,051,3852,76
2021-02-05,Monterey,053,32604,2131
2021-02-05,Napa,055,23491,796
2021-02-05,Nevada,057,9688,538
2021-02-05,Orange,059,344818,15944
2021-02-05,Placer,061,53560,2636
2021-02-05,Plumas,063,1315,54
2021-02-05,Riverside,065,199215,12238
2021-02-05,Sacramento,067,138839,6739
2021-02-05,San Benito,069,4156,240
2021-02-05,San Bernardino,071,175069,8562
2021-02-05,San Diego,073,441265,39802
2021-02-05,San Francisco,075,101328,5526
2021-02-05,San Joaquin,077,55723,3061
2021-02-05,San Luis Obispo,079,34453,1544
2021-02-05,San Mateo,081,90456,3635
2021-02-05,Santa Barbara,083,45469,3117
2021-02-05,Santa Clara,085,218803,10090
2021-02-05,Santa Cruz,087,33998,1918
2021-02-05,Shasta,089,15526,695
2021-02-05,Sierra,091,518,94
2021-02-05,Siskiyou,093,5080,382
2021-02-05,Solano,095,46852,1855
2021-02-05,Sonoma,097,59957,3430
2021-02-05,Stanislaus,099,47737,2091
2021-02-05,Sutter,101,9441,638
2021-02-05,Tehama,103,2737,365
2021-02-05,Trinity,105,252,0
2021-02-05,Tulare,107,31037,771
2021-02-05,Tuolumne,109,6400,296
2021-02-05,Ventura,111,88072,4253
2021-02-05,Yolo,113,23950,3045
2021-02-05,Yuba,115,4510,272
2021-02-04,Alameda,001,159398,8579
2021-02-04,Alpine,003,242,21
2021-02-04,Amador,005,3633,197
2021-02-04,Butte,007,30462,2704
2021-02-04,Calaveras,009,4171,337
2021-02-04,Colusa,011,995,67
2021-02-04,Contra Costa,013,146044,7540
2021-02-04,Del Norte,015,1640,112
2021-02-04,El Dorado,017,18602,901
2021-02-04,Fresno,019,80997,2945
2021-02-04,Glenn,021,2435,154
2021-02-04,Humboldt,023,15112,519
2021-02-04,Imperial,025,9425,424
2021-02-04,Inyo,027,1909,30
2021-02-04,Kern,029,52448,3640
2021-02-04,Kings,031,6771,338
2021-02-04,Lake,033,6625,370
2021-02-04,Lassen,035,2109,76
2021-02-04,Los Angeles,037,992620,39986
2021-02-04,Madera,039,10671,249
2021-02-04,Marin,041,37968,1766
2021-02-04,Mariposa,043,515,20
2021-02-04,Mendocino,045,11573,576
2021-02-04,Merced,047,13859,534
2021-02-04,Modoc,049,1046,33
2021-02-04,Mono,051,3776,0
2021-02-04,Monterey,053,30473,2543
2021-02-04,Napa,055,22695,445
2021-02-04,Nevada,057,9150,813
2021-02-04,Orange,059,328874,16342
2021-02-04,Placer,061,50924,2558
2021-02-04,Plumas,063,1261,92
2021-02-04,Riverside,065,186977,9834
2021-02-04,Sacramento,067,132100,6571
2021-02-04,San Benito,069,3916,213
2021-02-04,San Bernardino,071,166507,10793
2021-02-04,San Diego,073,401463,21246
2021-02-04,San Francisco,075,95802,5537
2021-02-04,San Joaquin,077,52662,2960
2021-02-04,San Luis Obispo,079,32909,1396
2021-02-04,San Mateo,081,86821,4828
2021-02-04,Santa Barbara,083,42352,2315
2021-02-04,Santa Clara,085,208713,9272
2021-02-04,Santa Cruz,087,32080,1410
2021-02-04,Shasta,089,14831,680
2021-02-04,Sierra,091,424,57
2021-02-04,Siskiyou,093,4698,280
2021-02-04,Solano,095,44997,1845
2021-02-04,Sonoma,097,56527,3409
2021-02-04,Stanislaus,099,45646,1842
2021-02-04,Sutter,101,8803,485
2021-02-04,Tehama,103,2372,143
2021-02-04,Trinity,105,252,0
2021-02-04,Tulare,107,30266,863
2021-02-04,Tuolumne,109,6104,370
2021-02-04,Ventura,111,83819,4130
2021-02-04,Yolo,113,20905,961
2021-02-04,Yuba,115,4238,291
2021-02-03,Alameda,001,150819,5059
2021-02-03,Alpine,003,221,0
2021-02-03,Amador,005,3436,90
2021-02-03,Butte,007,27758,1568
2021-02-03,Calaveras,009,3834,57
2021-02-03,Colusa,011,928,31
2021-02-03,Contra Costa,013,138504,6116
2021-02-03,Del Norte,015,1528,115
2021-02-03,El Dorado,017,17701,728
2021-02-03,Fresno,019,78052,1289
2021-02-03,Glenn,021,2281,26
2021-02-03,Humboldt,023,14593,475
2021-02-03,Imperial,025,9001,654
2021-02-03,Inyo,027,1879,103
2021-02-03,Kern,029,48808,2441
2021-02-03,Kings,031,6433,364
2021-02-03,Lake,033,6255,446
2021-02-03,Lassen,035,2033,166
2021-02-03,Los Angeles,037,952634,35143
2021-02-03,Madera,039,10422,271
2021-02-03,Marin,041,36202,781
2021-02-03,Mariposa,043,495,60
2021-02-03,Mendocino,045,10997,464
2021-02-03,Merced,047,13325,427
2021-02-03,Modoc,049,1013,112
2021-02-03,Mono,051,3776,0
2021-02-03,Monterey,053,27930,1893
2021-02-03,Napa,055,22250,291
2021-02-03,Nevada,057,8337,415
2021-02-03,Orange,059,312532,11099
2021-02-03,Placer,061,48366,2112
2021-02-03,Plumas,063,1169,0
2021-02-03,Riverside,065,177143,8382
2021-02-03,Sacramento,067,125529,5567
2021-02-03,San Benito,069,3703,171
2021-02-03,San Bernardino,071,155714,5880
2021-02-03,San Diego,073,380217,15012
2021-02-03,San Francisco,075,90265,3218
2021-02-03,San Joaquin,077,49702,2265
2021-02-03,San Luis Obispo,079,31513,1466
2021-02-03,San Mateo,081,81993,2414
2021-02-03,Santa Barbara,083,40037,637
2021-02-03,Santa Clara,085,199441,6930
2021-02-03,Santa Cruz,087,30670,888
2021-02-03,Shasta,089,14151,550
2021-02-03,Sierra,091,367,0
2021-02-03,Siskiyou,093,4418,231
2021-02-03,Solano,095,43152,1919
2021-02-03,Sonoma,097,53118,2328
2021-02-03,Stanislaus,099,43804,1124
2021-02-03,Sutter,101,8318,198
2021-02-03,Tehama,103,2229,121
2021-02-03,Trinity,105,252,1
2021-02-03,Tulare,107,29403,840
2021-02-03,Tuolumne,109,5734,328
2021-02-03,Ventura,111,79689,3444
2021-02-03,Yolo,113,19944,618
2021-02-03,Yuba,115,3947,106
2021-02-02,Alameda,001,145760,4800
2021-02-02,Alpine,003,221,221
2021-02-02,Amador,005,3346,71
2021-02-02,Butte,007,26190,1041
2021-02-02,Calaveras,009,3777,177
2021-02-02,Colusa,011,897,84
2021-02-02,Contra Costa,013,132388,4160
2021-02-02,Del Norte,015,1413,165
2021-02-02,El Dorado,017,16973,591
2021-02-02,Fresno,019,76763,3488
2021-02-02,Glenn,021,2255,25
2021-02-02,Humboldt,023,14118,337
2021-02-02,Imperial,025,8347,539
2021-02-02,Inyo,027,1776,1776
2021-02-02,Kern,029,46367,2643
2021-02-02,Kings,031,6069,885
2021-02-02,Lake,033,5809,252
2021-02-02,Lassen,035,1867,240
2021-02-02,Los Angeles,037,917491,30640
2021-02-02,Madera,039,10151,580
2021-02-02,Marin,041,35421,1104
2021-02-02,Mariposa,043,435,435
2021-02-02,Mendocino,045,10533,1054
2021-02-02,Merced,047,12898,692
2021-02-02,Modoc,049,901,901
2021-02-02,Mono,051,3776,3776
2021-02-02,Monterey,053,26037,3213
2021-02-02,Napa,055,21959,1596
2021-02-02,Nevada,057,7922,547
2021-02-02,Orange,059,301433,22500
2021-02-02,Placer,061,46254,1824
2021-02-02,Plumas,063,1169,1169
2021-02-02,Riverside,065,168761,9198
2021-02-02,Sacramento,067,119962,4998
2021-02-02,San Benito,069,3532,357
2021-02-02,San Bernardino,071,149834,6346
2021-02-02,San Diego,073,365205,12169
2021-02-02,San Francisco,075,87047,3416
2021-02-02,San Joaquin,077,47437,1493
2021-02-02,San Luis Obispo,079,30047,4561
2021-02-02,San Mateo,081,79579,2812
2021-02-02,Santa Barbara,083,39400,1066
2021-02-02,Santa Clara,085,192511,7188
2021-02-02,Santa Cruz,087,29782,2233
2021-02-02,Shasta,089,13601,645
2021-02-02,Sierra,091,367,367
2021-02-02,Siskiyou,093,4187,509
2021-02-02,Solano,095,41233,3041
2021-02-02,Sonoma,097,50790,6117
2021-02-02,Stanislaus,099,42680,1464
2021-02-02,Sutter,101,8120,135
2021-02-02,Tehama,103,2108,74
2021-02-02,Trinity,105,251,251
2021-02-02,Tulare,107,28563,452
2021-02-02,Tuolumne,109,5406,72
2021-02-02,Ventura,111,76245,2765
2021-02-02,Yolo,113,19326,632
2021-02-02,Yuba,115,3841,85
2021-02-01,Alameda,001,140960,2908
2021-02-01,Alpine,003,0,0
2021-02-01,Amador,005,3275,38
2021-02-01,Butte,007,25149,78
2021-02-01,Calaveras,009,3600,23
2021-02-01,Colusa,011,813,12
2021-02-01,Contra Costa,013,128228,1058
2021-02-01,Del Norte,015,1248,1
2021-02-01,El Dorado,017,16382,531
2021-02-01,Fresno,019,73275,619
2021-02-01,Glenn,021,2230,4
2021-02-01,Humboldt,023,13781,359
2021-02-01,Imperial,025,7808,20
2021-02-01,Inyo,027,0,0
2021-02-01,Kern,029,43724,467
2021-02-01,Kings,031,5184,27
2021-02-01,Lake,033,5557,157
2021-02-01,Lassen,035,1627,2
2021-02-01,Los Angeles,037,886851,22358
2021-02-01,Madera,039,9571,10
2021-02-01,Marin,041,34317,349
2021-02-01,Mariposa,043,0,0
2021-02-01,Mendocino,045,9479,274
2021-02-01,Merced,047,12206,160
2021-02-01,Modoc,049,0,0
2021-02-01,Mono,051,0,0
2021-02-01,Monterey,053,22824,549
2021-02-01,Napa,055,20363,722
2021-02-01,Nevada,057,7375,127
2021-02-01,Orange,059,278933,12088
2021-02-01,Placer,061,44430,889
2021-02-01,Plumas,063,0,0
2021-02-01,Riverside,065,159563,4803
2021-02-01,Sacramento,067,114964,2634
2021-02-01,San Benito,069,3175,50
2021-02-01,San Bernardino,071,143488,2964
2021-02-01,San Diego,073,353036,13267
2021-02-01,San Francisco,075,83631,2102
2021-02-01,San Joaquin,077,45944,1229
2021-02-01,San Luis Obispo,079,25486,219
2021-02-01,San Mateo,081,76767,1853
2021-02-01,Santa Barbara,083,38334,1670
2021-02-01,Santa Clara,085,185323,2879
2021-02-01,Santa Cruz,087,27549,526
2021-02-01,Shasta,089,12956,119
2021-02-01,Sierra,091,0,0
2021-02-01,Siskiyou,093,3678,60
2021-02-01,Solano,095,38192,539
2021-02-01,Sonoma,097,44673,952
2021-02-01,Stanislaus,099,41216,152
2021-02-01,Sutter,101,7985,668
2021-02-01,Tehama,103,2034,39
2021-02-01,Trinity,105,0,0
2021-02-01,Tulare,107,28111,1593
2021-02-01,Tuolumne,109,5334,8
2021-02-01,Ventura,111,73480,1022
2021-02-01,Yolo,113,18694,260
2021-02-01,Yuba,115,3756,368
2021-01-31,Alameda,001,138052,6400
2021-01-31,Alpine,003,0,0
2021-01-31,Amador,005,3237,186
2021-01-31,Butte,007,25071,2132
2021-01-31,Calaveras,009,3577,28
2021-01-31,Colusa,011,801,44
2021-01-31,Contra Costa,013,127170,5569
2021-01-31,Del Norte,015,1247,3
2021-01-31,El Dorado,017,15851,901
2021-01-31,Fresno,019,72656,2187
2021-01-31,Glenn,021,2226,209
2021-01-31,Humboldt,023,13422,1069
2021-01-31,Imperial,025,7788,98
2021-01-31,Inyo,027,0,0
2021-01-31,Kern,029,43257,2540
2021-01-31,Kings,031,5157,64
2021-01-31,Lake,033,5400,572
2021-01-31,Lassen,035,1625,42
2021-01-31,Los Angeles,037,864493,44375
2021-01-31,Madera,039,9561,558
2021-01-31,Marin,041,33968,2832
2021-01-31,Mariposa,043,0,0
2021-01-31,Mendocino,045,9205,183
2021-01-31,Merced,047,12046,389
2021-01-31,Modoc,049,0,0
2021-01-31,Mono,051,0,0
2021-01-31,Monterey,053,22275,806
2021-01-31,Napa,055,19641,712
2021-01-31,Nevada,057,7248,436
2021-01-31,Orange,059,266845,15137
2021-01-31,Placer,061,43541,2175
2021-01-31,Plumas,063,0,0
2021-01-31,Riverside,065,154760,10515
2021-01-31,Sacramento,067,112330,6581
2021-01-31,San Benito,069,3125,70
2021-01-31,San Bernardino,071,140524,3674
2021-01-31,San Diego,073,339769,16958
2021-01-31,San Francisco,075,81529,3500
2021-01-31,San Joaquin,077,44715,1875
2021-01-31,San Luis Obispo,079,25267,366
2021-01-31,San Mateo,081,74914,3340
2021-01-31,Santa Barbara,083,36664,2208
2021-01-31,Santa Clara,085,182444,6002
2021-01-31,Santa Cruz,087,27023,1310
2021-01-31,Shasta,089,12837,878
2021-01-31,Sierra,091,0,0
2021-01-31,Siskiyou,093,3618,36
2021-01-31,Solano,095,37653,1219
2021-01-31,Sonoma,097,43721,1195
2021-01-31,Stanislaus,099,41064,2475
2021-01-31,Sutter,101,7317,344
2021-01-31,Tehama,103,1995,131
2021-01-31,Trinity,105,0,0
2021-01-31,Tulare,107,26518,687
2021-01-31,Tuolumne,109,5326,717
2021-01-31,Ventura,111,72458,4211
2021-01-31,Yolo,113,18434,1224
2021-01-31,Yuba,115,3388,162
2021-01-30,Alameda,001,131652,7208
2021-01-30,Alpine,003,0,0
2021-01-30,Amador,005,3051,324
2021-01-30,Butte,007,22939,1715
2021-01-30,Calaveras,009,3549,404
2021-01-30,Colusa,011,757,105
2021-01-30,Contra Costa,013,121601,7280
2021-01-30,Del Norte,015,1244,30
2021-01-30,El Dorado,017,14950,1873
2021-01-30,Fresno,019,70469,2338
2021-01-30,Glenn,021,2017,147
2021-01-30,Humboldt,023,12353,1369
2021-01-30,Imperial,025,7690,405
2021-01-30,Inyo,027,0,0
2021-01-30,Kern,029,40717,3273
2021-01-30,Kings,031,5093,118
2021-01-30,Lake,033,4828,499
2021-01-30,Lassen,035,1583,26
2021-01-30,Los Angeles,037,820118,49640
2021-01-30,Madera,039,9003,482
2021-01-30,Marin,041,31136,1937
2021-01-30,Mariposa,043,0,0
2021-01-30,Mendocino,045,9022,482
2021-01-30,Merced,047,11657,1201
2021-01-30,Modoc,049,0,0
2021-01-30,Mono,051,0,0
2021-01-30,Monterey,053,21469,1227
2021-01-30,Napa,055,18929,665
2021-01-30,Nevada,057,6812,707
2021-01-30,Orange,059,251708,13614
2021-01-30,Placer,061,41366,3048
2021-01-30,Plumas,063,0,0
2021-01-30,Riverside,065,144245,10591
2021-01-30,Sacramento,067,105749,7128
2021-01-30,San Benito,069,3055,227
2021-01-30,San Bernardino,071,136850,8923
2021-01-30,San Diego,073,322811,17885
2021-01-30,San Francisco,075,78029,4597
2021-01-30,San Joaquin,077,42840,2284
2021-01-30,San Luis Obispo,079,24901,1440
2021-01-30,San Mateo,081,71574,3424
2021-01-30,Santa Barbara,083,34456,1095
2021-01-30,Santa Clara,085,176442,8062
2021-01-30,Santa Cruz,087,25713,1639
2021-01-30,Shasta,089,11959,1234
2021-01-30,Sierra,091,0,0
2021-01-30,Siskiyou,093,3582,235
2021-01-30,Solano,095,36434,1691
2021-01-30,Sonoma,097,42526,3283
2021-01-30,Stanislaus,099,38589,1821
2021-01-30,Sutter,101,6973,550
2021-01-30,Tehama,103,1864,83
2021-01-30,Trinity,105,0,0
2021-01-30,Tulare,107,25831,1304
2021-01-30,Tuolumne,109,4609,81
2021-01-30,Ventura,111,68247,3786
2021-01-30,Yolo,113,17210,752
2021-01-30,Yuba,115,3226,240
2021-01-29,Alameda,001,124444,8140
2021-01-29,Alpine,003,0,0
2021-01-29,Amador,005,2727,193
2021-01-29,Butte,007,21224,2053
2021-01-29,Calaveras,009,3145,181
2021-01-29,Colusa,011,652,62
2021-01-29,Contra Costa,013,114321,7641
2021-01-29,Del Norte,015,1214,106
2021-01-29,El Dorado,017,13077,1345
2021-01-29,Fresno,019,68131,5067
2021-01-29,Glenn,021,1870,87
2021-01-29,Humboldt,023,10984,1322
2021-01-29,Imperial,025,7285,552
2021-01-29,Inyo,027,0,0
2021-01-29,Kern,029,37444,2640
2021-01-29,Kings,031,4975,446
2021-01-29,Lake,033,4329,592
2021-01-29,Lassen,035,1557,85
2021-01-29,Los Angeles,037,770478,35125
2021-01-29,Madera,039,8521,656
2021-01-29,Marin,041,29199,1992
2021-01-29,Mariposa,043,0,0
2021-01-29,Mendocino,045,8540,678
2021-01-29,Merced,047,10456,584
2021-01-29,Modoc,049,0,0
2021-01-29,Mono,051,0,0
2021-01-29,Monterey,053,20242,1843
2021-01-29,Napa,055,18264,754
2021-01-29,Nevada,057,6105,351
2021-01-29,Orange,059,238094,18048
2021-01-29,Placer,061,38318,2014
2021-01-29,Plumas,063,0,0
2021-01-29,Riverside,065,133654,11148
2021-01-29,Sacramento,067,98621,6050
2021-01-29,San Benito,069,2828,208
2021-01-29,San Bernardino,071,127927,8447
2021-01-29,San Diego,073,304926,20729
2021-01-29,San Francisco,075,73432,4220
2021-01-29,San Joaquin,077,40556,3163
2021-01-29,San Luis Obispo,079,23461,1566
2021-01-29,San Mateo,081,68150,2928
2021-01-29,Santa Barbara,083,33361,1428
2021-01-29,Santa Clara,085,168380,9527
2021-01-29,Santa Cruz,087,24074,1890
2021-01-29,Shasta,089,10725,1077
2021-01-29,Sierra,091,0,0
2021-01-29,Siskiyou,093,3347,176
2021-01-29,Solano,095,34743,1776
2021-01-29,Sonoma,097,39243,3076
2021-01-29,Stanislaus,099,36768,2154
2021-01-29,Sutter,101,6423,412
2021-01-29,Tehama,103,1781,68
2021-01-29,Trinity,105,0,0
2021-01-29,Tulare,107,24527,1563
2021-01-29,Tuolumne,109,4528,38
2021-01-29,Ventura,111,64461,4446
2021-01-29,Yolo,113,16458,824
2021-01-29,Yuba,115,2986,142
2021-01-28,Alameda,001,116304,
2021-01-28,Alpine,003,0,
2021-01-28,Amador,005,2534,
2021-01-28,Butte,007,19171,
2021-01-28,Calaveras,009,2964,
2021-01-28,Colusa,011,590,
2021-01-28,Contra Costa,013,106680,
2021-01-28,Del Norte,015,1108,
2021-01-28,El Dorado,017,11732,
2021-01-28,Fresno,019,63064,
2021-01-28,Glenn,021,1783,
2021-01-28,Humboldt,023,9662,
2021-01-28,Imperial,025,6733,
2021-01-28,Inyo,027,0,
2021-01-28,Kern,029,34804,
2021-01-28,Kings,031,4529,
2021-01-28,Lake,033,3737,
2021-01-28,Lassen,035,1472,
2021-01-28,Los Angeles,037,735353,
2021-01-28,Madera,039,7865,
2021-01-28,Marin,041,27207,
2021-01-28,Mariposa,043,0,
2021-01-28,Mendocino,045,7862,
2021-01-28,Merced,047,9872,
2021-01-28,Modoc,049,0,
2021-01-28,Mono,051,0,
2021-01-28,Monterey,053,18399,
2021-01-28,Napa,055,17510,
2021-01-28,Nevada,057,5754,
2021-01-28,Orange,059,220046,
2021-01-28,Placer,061,36304,
2021-01-28,Plumas,063,0,
2021-01-28,Riverside,065,122506,
2021-01-28,Sacramento,067,92571,
2021-01-28,San Benito,069,2620,
2021-01-28,San Bernardino,071,119480,
2021-01-28,San Diego,073,284197,
2021-01-28,San Francisco,075,69212,
2021-01-28,San Joaquin,077,37393,
2021-01-28,San Luis Obispo,079,21895,
2021-01-28,San Mateo,081,65222,
2021-01-28,Santa Barbara,083,31933,
2021-01-28,Santa Clara,085,158853,
2021-01-28,Santa Cruz,087,22184,
2021-01-28,Shasta,089,9648,
2021-01-28,Sierra,091,0,
2021-01-28,Siskiyou,093,3171,
2021-01-28,Solano,095,32967,
2021-01-28,Sonoma,097,36167,
2021-01-28,Stanislaus,099,34614,
2021-01-28,Sutter,101,6011,
2021-01-28,Tehama,103,1713,
2021-01-28,Trinity,105,0,
2021-01-28,Tulare,107,22964,
2021-01-28,Tuolumne,109,4490,
2021-01-28,Ventura,111,60015,
2021-01-28,Yolo,113,15634,
2021-01-28,Yuba,115,2844,
