date,age,confirmed_cases_total,confirmed_cases_percent,deaths_total,deaths_percent
2022-05-26,0-4,286094,0.032,25,0.0
2022-05-26,5-17,1381517,0.155,46,0.001
2022-05-26,18-34,2848980,0.32,1566,0.017
2022-05-26,35-49,2051227,0.231,5813,0.064
2022-05-26,50-59,1093723,0.123,10385,0.115
2022-05-26,60-64,412676,0.046,8607,0.095
2022-05-26,65-69,285864,0.032,9707,0.107
2022-05-26,70-74,197615,0.022,10513,0.116
2022-05-26,75-79,130159,0.015,10649,0.118
2022-05-26,80+,202459,0.023,33291,0.367
2022-05-19,0-4,282630,0.032,25,0.0
2022-05-19,5-17,1368373,0.156,46,0.001
2022-05-19,18-34,2819486,0.32,1564,0.017
2022-05-19,35-49,2028003,0.231,5800,0.064
2022-05-19,50-59,1080999,0.123,10360,0.115
2022-05-19,60-64,407493,0.046,8589,0.095
2022-05-19,65-69,282159,0.032,9692,0.107
2022-05-19,70-74,194898,0.022,10479,0.116
2022-05-19,75-79,128274,0.015,10624,0.118
2022-05-19,80+,199755,0.023,33193,0.367
2022-05-12,0-4,279195,0.032,24,0.0
2022-05-12,5-17,1355751,0.156,46,0.001
2022-05-12,18-34,2793149,0.321,1560,0.017
2022-05-12,35-49,2006424,0.23,5778,0.064
2022-05-12,50-59,1069516,0.123,10338,0.115
2022-05-12,60-64,402807,0.046,8566,0.095
2022-05-12,65-69,278597,0.032,9659,0.107
2022-05-12,70-74,192339,0.022,10456,0.116
2022-05-12,75-79,126506,0.015,10590,0.118
2022-05-12,80+,197255,0.023,33090,0.367
2022-05-05,0-4,277448,0.032,24,0.0
2022-05-05,5-17,1348747,0.156,46,0.0
2022-05-05,18-34,2776663,0.321,1551,0.017
2022-05-05,35-49,1993680,0.23,5749,0.064
2022-05-05,50-59,1063001,0.123,10306,0.115
2022-05-05,60-64,400135,0.046,8538,0.095
2022-05-05,65-69,276610,0.032,9640,0.107
2022-05-05,70-74,190907,0.022,10420,0.116
2022-05-05,75-79,125508,0.015,10558,0.118
2022-05-05,80+,195926,0.023,33009,0.367
2022-04-28,0-4,275820,0.032,24,0.0
2022-04-28,5-17,1342301,0.156,46,0.0
2022-04-28,18-34,2760679,0.321,1546,0.017
2022-04-28,35-49,1982368,0.23,5732,0.064
2022-04-28,50-59,1057153,0.123,10270,0.115
2022-04-28,60-64,397781,0.046,8520,0.095
2022-04-28,65-69,274858,0.032,9606,0.107
2022-04-28,70-74,189632,0.022,10382,0.116
2022-04-28,75-79,124629,0.014,10518,0.117
2022-04-28,80+,194661,0.023,32927,0.368
2022-04-21,0-4,274629,0.032,24,0.0
2022-04-21,5-17,1337122,0.156,46,0.0
2022-04-21,18-34,2747569,0.321,1535,0.017
2022-04-21,35-49,1973268,0.23,5720,0.064
2022-04-21,50-59,1052520,0.123,10239,0.115
2022-04-21,60-64,395878,0.046,8481,0.095
2022-04-21,65-69,273499,0.032,9568,0.107
2022-04-21,70-74,188604,0.022,10337,0.116
2022-04-21,75-79,123918,0.014,10483,0.118
2022-04-21,80+,193704,0.023,32811,0.368
2022-03-30,0-4,272250,0.032,22,0.0
2022-03-30,5-17,1329254,0.157,44,0.0
2022-03-30,18-34,2720831,0.32,1514,0.017
2022-03-30,35-49,1954998,0.23,5654,0.064
2022-03-30,50-59,1043143,0.123,10106,0.115
2022-03-30,60-64,392090,0.046,8385,0.095
2022-03-30,65-69,270615,0.032,9454,0.107
2022-03-30,70-74,186366,0.022,10190,0.116
2022-03-30,75-79,122464,0.014,10358,0.118
2022-03-30,80+,191759,0.023,32378,0.367
2022-03-23,0-4,271737,0.032,21,0.0
2022-03-23,5-17,1327203,0.157,43,0.0
2022-03-23,18-34,2715364,0.32,1507,0.017
2022-03-23,35-49,1951127,0.23,5628,0.064
2022-03-23,50-59,1041092,0.123,10061,0.115
2022-03-23,60-64,391266,0.046,8353,0.095
2022-03-23,65-69,269941,0.032,9408,0.107
2022-03-23,70-74,185834,0.022,10143,0.116
2022-03-23,75-79,122105,0.014,10308,0.118
2022-03-23,80+,191237,0.023,32221,0.367
2022-03-16,0-4,270666,0.032,21,0.0
2022-03-16,5-17,1323573,0.157,43,0.0
2022-03-16,18-34,2707430,0.321,1494,0.017
2022-03-16,35-49,1944550,0.23,5591,0.064
2022-03-16,50-59,1037526,0.123,9997,0.115
2022-03-16,60-64,389763,0.046,8290,0.095
2022-03-16,65-69,268791,0.032,9344,0.107
2022-03-16,70-74,184982,0.022,10049,0.115
2022-03-16,75-79,121516,0.014,10248,0.118
2022-03-16,80+,190210,0.023,31959,0.367
2022-03-09,0-4,269748,0.032,21,0.0
2022-03-09,5-17,1320638,0.157,42,0.0
2022-03-09,18-34,2700634,0.321,1482,0.017
2022-03-09,35-49,1939445,0.23,5541,0.064
2022-03-09,50-59,1034899,0.123,9906,0.115
2022-03-09,60-64,388532,0.046,8224,0.095
2022-03-09,65-69,267821,0.032,9243,0.107
2022-03-09,70-74,184300,0.022,9945,0.115
2022-03-09,75-79,121011,0.014,10132,0.118
2022-03-09,80+,189393,0.022,31640,0.367
2022-03-02,0-4,268567,0.032,20,0.0
2022-03-02,5-17,1316271,0.157,41,0.0
2022-03-02,18-34,2692370,0.321,1466,0.017
2022-03-02,35-49,1933073,0.23,5486,0.064
2022-03-02,50-59,1031595,0.123,9783,0.115
2022-03-02,60-64,387091,0.046,8147,0.096
2022-03-02,65-69,266721,0.032,9118,0.107
2022-03-02,70-74,183362,0.022,9825,0.115
2022-03-02,75-79,120344,0.014,10000,0.117
2022-03-02,80+,188273,0.022,31231,0.367
2022-02-23,0-4,266620,0.032,19,0.0
2022-02-23,5-17,1309335,0.157,36,0.0
2022-02-23,18-34,2679536,0.321,1447,0.017
2022-02-23,35-49,1923174,0.23,5411,0.065
2022-02-23,50-59,1026639,0.123,9643,0.115
2022-02-23,60-64,384984,0.046,8015,0.096
2022-02-23,65-69,265086,0.032,8983,0.107
2022-02-23,70-74,182134,0.022,9661,0.115
2022-02-23,75-79,119469,0.014,9827,0.117
2022-02-23,80+,186816,0.022,30733,0.367
2022-02-16,0-4,263540,0.032,18,0.0
2022-02-16,5-17,1298089,0.157,34,0.0
2022-02-16,18-34,2661175,0.321,1419,0.017
2022-02-16,35-49,1908582,0.23,5351,0.065
2022-02-16,50-59,1018985,0.123,9519,0.115
2022-02-16,60-64,381698,0.046,7903,0.096
2022-02-16,65-69,262469,0.032,8861,0.107
2022-02-16,70-74,180317,0.022,9531,0.115
2022-02-16,75-79,118099,0.014,9678,0.117
2022-02-16,80+,184726,0.022,30266,0.366
2022-02-09,0-4,258667,0.032,18,0.0
2022-02-09,5-17,1279300,0.156,33,0.0
2022-02-09,18-34,2634558,0.322,1397,0.017
2022-02-09,35-49,1886822,0.231,5265,0.065
2022-02-09,50-59,1007448,0.123,9365,0.116
2022-02-09,60-64,376602,0.046,7776,0.096
2022-02-09,65-69,258517,0.032,8703,0.107
2022-02-09,70-74,177310,0.022,9354,0.115
2022-02-09,75-79,116030,0.014,9463,0.117
2022-02-09,80+,181253,0.022,29691,0.366
2022-02-02,0-4,248849,0.031,18,0.0
2022-02-02,5-17,1235496,0.155,33,0.0
2022-02-02,18-34,2577485,0.323,1381,0.017
2022-02-02,35-49,1840536,0.231,5204,0.065
2022-02-02,50-59,983442,0.123,9232,0.116
2022-02-02,60-64,366880,0.046,7668,0.096
2022-02-02,65-69,251113,0.032,8577,0.107
2022-02-02,70-74,172335,0.022,9217,0.115
2022-02-02,75-79,112607,0.014,9310,0.117
2022-02-02,80+,176138,0.022,29154,0.365
2022-01-26,0-4,233112,0.031,17,0.0
2022-01-26,5-17,1160511,0.152,32,0.0
2022-01-26,18-34,2487533,0.326,1361,0.017
2022-01-26,35-49,1767011,0.232,5118,0.065
2022-01-26,50-59,945216,0.124,9142,0.116
2022-01-26,60-64,351488,0.046,7563,0.096
2022-01-26,65-69,239868,0.031,8475,0.108
2022-01-26,70-74,164510,0.022,9065,0.115
2022-01-26,75-79,107401,0.014,9153,0.116
2022-01-26,80+,168750,0.022,28637,0.364
2022-01-12,0-4,175513,0.028,15,0.0
2022-01-12,5-17,863115,0.137,31,0.0
2022-01-12,18-34,2113251,0.336,1321,0.017
2022-01-12,35-49,1471332,0.234,4977,0.065
2022-01-12,50-59,795103,0.126,8946,0.116
2022-01-12,60-64,295733,0.047,7408,0.096
2022-01-12,65-69,201808,0.032,8288,0.108
2022-01-12,70-74,139321,0.022,8883,0.116
2022-01-12,75-79,91552,0.015,8930,0.116
2022-01-12,80+,146956,0.023,27998,0.365
2022-01-05,0-4,150056,0.027,13,0.0
2022-01-05,5-17,695997,0.126,31,0.0
2022-01-05,18-34,1863236,0.337,1293,0.017
2022-01-05,35-49,1303936,0.236,4915,0.065
2022-01-05,50-59,713331,0.129,8838,0.116
2022-01-05,60-64,268005,0.048,7319,0.096
2022-01-05,65-69,184033,0.033,8205,0.108
2022-01-05,70-74,127625,0.023,8797,0.116
2022-01-05,75-79,84216,0.015,8856,0.116
2022-01-05,80+,137467,0.025,27775,0.365
2021-12-29,0-4,136862,0.027,13,0.0
2021-12-29,5-17,642597,0.125,30,0.0
2021-12-29,18-34,1716327,0.334,1286,0.017
2021-12-29,35-49,1208904,0.235,4890,0.065
2021-12-29,50-59,667133,0.13,8794,0.116
2021-12-29,60-64,252730,0.049,7281,0.096
2021-12-29,65-69,174099,0.034,8162,0.108
2021-12-29,70-74,121145,0.024,8739,0.115
2021-12-29,75-79,80105,0.016,8824,0.117
2021-12-29,80+,132464,0.026,27712,0.366
2021-12-22,0-4,132378,0.027,13,0.0
2021-12-22,5-17,625349,0.126,29,0.0
2021-12-22,18-34,1644314,0.331,1278,0.017
2021-12-22,35-49,1169442,0.235,4855,0.064
2021-12-22,50-59,649777,0.131,8743,0.116
2021-12-22,60-64,247112,0.05,7246,0.096
2021-12-22,65-69,170479,0.034,8122,0.108
2021-12-22,70-74,118787,0.024,8699,0.115
2021-12-22,75-79,78632,0.016,8791,0.117
2021-12-22,80+,130675,0.026,27600,0.366
2021-12-15,0-4,130405,0.027,12,0.0
2021-12-15,5-17,616892,0.126,29,0.0
2021-12-15,18-34,1615709,0.33,1262,0.017
2021-12-15,35-49,1153862,0.235,4808,0.064
2021-12-15,50-59,643094,0.131,8672,0.116
2021-12-15,60-64,244653,0.05,7188,0.096
2021-12-15,65-69,169003,0.034,8063,0.108
2021-12-15,70-74,117722,0.024,8643,0.115
2021-12-15,75-79,78011,0.016,8737,0.117
2021-12-15,80+,129897,0.026,27459,0.367
2021-12-08,0-4,128858,0.027,12,0.0
2021-12-08,5-17,608716,0.125,29,0.0
2021-12-08,18-34,1603804,0.33,1248,0.017
2021-12-08,35-49,1144806,0.235,4765,0.064
2021-12-08,50-59,638549,0.131,8598,0.116
2021-12-08,60-64,242827,0.05,7145,0.096
2021-12-08,65-69,167758,0.035,7996,0.107
2021-12-08,70-74,116869,0.024,8595,0.115
2021-12-08,75-79,77396,0.016,8698,0.117
2021-12-08,80+,129128,0.027,27340,0.367
2021-12-01,0-4,127092,0.026,12,0.0
2021-12-01,5-17,599161,0.124,28,0.0
2021-12-01,18-34,1590924,0.33,1239,0.017
2021-12-01,35-49,1134297,0.236,4712,0.064
2021-12-01,50-59,633242,0.132,8535,0.115
2021-12-01,60-64,240696,0.05,7077,0.096
2021-12-01,65-69,166395,0.035,7935,0.107
2021-12-01,70-74,115906,0.024,8540,0.116
2021-12-01,75-79,76710,0.016,8645,0.117
2021-12-01,80+,128245,0.027,27190,0.368
2021-11-23,0-4,125874,0.026,12,0.0
2021-11-23,5-17,593655,0.124,27,0.0
2021-11-23,18-34,1580846,0.331,1224,0.017
2021-11-23,35-49,1125870,0.235,4655,0.063
2021-11-23,50-59,629040,0.132,8443,0.115
2021-11-23,60-64,239002,0.05,7031,0.096
2021-11-23,65-69,165236,0.035,7893,0.108
2021-11-23,70-74,115101,0.024,8480,0.116
2021-11-23,75-79,76155,0.016,8583,0.117
2021-11-23,80+,127465,0.027,27011,0.368
2021-11-17,0-4,124858,0.026,12,0.0
2021-11-17,5-17,588265,0.124,27,0.0
2021-11-17,18-34,1573191,0.331,1208,0.017
2021-11-17,35-49,1119379,0.236,4604,0.063
2021-11-17,50-59,625755,0.132,8376,0.115
2021-11-17,60-64,237611,0.05,6974,0.096
2021-11-17,65-69,164270,0.035,7835,0.108
2021-11-17,70-74,114468,0.024,8404,0.115
2021-11-17,75-79,75737,0.016,8530,0.117
2021-11-17,80+,126846,0.027,26871,0.369
2021-11-10,0-4,123700,0.026,11,0.0
2021-11-10,5-17,581728,0.123,27,0.0
2021-11-10,18-34,1563703,0.331,1200,0.017
2021-11-10,35-49,1111943,0.236,4549,0.063
2021-11-10,50-59,621904,0.132,8289,0.115
2021-11-10,60-64,235937,0.05,6907,0.096
2021-11-10,65-69,163176,0.035,7769,0.107
2021-11-10,70-74,113639,0.024,8345,0.115
2021-11-10,75-79,75204,0.016,8447,0.117
2021-11-10,80+,126078,0.027,26738,0.37
2021-11-03,0-4,122281,0.026,11,0.0
2021-11-03,5-17,573659,0.123,27,0.0
2021-11-03,18-34,1552758,0.332,1187,0.017
2021-11-03,35-49,1102934,0.236,4475,0.062
2021-11-03,50-59,617471,0.132,8214,0.114
2021-11-03,60-64,234115,0.05,6855,0.096
2021-11-03,65-69,161963,0.035,7717,0.108
2021-11-03,70-74,112711,0.024,8275,0.115
2021-11-03,75-79,74595,0.016,8385,0.117
2021-11-03,80+,125199,0.027,26606,0.371
2021-10-27,0-4,120899,0.026,11,0.0
2021-10-27,5-17,565915,0.122,26,0.0
2021-10-27,18-34,1541780,0.332,1175,0.016
2021-10-27,35-49,1093966,0.236,4428,0.062
2021-10-27,50-59,612885,0.132,8131,0.114
2021-10-27,60-64,232140,0.05,6808,0.095
2021-10-27,65-69,160534,0.035,7681,0.108
2021-10-27,70-74,111632,0.024,8243,0.115
2021-10-27,75-79,73960,0.016,8361,0.117
2021-10-27,80+,124189,0.027,26537,0.372
2021-10-20,0-4,120671,0.026,11,0.0
2021-10-20,5-17,559596,0.122,26,0.0
2021-10-20,18-34,1531823,0.333,1159,0.016
2021-10-20,35-49,1083961,0.236,4349,0.061
2021-10-20,50-59,607722,0.132,8034,0.114
2021-10-20,60-64,229660,0.05,6738,0.095
2021-10-20,65-69,158593,0.034,7617,0.108
2021-10-20,70-74,110299,0.024,8158,0.115
2021-10-20,75-79,73005,0.016,8291,0.117
2021-10-20,80+,122590,0.027,26351,0.372
2021-10-13,0-4,119393,0.026,11,0.0
2021-10-13,5-17,552330,0.121,26,0.0
2021-10-13,18-34,1522693,0.334,1133,0.016
2021-10-13,35-49,1075917,0.236,4261,0.061
2021-10-13,50-59,603657,0.132,7913,0.113
2021-10-13,60-64,227894,0.05,6653,0.095
2021-10-13,65-69,157277,0.034,7522,0.107
2021-10-13,70-74,109379,0.024,8077,0.115
2021-10-13,75-79,72392,0.016,8225,0.117
2021-10-13,80+,121787,0.027,26182,0.374
2021-10-06,0-4,118074,0.026,11,0.0
2021-10-06,5-17,545040,0.12,26,0.0
2021-10-06,18-34,1512991,0.334,1115,0.016
2021-10-06,35-49,1067931,0.236,4179,0.06
2021-10-06,50-59,599491,0.132,7794,0.112
2021-10-06,60-64,226187,0.05,6569,0.095
2021-10-06,65-69,155979,0.034,7449,0.107
2021-10-06,70-74,108482,0.024,8016,0.116
2021-10-06,75-79,71731,0.016,8144,0.117
2021-10-06,80+,121024,0.027,26041,0.375
2021-09-29,0-4,116585,0.026,11,0.0
2021-09-29,5-17,536720,0.12,26,0.0
2021-09-29,18-34,1501442,0.334,1096,0.016
2021-09-29,35-49,1058972,0.236,4089,0.06
2021-09-29,50-59,594956,0.133,7676,0.112
2021-09-29,60-64,224259,0.05,6484,0.094
2021-09-29,65-69,154542,0.034,7363,0.107
2021-09-29,70-74,107526,0.024,7943,0.116
2021-09-29,75-79,71056,0.016,8085,0.118
2021-09-29,80+,120183,0.027,25889,0.377
2021-09-22,0-4,114772,0.026,10,0.0
2021-09-22,5-17,527125,0.119,25,0.0
2021-09-22,18-34,1487820,0.335,1079,0.016
2021-09-22,35-49,1048488,0.236,3995,0.059
2021-09-22,50-59,589710,0.133,7558,0.111
2021-09-22,60-64,222064,0.05,6380,0.094
2021-09-22,65-69,152958,0.034,7288,0.107
2021-09-22,70-74,106382,0.024,7855,0.116
2021-09-22,75-79,70310,0.016,8008,0.118
2021-09-22,80+,119196,0.027,25723,0.379
2021-09-15,0-4,112773,0.026,10,0.0
2021-09-15,5-17,516017,0.118,25,0.0
2021-09-15,18-34,1472590,0.336,1056,0.016
2021-09-15,35-49,1036531,0.236,3891,0.058
2021-09-15,50-59,583872,0.133,7434,0.111
2021-09-15,60-64,219656,0.05,6294,0.094
2021-09-15,65-69,151219,0.034,7195,0.107
2021-09-15,70-74,105087,0.024,7791,0.116
2021-09-15,75-79,69516,0.016,7932,0.118
2021-09-15,80+,118146,0.027,25552,0.38
2021-09-08,0-4,110301,0.026,9,0.0
2021-09-08,5-17,502012,0.116,24,0.0
2021-09-08,18-34,1453419,0.336,1023,0.015
2021-09-08,35-49,1021973,0.236,3775,0.057
2021-09-08,50-59,576821,0.133,7284,0.11
2021-09-08,60-64,216908,0.05,6189,0.093
2021-09-08,65-69,149272,0.035,7092,0.107
2021-09-08,70-74,103631,0.024,7689,0.116
2021-09-08,75-79,68650,0.016,7840,0.118
2021-09-08,80+,116913,0.027,25325,0.382
2021-09-01,0-4,107700,0.025,9,0.0
2021-09-01,5-17,487523,0.115,24,0.0
2021-09-01,18-34,1434406,0.337,1000,0.015
2021-09-01,35-49,1007454,0.237,3692,0.056
2021-09-01,50-59,569709,0.134,7169,0.109
2021-09-01,60-64,214144,0.05,6100,0.093
2021-09-01,65-69,147338,0.035,7020,0.107
2021-09-01,70-74,102174,0.024,7615,0.116
2021-09-01,75-79,67735,0.016,7769,0.118
2021-09-01,80+,115599,0.027,25180,0.384
2021-08-25,0-4,103788,0.025,8,0.0
2021-08-25,5-17,467048,0.112,24,0.0
2021-08-25,18-34,1405499,0.338,973,0.015
2021-08-25,35-49,985380,0.237,3618,0.056
2021-08-25,50-59,559066,0.134,7034,0.108
2021-08-25,60-64,209773,0.05,6022,0.093
2021-08-25,65-69,144352,0.035,6948,0.107
2021-08-25,70-74,99970,0.024,7552,0.116
2021-08-25,75-79,66314,0.016,7709,0.119
2021-08-25,80+,113709,0.027,25035,0.386
2021-08-18,0-4,100486,0.025,7,0.0
2021-08-18,5-17,449891,0.111,23,0.0
2021-08-18,18-34,1378225,0.339,951,0.015
2021-08-18,35-49,966203,0.237,3549,0.055
2021-08-18,50-59,549619,0.135,6956,0.108
2021-08-18,60-64,206123,0.051,5959,0.093
2021-08-18,65-69,141695,0.035,6887,0.107
2021-08-18,70-74,98180,0.024,7499,0.116
2021-08-18,75-79,65106,0.016,7650,0.119
2021-08-18,80+,112155,0.028,24894,0.387
2021-08-11,0-4,97440,0.024,7,0.0
2021-08-11,5-17,433229,0.109,23,0.0
2021-08-11,18-34,1348761,0.339,938,0.015
2021-08-11,35-49,945803,0.238,3508,0.055
2021-08-11,50-59,539919,0.136,6907,0.108
2021-08-11,60-64,202499,0.051,5927,0.093
2021-08-11,65-69,139154,0.035,6847,0.107
2021-08-11,70-74,96377,0.024,7462,0.117
2021-08-11,75-79,63916,0.016,7614,0.119
2021-08-11,80+,110745,0.028,24796,0.387
2021-08-04,0-4,94852,0.024,7,0.0
2021-08-04,5-17,420696,0.108,23,0.0
2021-08-04,18-34,1319796,0.338,932,0.015
2021-08-04,35-49,926899,0.238,3489,0.054
2021-08-04,50-59,531177,0.136,6904,0.108
2021-08-04,60-64,199351,0.051,5921,0.092
2021-08-04,65-69,136874,0.035,6831,0.106
2021-08-04,70-74,94816,0.024,7476,0.116
2021-08-04,75-79,62896,0.016,7635,0.119
2021-08-04,80+,109491,0.028,24980,0.389
2021-07-28,0-4,92660,0.024,7,0.0
2021-07-28,5-17,410800,0.107,21,0.0
2021-07-28,18-34,1293902,0.338,918,0.014
2021-07-28,35-49,910782,0.238,3459,0.054
2021-07-28,50-59,523743,0.137,6848,0.107
2021-07-28,60-64,196592,0.051,5886,0.092
2021-07-28,65-69,135052,0.035,6795,0.106
2021-07-28,70-74,93579,0.024,7442,0.116
2021-07-28,75-79,62144,0.016,7606,0.119
2021-07-28,80+,108455,0.028,24901,0.39
2021-07-21,0-4,91055,0.024,7,0.0
2021-07-21,5-17,403883,0.107,21,0.0
2021-07-21,18-34,1273281,0.337,909,0.014
2021-07-21,35-49,898513,0.238,3443,0.054
2021-07-21,50-59,518437,0.137,6819,0.107
2021-07-21,60-64,194734,0.052,5866,0.092
2021-07-21,65-69,133766,0.035,6781,0.106
2021-07-21,70-74,92698,0.025,7425,0.117
2021-07-21,75-79,61620,0.016,7587,0.119
2021-07-21,80+,107770,0.029,24829,0.39
2021-07-14,0-4,90063,0.024,7,0.0
2021-07-14,5-17,399640,0.107,21,0.0
2021-07-14,18-34,1258977,0.336,900,0.014
2021-07-14,35-49,890523,0.238,3425,0.054
2021-07-14,50-59,514946,0.138,6800,0.107
2021-07-14,60-64,193541,0.052,5846,0.092
2021-07-14,65-69,132976,0.036,6764,0.106
2021-07-14,70-74,92140,0.025,7400,0.116
2021-07-14,75-79,61295,0.016,7577,0.119
2021-07-14,80+,107329,0.029,24785,0.39
2021-07-07,0-4,89488,0.024,7,0.0
2021-07-07,5-17,397087,0.107,21,0.0
2021-07-07,18-34,1249730,0.336,887,0.014
2021-07-07,35-49,885702,0.238,3405,0.054
2021-07-07,50-59,512807,0.138,6772,0.107
2021-07-07,60-64,192801,0.052,5826,0.092
2021-07-07,65-69,132498,0.036,6742,0.106
2021-07-07,70-74,91849,0.025,7374,0.116
2021-07-07,75-79,61092,0.016,7553,0.119
2021-07-07,80+,107064,0.029,24722,0.39
2021-06-30,0-4,89155,0.024,4,0.0
2021-06-30,5-17,395713,0.107,19,0.0
2021-06-30,18-34,1245546,0.336,877,0.014
2021-06-30,35-49,883344,0.238,3383,0.054
2021-06-30,50-59,511813,0.138,6735,0.107
2021-06-30,60-64,192430,0.052,5812,0.092
2021-06-30,65-69,132240,0.036,6730,0.107
2021-06-30,70-74,91683,0.025,7348,0.116
2021-06-30,75-79,60995,0.016,7537,0.119
2021-06-30,80+,106929,0.029,24643,0.391
2021-06-23,0-4,88994,0.024,4,0.0
2021-06-23,5-17,394881,0.107,19,0.0
2021-06-23,18-34,1243214,0.335,867,0.014
2021-06-23,35-49,882202,0.238,3358,0.053
2021-06-23,50-59,511343,0.138,6686,0.106
2021-06-23,60-64,192257,0.052,5788,0.092
2021-06-23,65-69,132125,0.036,6706,0.107
2021-06-23,70-74,91602,0.025,7316,0.116
2021-06-23,75-79,60963,0.016,7502,0.119
2021-06-23,80+,106962,0.029,24569,0.391
2021-06-16,0-4,88765,0.024,4,0.0
2021-06-16,5-17,393898,0.106,19,0.0
2021-06-16,18-34,1240558,0.335,865,0.014
2021-06-16,35-49,880474,0.238,3342,0.053
2021-06-16,50-59,510465,0.138,6655,0.106
2021-06-16,60-64,191964,0.052,5764,0.092
2021-06-16,65-69,131906,0.036,6668,0.107
2021-06-16,70-74,91452,0.025,7288,0.116
2021-06-16,75-79,60866,0.016,7476,0.119
2021-06-16,80+,106821,0.029,24477,0.391
2021-06-09,0-4,88562,0.024,4,0.0
2021-06-09,5-17,393014,0.106,19,0.0
2021-06-09,18-34,1238419,0.335,867,0.014
2021-06-09,35-49,879061,0.238,3337,0.053
2021-06-09,50-59,509773,0.138,6629,0.106
2021-06-09,60-64,191718,0.052,5755,0.092
2021-06-09,65-69,131741,0.036,6649,0.106
2021-06-09,70-74,91311,0.025,7292,0.117
2021-06-09,75-79,60766,0.016,7465,0.119
2021-06-09,80+,106704,0.029,24513,0.392
2021-06-02,0-4,88342,0.024,4,0.0
2021-06-02,5-17,392044,0.106,19,0.0
2021-06-02,18-34,1236161,0.335,860,0.014
2021-06-02,35-49,877504,0.238,3316,0.053
2021-06-02,50-59,508987,0.138,6587,0.106
2021-06-02,60-64,191442,0.052,5705,0.092
2021-06-02,65-69,131511,0.036,6615,0.107
2021-06-02,70-74,91175,0.025,7243,0.117
2021-06-02,75-79,60688,0.016,7411,0.119
2021-06-02,80+,106536,0.029,24324,0.392
2021-05-26,0-4,88089,0.024,4,0.0
2021-05-26,5-17,390846,0.106,19,0.0
2021-05-26,18-34,1233081,0.335,857,0.014
2021-05-26,35-49,875563,0.238,3303,0.053
2021-05-26,50-59,507809,0.138,6556,0.106
2021-05-26,60-64,190925,0.052,5683,0.092
2021-05-26,65-69,131116,0.036,6579,0.106
2021-05-26,70-74,90862,0.025,7203,0.116
2021-05-26,75-79,60483,0.016,7393,0.12
2021-05-26,80+,106155,0.029,24250,0.392
2021-05-19,0-4,87812,0.024,4,0.0
2021-05-19,5-17,389576,0.106,19,0.0
2021-05-19,18-34,1230186,0.335,850,0.014
2021-05-19,35-49,873622,0.238,3273,0.053
2021-05-19,50-59,506944,0.138,6525,0.106
2021-05-19,60-64,190539,0.052,5661,0.092
2021-05-19,65-69,130862,0.036,6548,0.106
2021-05-19,70-74,90680,0.025,7175,0.116
2021-05-19,75-79,60379,0.016,7368,0.12
2021-05-19,80+,105926,0.029,24172,0.392
2021-05-12,0-4,87549,0.024,3,0.0
2021-05-12,5-17,388070,0.106,18,0.0
2021-05-12,18-34,1227033,0.335,847,0.014
2021-05-12,35-49,871543,0.238,3251,0.053
2021-05-12,50-59,505927,0.138,6503,0.106
2021-05-12,60-64,190141,0.052,5634,0.092
2021-05-12,65-69,130549,0.036,6523,0.106
2021-05-12,70-74,90509,0.025,7144,0.116
2021-05-12,75-79,60267,0.016,7337,0.12
2021-05-12,80+,105740,0.029,24082,0.393
2021-05-05,0-4,87215,0.024,3,0.0
2021-05-05,5-17,386330,0.106,18,0.0
2021-05-05,18-34,1222951,0.335,828,0.014
2021-05-05,35-49,868957,0.238,3224,0.053
2021-05-05,50-59,504723,0.138,6453,0.106
2021-05-05,60-64,189654,0.052,5597,0.092
2021-05-05,65-69,130238,0.036,6467,0.106
2021-05-05,70-74,90275,0.025,7094,0.116
2021-05-05,75-79,60125,0.016,7275,0.119
2021-05-05,80+,105482,0.029,23959,0.393
2021-04-28,0-4,86979,0.024,2,0.0
2021-04-28,5-17,384374,0.106,17,0.0
2021-04-28,18-34,1218612,0.335,818,0.014
2021-04-28,35-49,866263,0.238,3195,0.053
2021-04-28,50-59,503419,0.138,6392,0.106
2021-04-28,60-64,189132,0.052,5547,0.092
2021-04-28,65-69,129932,0.036,6408,0.106
2021-04-28,70-74,90050,0.025,7032,0.116
2021-04-28,75-79,59958,0.016,7206,0.119
2021-04-28,80+,105251,0.029,23737,0.393
2021-04-21,0-4,86610,0.024,2,0.0
2021-04-21,5-17,382437,0.106,17,0.0
2021-04-21,18-34,1214419,0.335,816,0.014
2021-04-21,35-49,863689,0.238,3177,0.053
2021-04-21,50-59,502187,0.139,6345,0.106
2021-04-21,60-64,188721,0.052,5508,0.092
2021-04-21,65-69,129685,0.036,6373,0.106
2021-04-21,70-74,89878,0.025,6986,0.116
2021-04-21,75-79,59852,0.017,7163,0.119
2021-04-21,80+,105092,0.029,23597,0.393
2021-04-14,0-4,86146,0.024,2,0.0
2021-04-14,5-17,380077,0.105,17,0.0
2021-04-14,18-34,1208667,0.335,810,0.014
2021-04-14,35-49,860055,0.238,3151,0.053
2021-04-14,50-59,500284,0.139,6293,0.106
2021-04-14,60-64,187996,0.052,5464,0.092
2021-04-14,65-69,129304,0.036,6317,0.106
2021-04-14,70-74,89637,0.025,6926,0.116
2021-04-14,75-79,59683,0.017,7111,0.119
2021-04-14,80+,104809,0.029,23409,0.393
2021-04-07,0-4,85619,0.024,2,0.0
2021-04-07,5-17,377367,0.105,16,0.0
2021-04-07,18-34,1200658,0.335,799,0.014
2021-04-07,35-49,855457,0.238,3116,0.053
2021-04-07,50-59,497797,0.139,6192,0.105
2021-04-07,60-64,187027,0.052,5396,0.092
2021-04-07,65-69,128772,0.036,6238,0.106
2021-04-07,70-74,89307,0.025,6837,0.116
2021-04-07,75-79,59467,0.017,7040,0.12
2021-04-07,80+,104491,0.029,23144,0.394
2021-03-31,0-4,85201,0.024,1,0.0
2021-03-31,5-17,375341,0.105,15,0.0
2021-03-31,18-34,1194045,0.334,794,0.014
2021-03-31,35-49,851474,0.238,3074,0.053
2021-03-31,50-59,495593,0.139,6089,0.105
2021-03-31,60-64,186130,0.052,5330,0.092
2021-03-31,65-69,128329,0.036,6147,0.106
2021-03-31,70-74,88943,0.025,6750,0.116
2021-03-31,75-79,59263,0.017,6954,0.12
2021-03-31,80+,104153,0.029,22928,0.395
2021-03-24,0-4,84729,0.024,1,0.0
2021-03-24,5-17,373052,0.105,15,0.0
2021-03-24,18-34,1187703,0.334,780,0.014
2021-03-24,35-49,847670,0.239,3021,0.053
2021-03-24,50-59,493416,0.139,5958,0.104
2021-03-24,60-64,185272,0.052,5234,0.092
2021-03-24,65-69,127828,0.036,6039,0.106
2021-03-24,70-74,88604,0.025,6618,0.116
2021-03-24,75-79,59046,0.017,6818,0.119
2021-03-24,80+,103802,0.029,22599,0.396
2021-03-17,0-4,84286,0.024,1,0.0
2021-03-17,5-17,370833,0.105,14,0.0
2021-03-17,18-34,1181513,0.334,763,0.014
2021-03-17,35-49,843687,0.239,2952,0.053
2021-03-17,50-59,490976,0.139,5776,0.104
2021-03-17,60-64,184337,0.052,5115,0.092
2021-03-17,65-69,127297,0.036,5909,0.106
2021-03-17,70-74,88219,0.025,6458,0.116
2021-03-17,75-79,58799,0.017,6660,0.119
2021-03-17,80+,103403,0.029,22140,0.397
2021-03-10,0-4,83818,0.024,1,0.0
2021-03-10,5-17,368625,0.105,13,0.0
2021-03-10,18-34,1175329,0.334,744,0.014
2021-03-10,35-49,839387,0.239,2876,0.053
2021-03-10,50-59,488553,0.139,5607,0.103
2021-03-10,60-64,183241,0.052,4986,0.091
2021-03-10,65-69,126679,0.036,5789,0.106
2021-03-10,70-74,87708,0.025,6317,0.116
2021-03-10,75-79,58476,0.017,6521,0.119
2021-03-10,80+,102873,0.029,21727,0.398
2021-03-03,0-4,83117,0.024,1,0.0
2021-03-03,5-17,365536,0.105,13,0.0
2021-03-03,18-34,1165921,0.334,728,0.014
2021-03-03,35-49,832859,0.239,2787,0.053
2021-03-03,50-59,484695,0.139,5434,0.103
2021-03-03,60-64,181637,0.052,4798,0.091
2021-03-03,65-69,125687,0.036,5582,0.106
2021-03-03,70-74,86962,0.025,6072,0.115
2021-03-03,75-79,57952,0.017,6304,0.119
2021-03-03,80+,101953,0.029,21098,0.399
2021-02-24,0-4,82371,0.024,1,0.0
2021-02-24,5-17,362176,0.105,13,0.0
2021-02-24,18-34,1157067,0.334,704,0.014
2021-02-24,35-49,826481,0.239,2673,0.053
2021-02-24,50-59,480749,0.139,5169,0.102
2021-02-24,60-64,180036,0.052,4572,0.09
2021-02-24,65-69,124601,0.036,5357,0.106
2021-02-24,70-74,86230,0.025,5786,0.114
2021-02-24,75-79,57425,0.017,6047,0.119
2021-02-24,80+,101057,0.029,20320,0.401
2021-02-17,0-4,81445,0.024,1,0.0
2021-02-17,5-17,357731,0.105,13,0.0
2021-02-17,18-34,1144986,0.335,650,0.014
2021-02-17,35-49,817518,0.239,2507,0.053
2021-02-17,50-59,475310,0.139,4821,0.101
2021-02-17,60-64,177823,0.052,4268,0.09
2021-02-17,65-69,123135,0.036,4979,0.105
2021-02-17,70-74,85119,0.025,5430,0.114
2021-02-17,75-79,56728,0.017,5680,0.119
2021-02-17,80+,99799,0.029,19180,0.403
2021-02-10,0-4,80118,0.024,1,0.0
2021-02-10,5-17,351686,0.104,12,0.0
2021-02-10,18-34,1129585,0.335,616,0.014
2021-02-10,35-49,806234,0.239,2405,0.053
2021-02-10,50-59,468383,0.139,4549,0.101
2021-02-10,60-64,174961,0.052,3988,0.089
2021-02-10,65-69,121162,0.036,4682,0.104
2021-02-10,70-74,83667,0.025,5136,0.114
2021-02-10,75-79,55750,0.017,5377,0.12
2021-02-10,80+,97906,0.029,18214,0.405
2021-02-03,0-4,77927,0.024,1,0.0
2021-02-03,5-17,342286,0.104,11,0.0
2021-02-03,18-34,1105822,0.336,581,0.014
2021-02-03,35-49,789012,0.239,2221,0.053
2021-02-03,50-59,457630,0.139,4213,0.101
2021-02-03,60-64,170596,0.052,3636,0.087
2021-02-03,65-69,118114,0.036,4282,0.103
2021-02-03,70-74,81310,0.025,4735,0.114
2021-02-03,75-79,54295,0.016,4938,0.119
2021-02-03,80+,95320,0.029,17007,0.408
2021-01-27,0-4,75046,0.024,1,0.0
2021-01-27,5-17,329585,0.103,8,0.0
2021-01-27,18-34,1072692,0.337,532,0.014
2021-01-27,35-49,764563,0.24,1991,0.052
2021-01-27,50-59,442335,0.139,3847,0.101
2021-01-27,60-64,164444,0.052,3267,0.086
2021-01-27,65-69,113757,0.036,3898,0.102
2021-01-27,70-74,78177,0.025,4319,0.113
2021-01-27,75-79,52204,0.016,4470,0.117
2021-01-27,80+,91715,0.029,15728,0.413
2021-01-20,0-4,71209,0.023,1,0.0
2021-01-20,5-17,312198,0.103,6,0.0
2021-01-20,18-34,1026850,0.338,495,0.014
2021-01-20,35-49,730692,0.24,1803,0.052
2021-01-20,50-59,421602,0.139,3476,0.101
2021-01-20,60-64,156144,0.051,2904,0.085
2021-01-20,65-69,107918,0.036,3498,0.102
2021-01-20,70-74,74078,0.024,3867,0.113
2021-01-20,75-79,49500,0.016,4026,0.117
2021-01-20,80+,86863,0.029,14262,0.415
2021-01-13,0-4,65225,0.023,1,0.0
2021-01-13,5-17,284893,0.101,5,0.0
2021-01-13,18-34,957091,0.34,456,0.015
2021-01-13,35-49,680031,0.241,1656,0.053
2021-01-13,50-59,390388,0.139,3149,0.101
2021-01-13,60-64,143966,0.051,2601,0.083
2021-01-13,65-69,99525,0.035,3191,0.102
2021-01-13,70-74,68062,0.024,3496,0.112
2021-01-13,75-79,45540,0.016,3647,0.117
2021-01-13,80+,80371,0.029,13013,0.417
2021-01-06,0-4,58329,0.023,1,0.0
2021-01-06,5-17,249523,0.098,5,0.0
2021-01-06,18-34,858312,0.341,418,0.015
2021-01-06,35-49,610348,0.242,1487,0.053
2021-01-06,50-59,349530,0.139,2815,0.101
2021-01-06,60-64,128458,0.051,2345,0.084
2021-01-06,65-69,88781,0.035,2830,0.102
2021-01-06,70-74,60722,0.024,3108,0.112
2021-01-06,75-79,40676,0.016,3237,0.116
2021-01-06,80+,72226,0.029,11559,0.416
2021-01-05,0-4,57571,0.023,1,0.0
2021-01-05,5-17,245678,0.098,5,0.0
2021-01-05,18-34,846636,0.341,410,0.015
2021-01-05,35-49,601705,0.242,1459,0.054
2021-01-05,50-59,344529,0.139,2762,0.102
2021-01-05,60-64,126528,0.051,2297,0.0854
2021-01-05,65-69,87312,0.035,2779,0.101
2021-01-05,70-74,59699,0.024,3036,0.112
2021-01-05,75-79,39991,0.016,3162,0.116
2021-01-05,80+,70994,0.029,11307,0.416
2020-12-29,0-4,51585,0.023,1,0.0
2020-12-29,5-17,216536,0.098,5,0.0
2020-12-29,18-34,759697,0.342,375,0.015
2020-12-29,35-49,538667,0.243,1347,0.054
2020-12-29,50-59,307736,0.139,2542,0.103
2020-12-29,60-64,112746,0.051,2092,0.085
2020-12-29,65-69,77631,0.035,2506,0.101
2020-12-29,70-74,53178,0.024,2755,0.111
2020-12-29,75-79,35512,0.016,2855,0.115
2020-12-29,80+,63335,0.029,10256,0.415
2020-12-28,0-4,50913,0.023,1,0.0
2020-12-28,5-17,213329,0.098,4,0.0
2020-12-28,18-34,749757,0.343,373,0.015
2020-12-28,35-49,531190,0.243,1319,0.054
2020-12-28,50-59,303287,0.139,2508,0.103
2020-12-28,60-64,111049,0.051,2061,0.085
2020-12-28,65-69,76468,0.035,2459,0.101
2020-12-28,70-74,52351,0.024,2697,0.111
2020-12-28,75-79,34966,0.016,2809,0.116
2020-12-28,80+,62399,0.029,10077,0.415
2020-12-27,0-4,50186,0.023,1,0.0
2020-12-27,5-17,210119,0.096,3,0.0
2020-12-27,18-34,740016,0.343,369,0.016
2020-12-27,35-49,523764,0.243,1313,0.055
2020-12-27,50-59,298699,0.138,2496,0.103
2020-12-27,60-64,109377,0.05,2050,0.085
2020-12-27,65-69,75216,0.035,2449,0.101
2020-12-27,70-74,51437,0.024,2687,0.112
2020-12-27,75-79,34316,0.016,2786,0.115
2020-12-27,80+,61337,0.028,10036,0.414
2020-12-22,0-4,45408,0.023,1,0.0
2020-12-22,5-17,188766,0.096,3,0.0
2020-12-22,18-34,678397,0.345,361,0.016
2020-12-22,35-49,478177,0.243,1260,0.055
2020-12-22,50-59,271626,0.138,2377,0.103
2020-12-22,60-64,98997,0.05,1970,0.085
2020-12-22,65-69,67934,0.035,2339,0.101
2020-12-22,70-74,46486,0.024,2580,0.112
2020-12-22,75-79,31181,0.016,2648,0.115
2020-12-22,80+,55737,0.028,9557,0.414
2020-12-21,0-4,44577,0.023,1,0.0
2020-12-21,5-17,184707,0.096,3,0.0
2020-12-21,18-34,665552,0.346,356,0.016
2020-12-21,35-49,468990,0.244,1247,0.055
2020-12-21,50-59,265836,0.138,2350,0.103
2020-12-21,60-64,96897,0.05,1946,0.085
2020-12-21,65-69,66451,0.035,2313,0.101
2020-12-21,70-74,45534,0.024,2537,0.111
2020-12-21,75-79,30508,0.016,2618,0.115
2020-12-21,80+,54624,0.028,9454,0.414
2020-12-20,0-4,43781,0.023,1,0.0
2020-12-20,5-17,181101,0.096,3,0.0
2020-12-20,18-34,655080,0.346,351,0.015
2020-12-20,35-49,461039,0.244,1237,0.054
2020-12-20,50-59,261185,0.138,2344,0.103
2020-12-20,60-64,95143,0.05,1934,0.085
2020-12-20,65-69,65218,0.034,2305,0.101
2020-12-20,70-74,44701,0.024,2524,0.111
2020-12-20,75-79,29978,0.016,2601,0.115
2020-12-20,80+,53796,0.028,9414,0.414
2020-12-19,0-4,42845,0.023,1,0.0
2020-12-19,5-17,176893,0.095,3,0.0
2020-12-19,18-34,642952,0.347,349,0.015
2020-12-19,35-49,451860,0.244,1232,0.055
2020-12-19,50-59,255860,0.138,2338,0.104
2020-12-19,60-64,93076,0.05,1918,0.085
2020-12-19,65-69,63837,0.034,2289,0.101
2020-12-19,70-74,43690,0.024,2509,0.111
2020-12-19,75-79,29407,0.016,2585,0.115
2020-12-19,80+,52737,0.028,9346,0.414
2020-12-17,0-4,40711,0.023,1,0.0
2020-12-17,5-17,167334,0.095,3,0.0
2020-12-17,18-34,613417,0.348,339,0.015
2020-12-17,35-49,430141,0.244,1210,0.055
2020-12-17,50-59,243027,0.138,2300,0.104
2020-12-17,60-64,88219,0.05,1872,0.085
2020-12-17,65-69,60516,0.034,2240,0.101
2020-12-17,70-74,41444,0.023,2452,0.111
2020-12-17,75-79,28040,0.016,2523,0.114
2020-12-17,80+,50273,0.028,9139,0.414
2020-12-16,0-4,39777,0.023,1,0.0
2020-12-16,5-17,163047,0.095,2,0.0
2020-12-16,18-34,599957,0.348,335,0.015
2020-12-16,35-49,420099,0.244,1197,0.055
2020-12-16,50-59,237177,0.138,2270,0.104
2020-12-16,60-64,86038,0.05,1863,0.085
2020-12-16,65-69,59114,0.034,2219,0.102
2020-12-16,70-74,40474,0.023,2424,0.111
2020-12-16,75-79,27416,0.016,2500,0.115
2020-12-16,80+,49026,0.028,9005,0.413
2020-12-15,0-4,38410,0.023,1,0.0
2020-12-15,5-17,157019,0.094,2,0.0
2020-12-15,18-34,582309,0.348,327,0.015
2020-12-15,35-49,407631,0.244,1185,0.055
2020-12-15,50-59,229994,0.138,2228,0.104
2020-12-15,60-64,83470,0.05,1825,0.085
2020-12-15,65-69,57237,0.034,2179,0.102
2020-12-15,70-74,39281,0.024,2377,0.111
2020-12-15,75-79,26668,0.016,2438,0.114
2020-12-15,80+,47832,0.029,8847,0.413
2020-12-14,0-4,37149,0.023,1,0.0
2020-12-14,5-17,151220,0.093,2,0.0
2020-12-14,18-34,563912,0.349,325,0.015
2020-12-14,35-49,394564,0.244,1177,0.056
2020-12-14,50-59,222626,0.138,2209,0.104
2020-12-14,60-64,80835,0.05,1808,0.085
2020-12-14,65-69,55372,0.034,2156,0.102
2020-12-14,70-74,38044,0.024,2340,0.11
2020-12-14,75-79,25875,0.016,2407,0.114
2020-12-14,80+,46565,0.029,8752,0.413
2020-12-13,0-4,36455,0.023,1,0.0
2020-12-13,5-17,147892,0.093,2,0.0
2020-12-13,18-34,553520,0.349,323,0.015
2020-12-13,35-49,386744,0.244,1172,0.056
2020-12-13,50-59,217931,0.137,2192,0.104
2020-12-13,60-64,79075,0.05,1800,0.085
2020-12-13,65-69,54160,0.034,2145,0.102
2020-12-13,70-74,37208,0.023,2330,0.11
2020-12-13,75-79,25362,0.016,2399,0.114
2020-12-13,80+,45481,0.029,8723,0.414
2020-12-12,0-4,35647,0.023,1,0.0
2020-12-12,5-17,144226,0.093,2,0.0
2020-12-12,18-34,542388,0.35,323,0.015
2020-12-12,35-49,378634,0.244,1165,0.055
2020-12-12,50-59,213425,0.138,2187,0.104
2020-12-12,60-64,77321,0.05,1796,0.086
2020-12-12,65-69,52981,0.034,2137,0.102
2020-12-12,70-74,36420,0.023,2325,0.111
2020-12-12,75-79,24893,0.016,2391,0.114
2020-12-12,80+,44626,0.029,8667,0.413
2020-12-10,0-4,34115,0.023,1,0.0
2020-12-10,5-17,137103,0.092,2,0.0
2020-12-10,18-34,520039,0.35,319,0.015
2020-12-10,35-49,362541,0.244,1148,0.056
2020-12-10,50-59,204220,0.137,2148,0.104
2020-12-10,60-64,73991,0.05,1765,0.086
2020-12-10,65-69,50762,0.034,2101,0.102
2020-12-10,70-74,34906,0.023,2286,0.111
2020-12-10,75-79,23893,0.016,2343,0.114
2020-12-10,80+,42984,0.029,8529,0.413
2020-12-09,0-4,33275,0.023,0,0.0
2020-12-09,5-17,133178,0.092,2,0.0
2020-12-09,18-34,507929,0.35,318,0.016
2020-12-09,35-49,353798,0.244,1143,0.056
2020-12-09,50-59,199284,0.137,2138,0.105
2020-12-09,60-64,72344,0.05,1753,0.086
2020-12-09,65-69,49572,0.034,2086,0.102
2020-12-09,70-74,34180,0.024,2265,0.111
2020-12-09,75-79,23385,0.016,2310,0.113
2020-12-09,80+,42166,0.029,8442,0.413
2020-12-08,0-4,32625,0.023,0,0.0
2020-12-08,5-17,129879,0.091,2,0.0
2020-12-08,18-34,497862,0.35,315,0.016
2020-12-08,35-49,346529,0.244,1135,0.056
2020-12-08,50-59,195251,0.137,2118,0.105
2020-12-08,60-64,70829,0.05,1734,0.086
2020-12-08,65-69,48574,0.034,2061,0.102
2020-12-08,70-74,33509,0.024,2243,0.111
2020-12-08,75-79,22932,0.016,2284,0.113
2020-12-08,80+,41450,0.029,8361,0.413
2020-12-01,0-4,28614,0.023,0,0.0
2020-12-01,5-17,110813,0.089,2,0.0
2020-12-01,18-34,437389,0.351,303,0.016
2020-12-01,35-49,304274,0.244,1083,0.056
2020-12-01,50-59,171897,0.138,2050,0.106
2020-12-01,60-64,62380,0.05,1653,0.085
2020-12-01,65-69,42744,0.034,1978,0.102
2020-12-01,70-74,29595,0.024,2144,0.111
2020-12-01,75-79,20307,0.016,2175,0.112
2020-12-01,80+,36902,0.03,7979,0.412
2020-11-29,0-4,27895,0.023,0,0.0
2020-11-29,5-17,107470,0.089,2,0.0
2020-11-29,18-34,426023,0.351,301,0.016
2020-11-29,35-49,296359,0.244,1076,0.056
2020-11-29,50-59,167323,0.138,2035,0.106
2020-11-29,60-64,60630,0.05,1643,0.085
2020-11-29,65-69,41574,0.034,1972,0.103
2020-11-29,70-74,28852,0.024,2127,0.111
2020-11-29,75-79,19771,0.016,2161,0.112
2020-11-29,80+,36058,0.03,7902,0.411
2020-11-24,0-4,26293,0.023,0,0.0
2020-11-24,5-17,100581,0.088,2,0.0
2020-11-24,18-34,402410,0.352,298,0.016
2020-11-24,35-49,279898,0.245,1068,0.056
2020-11-24,50-59,157642,0.138,2002,0.106
2020-11-24,60-64,57114,0.05,1618,0.085
2020-11-24,65-69,39096,0.034,1944,0.103
2020-11-24,70-74,27167,0.024,2096,0.111
2020-11-24,75-79,18591,0.016,2122,0.112
2020-11-24,80+,34276,0.03,7779,0.411
2020-11-21,0-4,25323,0.023,0,0.0
2020-11-21,5-17,96251,0.087,2,0.0
2020-11-21,18-34,388056,0.352,296,0.016
2020-11-21,35-49,269579,0.245,1060,0.057
2020-11-21,50-59,151902,0.138,1987,0.106
2020-11-21,60-64,54995,0.05,1591,0.085
2020-11-21,65-69,37648,0.034,1925,0.103
2020-11-21,70-74,26155,0.024,2080,0.111
2020-11-21,75-79,17888,0.016,2099,0.112
2020-11-21,80+,33280,0.03,7713,0.411
2020-11-17,0-4,24081,0.023,0,0.0
2020-11-17,5-17,90731,0.087,2,0.0
2020-11-17,18-34,368842,0.352,291,0.016
2020-11-17,35-49,256708,0.245,1041,0.057
2020-11-17,50-59,144377,0.138,1947,0.106
2020-11-17,60-64,52340,0.05,1567,0.085
2020-11-17,65-69,35789,0.034,1891,0.103
2020-11-17,70-74,24944,0.024,2043,0.111
2020-11-17,75-79,17075,0.016,2049,0.111
2020-11-17,80+,31955,0.03,7563,0.411
2020-11-16,0-4,23856,0.023,0,0.0
2020-11-16,5-17,89782,0.086,2,0.0
2020-11-16,18-34,365295,0.352,290,0.016
2020-11-16,35-49,254407,0.245,1039,0.057
2020-11-16,50-59,143110,0.138,1941,0.106
2020-11-16,60-64,51822,0.05,1561,0.085
2020-11-16,65-69,35425,0.034,1885,0.103
2020-11-16,70-74,24712,0.024,2040,0.111
2020-11-16,75-79,16918,0.016,2043,0.111
2020-11-16,80+,31711,0.031,7541,0.411
2020-11-11,0-4,22627,0.023,0,0.0
2020-11-11,5-17,84955,0.086,2,0.0
2020-11-11,18-34,348637,0.352,288,0.016
2020-11-11,35-49,243477,0.246,1024,0.056
2020-11-11,50-59,136988,0.138,1919,0.106
2020-11-11,60-64,49615,0.05,1544,0.085
2020-11-11,65-69,33932,0.034,1864,0.103
2020-11-11,70-74,23647,0.024,2021,0.111
2020-11-11,75-79,16218,0.016,2015,0.111
2020-11-11,80+,30606,0.031,7459,0.411
2020-11-05,0-4,21609,0.023,0,0.0
2020-11-05,5-17,80668,0.085,2,0.0
2020-11-05,18-34,333931,0.351,285,0.016
2020-11-05,35-49,233996,0.246,1013,0.057
2020-11-05,50-59,131681,0.138,1890,0.106
2020-11-05,60-64,47684,0.05,1519,0.085
2020-11-05,65-69,32576,0.034,1835,0.103
2020-11-05,70-74,22760,0.024,1996,0.112
2020-11-05,75-79,15616,0.016,1989,0.111
2020-11-05,80+,29691,0.031,7368,0.412
2020-10-31,0-4,20975,0.023,0,0.0
2020-10-31,5-17,78148,0.084,2,0.0
2020-10-31,18-34,325312,0.351,277,0.016
2020-10-31,35-49,228266,0.246,996,0.056
2020-10-31,50-59,128297,0.138,1867,0.106
2020-10-31,60-64,46440,0.05,1498,0.085
2020-10-31,65-69,31722,0.034,1811,0.103
2020-10-31,70-74,22173,0.024,1971,0.112
2020-10-31,75-79,15238,0.016,1962,0.111
2020-10-31,80+,29107,0.031,7276,0.412
2020-10-29,0-4,20745,0.023,0,0.0
2020-10-29,5-17,77249,0.084,2,0.0
2020-10-29,18-34,321946,0.351,274,0.016
2020-10-29,35-49,226017,0.246,984,0.056
2020-10-29,50-59,126924,0.138,1854,0.106
2020-10-29,60-64,45938,0.05,1495,0.085
2020-10-29,65-69,31391,0.034,1795,0.102
2020-10-29,70-74,21908,0.024,1959,0.112
2020-10-29,75-79,15077,0.016,1948,0.111
2020-10-29,80+,28871,0.031,7234,0.412
2020-10-28,0-4,20633,0.023,0,0.0
2020-10-28,5-17,76864,0.084,2,0.0
2020-10-28,18-34,320610,0.351,275,0.016
2020-10-28,35-49,225050,0.247,982,0.056
2020-10-28,50-59,126358,0.138,1852,0.106
2020-10-28,60-64,45736,0.05,1490,0.085
2020-10-28,65-69,31227,0.034,1793,0.102
2020-10-28,70-74,21808,0.024,1950,0.111
2020-10-28,75-79,14993,0.016,1942,0.111
2020-10-28,80+,28772,0.032,7215,0.412
2020-10-26,0-4,20403,0.023,0,0.0
2020-10-26,5-17,75957,0.084,2,0.0
2020-10-26,18-34,317572,0.351,268,0.015
2020-10-26,35-49,222959,0.247,968,0.056
2020-10-26,50-59,125229,0.138,1835,0.106
2020-10-26,60-64,45334,0.05,1472,0.085
2020-10-26,65-69,30937,0.034,1782,0.103
2020-10-26,70-74,21568,0.024,1932,0.112
2020-10-26,75-79,14844,0.016,1922,0.111
2020-10-26,80+,28552,0.032,7131,0.412
2020-10-23,0-4,20121,0.023,0,0.0
2020-10-23,5-17,74775,0.084,2,0.0
2020-10-23,18-34,313753,0.351,265,0.015
2020-10-23,35-49,220069,0.246,964,0.056
2020-10-23,50-59,123616,0.138,1825,0.106
2020-10-23,60-64,44754,0.05,1465,0.085
2020-10-23,65-69,30581,0.034,1768,0.103
2020-10-23,70-74,21301,0.024,1918,0.111
2020-10-23,75-79,14685,0.016,1919,0.111
2020-10-23,80+,28315,0.032,7104,0.412
2020-10-14,0-4,19133,0.022,0,0.0
2020-10-14,5-17,71126,0.083,2,0.0
2020-10-14,18-34,302097,0.352,260,0.016
2020-10-14,35-49,211835,0.247,937,0.056
2020-10-14,50-59,118986,0.139,1769,0.106
2020-10-14,60-64,42971,0.05,1411,0.085
2020-10-14,65-69,29358,0.034,1710,0.103
2020-10-14,70-74,20452,0.024,1850,0.111
2020-10-14,75-79,14122,0.016,1860,0.112
2020-10-14,80+,27427,0.032,6822,0.41
2020-10-02,0-4,18076,0.022,0,0.0
2020-10-02,5-17,67170,0.082,2,0.0
2020-10-02,18-34,288444,0.352,252,0.016
2020-10-02,35-49,202698,0.247,901,0.057
2020-10-02,50-59,113664,0.139,1699,0.107
2020-10-02,60-64,40955,0.05,1365,0.086
2020-10-02,65-69,28114,0.034,1645,0.103
2020-10-02,70-74,19552,0.024,1777,0.112
2020-10-02,75-79,13475,0.016,1777,0.112
2020-10-02,80+,26405,0.032,6514,0.409
2020-10-01,0-4,18007,0.022,0,0.0
2020-10-01,5-17,66864,0.082,2,0.0
2020-10-01,18-34,287663,0.352,257,0.016
2020-10-01,35-49,202183,0.247,900,0.057
2020-10-01,50-59,113424,0.139,1695,0.106
2020-10-01,60-64,40875,0.05,1358,0.085
2020-10-01,65-69,28076,0.034,1645,0.103
2020-10-01,70-74,19504,0.024,1770,0.111
2020-10-01,75-79,13453,0.016,1773,0.111
2020-10-01,80+,26338,0.032,6518,0.409
2020-09-29,0-4,17836,0.022,0,0.0
2020-09-29,5-17,66228,0.082,2,0.0
2020-09-29,18-34,285377,0.352,252,0.016
2020-09-29,35-49,200613,0.247,884,0.056
2020-09-29,50-59,112479,0.139,1656,0.106
2020-09-29,60-64,40551,0.05,1337,0.085
2020-09-29,65-69,27824,0.034,1608,0.103
2020-09-29,70-74,19333,0.024,1744,0.111
2020-09-29,75-79,13344,0.016,1747,0.112
2020-09-29,80+,26151,0.032,6427,0.41
2020-09-27,0-4,17702,0.022,0,0.0
2020-09-27,5-17,65705,0.082,2,0.0
2020-09-27,18-34,283560,0.352,248,0.016
2020-09-27,35-49,199301,0.247,877,0.057
2020-09-27,50-59,111758,0.139,1643,0.106
2020-09-27,60-64,40301,0.05,1319,0.085
2020-09-27,65-69,27611,0.034,1587,0.103
2020-09-27,70-74,19187,0.024,1711,0.111
2020-09-27,75-79,13268,0.016,1726,0.112
2020-09-27,80+,25987,0.032,6338,0.41
2020-09-26,0-4,17629,0.022,0,0.0
2020-09-26,5-17,65395,0.082,2,0.0
2020-09-26,18-34,282574,0.352,246,0.016
2020-09-26,35-49,198546,0.247,874,0.057
2020-09-26,50-59,111344,0.139,1644,0.107
2020-09-26,60-64,40163,0.05,1319,0.085
2020-09-26,65-69,27513,0.034,1584,0.103
2020-09-26,70-74,19140,0.024,1708,0.111
2020-09-26,75-79,13219,0.016,1723,0.112
2020-09-26,80+,25904,0.032,6332,0.41
2020-09-25,0-4,17522,0.022,0,0.0
2020-09-25,5-17,64963,0.081,2,0.0
2020-09-25,18-34,281145,0.352,243,0.016
2020-09-25,35-49,197556,0.247,872,0.057
2020-09-25,50-59,110782,0.139,1638,0.107
2020-09-25,60-64,39947,0.05,1315,0.086
2020-09-25,65-69,27393,0.034,1578,0.103
2020-09-25,70-74,19052,0.024,1699,0.111
2020-09-25,75-79,13169,0.016,1712,0.111
2020-09-25,80+,25820,0.032,6302,0.41
2020-09-23,0-4,17346,0.022,0,0.0
2020-09-23,5-17,64199,0.081,2,0.0
2020-09-23,18-34,278465,0.352,239,0.016
2020-09-23,35-49,195693,0.248,862,0.057
2020-09-23,50-59,109770,0.139,1609,0.106
2020-09-23,60-64,39586,0.05,1295,0.085
2020-09-23,65-69,27120,0.034,1552,0.102
2020-09-23,70-74,18864,0.024,1685,0.111
2020-09-23,75-79,13070,0.017,1699,0.112
2020-09-23,80+,25605,0.032,6211,0.41
2020-09-22,0-4,17274,0.022,0,0.0
2020-09-22,5-17,63903,0.081,2,0.0
2020-09-22,18-34,277363,0.352,237,0.016
2020-09-22,35-49,194937,0.248,859,0.057
2020-09-22,50-59,109356,0.139,1591,0.106
2020-09-22,60-64,39404,0.05,1279,0.085
2020-09-22,65-69,27014,0.034,1532,0.102
2020-09-22,70-74,18758,0.024,1673,0.111
2020-09-22,75-79,13014,0.017,1690,0.112
2020-09-22,80+,25526,0.032,6175,0.411
2020-09-20,0-4,17162,0.022,0,0.0
2020-09-20,5-17,63346,0.081,2,0.0
2020-09-20,18-34,275401,0.352,229,0.015
2020-09-20,35-49,193568,0.248,852,0.057
2020-09-20,50-59,108534,0.139,1579,0.106
2020-09-20,60-64,39090,0.05,1264,0.085
2020-09-20,65-69,26823,0.034,1515,0.102
2020-09-20,70-74,18602,0.024,1655,0.111
2020-09-20,75-79,12918,0.017,1668,0.112
2020-09-20,80+,25340,0.032,6109,0.411
2020-09-17,0-4,16825,0.022,0,0.0
2020-09-17,5-17,62121,0.081,3,0.0
2020-09-17,18-34,271302,0.352,221,0.015
2020-09-17,35-49,190701,0.248,830,0.057
2020-09-17,50-59,106919,0.139,1539,0.105
2020-09-17,60-64,38520,0.05,1244,0.085
2020-09-17,65-69,26460,0.034,1483,0.101
2020-09-17,70-74,18332,0.024,1638,0.112
2020-09-17,75-79,12719,0.017,1645,0.112
2020-09-17,80+,25010,0.032,6024,0.412
2020-09-15,0-4,16657,0.022,0,0.0
2020-09-15,5-17,61535,0.081,3,0.0
2020-09-15,18-34,268879,0.352,216,0.015
2020-09-15,35-49,189040,0.248,814,0.056
2020-09-15,50-59,105917,0.139,1520,0.105
2020-09-15,60-64,38199,0.05,1222,0.085
2020-09-15,65-69,26250,0.034,1475,0.102
2020-09-15,70-74,18173,0.024,1610,0.112
2020-09-15,75-79,12624,0.017,1622,0.113
2020-09-15,80+,24775,0.032,5928,0.411
2020-09-13,0-4,16544,0.022,0,0.0
2020-09-13,5-17,61016,0.081,3,0.0
2020-09-13,18-34,266983,0.352,215,0.015
2020-09-13,35-49,187828,0.248,808,0.057
2020-09-13,50-59,105210,0.139,1493,0.105
2020-09-13,60-64,37943,0.05,1200,0.084
2020-09-13,65-69,26078,0.034,1455,0.102
2020-09-13,70-74,18062,0.024,1593,0.112
2020-09-13,75-79,12547,0.017,1599,0.113
2020-09-13,80+,24646,0.033,5844,0.411
2020-09-11,0-4,16347,0.022,0,0.0
2020-09-11,5-17,60246,0.08,3,0.0
2020-09-11,18-34,264264,0.352,212,0.015
2020-09-11,35-49,186077,0.248,798,0.057
2020-09-11,50-59,104208,0.139,1487,0.106
2020-09-11,60-64,37590,0.05,1184,0.084
2020-09-11,65-69,25848,0.034,1439,0.102
2020-09-11,70-74,17909,0.024,1575,0.112
2020-09-11,75-79,12437,0.017,1584,0.112
2020-09-11,80+,24436,0.033,5798,0.412
2020-09-09,0-4,16162,0.022,0,0.0
2020-09-09,5-17,59607,0.08,3,0.0
2020-09-09,18-34,261566,0.352,210,0.015
2020-09-09,35-49,184334,0.248,790,0.057
2020-09-09,50-59,103257,0.139,1453,0.105
2020-09-09,60-64,37231,0.05,1163,0.084
2020-09-09,65-69,25993,0.035,1415,0.102
2020-09-09,70-74,17713,0.024,1548,0.112
2020-09-09,75-79,12313,0.017,1552,0.112
2020-09-09,80+,24184,0.033,5711,0.412
2020-09-08,0-4,16059,0.022,0,0.0
2020-09-08,5-17,59323,0.08,3,0.0
2020-09-08,18-34,260323,0.352,207,0.015
2020-09-08,35-49,183583,0.248,783,0.057
2020-09-08,50-59,102823,0.139,1436,0.105
2020-09-08,60-64,37043,0.05,1142,0.083
2020-09-08,65-69,25498,0.035,1401,0.102
2020-09-08,70-74,17632,0.024,1534,0.112
2020-09-08,75-79,12258,0.017,1547,0.113
2020-09-08,80+,24088,0.033,5672,0.413
2020-09-06,0-4,15950,0.022,0,0.0
2020-09-06,5-17,58936,0.08,3,0.0
2020-09-06,18-34,258736,0.352,204,0.015
2020-09-06,35-49,182600,0.248,779,0.057
2020-09-06,50-59,102221,0.139,1419,0.104
2020-09-06,60-64,36846,0.05,1124,0.083
2020-09-06,65-69,25366,0.035,1387,0.102
2020-09-06,70-74,17536,0.024,1528,0.112
2020-09-06,75-79,12205,0.017,1539,0.113
2020-09-06,80+,23939,0.033,5611,0.413
2020-09-05,0-4,15860,0.022,0,0.0
2020-09-05,5-17,58630,0.08,3,0.0
2020-09-05,18-34,257605,0.352,207,0.015
2020-09-05,35-49,181905,0.248,779,0.057
2020-09-05,50-59,101790,0.139,1412,0.104
2020-09-05,60-64,36706,0.05,1124,0.083
2020-09-05,65-69,25275,0.035,1385,0.102
2020-09-05,70-74,17458,0.024,1528,0.112
2020-09-05,75-79,12147,0.017,1541,0.113
2020-09-05,80+,23860,0.033,5611,0.413
2020-08-30,0-4,15137,0.021,0,0.0
2020-08-30,5-17,56087,0.08,3,0.0
2020-08-30,18-34,247525,0.352,189,0.015
2020-08-30,35-49,175166,0.249,731,0.057
2020-08-30,50-59,98130,0.139,1313,0.103
2020-08-30,60-64,35403,0.05,1038,0.081
2020-08-30,65-69,24336,0.035,1293,0.101
2020-08-30,70-74,16809,0.024,1449,0.114
2020-08-30,75-79,11671,0.017,1451,0.114
2020-08-30,80+,22913,0.033,5288,0.415
2020-08-29,0-4,15033,0.021,0,0.0
2020-08-29,5-17,55644,0.08,3,0.0
2020-08-29,18-34,246091,0.352,191,0.015
2020-08-29,35-49,174140,0.249,731,0.057
2020-08-29,50-59,97582,0.139,1311,0.103
2020-08-29,60-64,35224,0.05,1037,0.081
2020-08-29,65-69,24195,0.035,1293,0.101
2020-08-29,70-74,16709,0.024,1447,0.114
2020-08-29,75-79,11605,0.017,1448,0.114
2020-08-29,80+,22775,0.033,5282,0.414
2020-08-28,0-4,14890,0.021,0,0.0
2020-08-28,5-17,55074,0.079,3,0.0
2020-08-28,18-34,243927,0.352,186,0.015
2020-08-28,35-49,172688,0.249,721,0.057
2020-08-28,50-59,96734,0.139,1293,0.103
2020-08-28,60-64,34960,0.05,1024,0.081
2020-08-28,65-69,23996,0.035,1266,0.101
2020-08-28,70-74,16596,0.024,1431,0.114
2020-08-28,75-79,11496,0.017,1429,0.114
2020-08-28,80+,22577,0.033,5213,0.415
2020-08-27,0-4,14753,0.021,0,0.0
2020-08-27,5-17,54616,0.079,4,0.0
2020-08-27,18-34,242201,0.352,182,0.015
2020-08-27,35-49,171563,0.249,719,0.058
2020-08-27,50-59,95989,0.139,1285,0.103
2020-08-27,60-64,34712,0.05,1016,0.082
2020-08-27,65-69,23835,0.035,1253,0.101
2020-08-27,70-74,16466,0.024,1426,0.114
2020-08-27,75-79,11431,0.017,1424,0.114
2020-08-27,80+,22392,0.033,5149,0.413
2020-08-26,0-4,14598,0.021,0,0.0
2020-08-26,5-17,54133,0.079,3,0.0
2020-08-26,18-34,240386,0.352,181,0.015
2020-08-26,35-49,170282,0.249,707,0.057
2020-08-26,50-59,95248,0.139,1264,0.103
2020-08-26,60-64,34484,0.05,1002,0.081
2020-08-26,65-69,23648,0.035,1235,0.1
2020-08-26,70-74,16307,0.024,1408,0.115
2020-08-26,75-79,11334,0.017,1404,0.114
2020-08-26,80+,22200,0.032,5088,0.414
2020-08-25,0-4,14473,0.021,0,0.0
2020-08-25,5-17,53690,0.079,3,0.0
2020-08-25,18-34,238798,0.352,179,0.015
2020-08-25,35-49,169302,0.249,698,0.057
2020-08-25,50-59,94635,0.139,1250,0.103
2020-08-25,60-64,34294,0.05,997,0.082
2020-08-25,65-69,23499,0.035,1224,0.101
2020-08-25,70-74,16198,0.024,1393,0.115
2020-08-25,75-79,11237,0.017,1388,0.114
2020-08-25,80+,22054,0.032,5022,0.413
2020-08-24,0-4,14323,0.021,0,0.0
2020-08-24,5-17,53139,0.079,2,0.0
2020-08-24,18-34,236660,0.352,179,0.015
2020-08-24,35-49,167839,0.249,692,0.058
2020-08-24,50-59,93848,0.139,1230,0.102
2020-08-24,60-64,33999,0.051,983,0.082
2020-08-24,65-69,23270,0.035,1204,0.1
2020-08-24,70-74,16064,0.024,1367,0.114
2020-08-24,75-79,11141,0.017,1368,0.114
2020-08-24,80+,21883,0.033,4975,0.414
2020-08-23,0-4,14190,0.021,0,0.0
2020-08-23,5-17,52638,0.079,2,0.0
2020-08-23,18-34,235163,0.352,177,0.015
2020-08-23,35-49,166797,0.249,691,0.058
2020-08-23,50-59,93218,0.139,1229,0.103
2020-08-23,60-64,33780,0.051,980,0.082
2020-08-23,65-69,23119,0.035,1199,0.1
2020-08-23,70-74,15977,0.024,1362,0.114
2020-08-23,75-79,11079,0.017,1362,0.114
2020-08-23,80+,21726,0.032,4950,0.414
2020-08-21,0-4,14059,0.021,0,0.0
2020-08-21,5-17,52145,0.079,2,0.0
2020-08-21,18-34,233463,0.352,178,0.015
2020-08-21,35-49,165597,0.25,688,0.058
2020-08-21,50-59,92513,0.139,1226,0.103
2020-08-21,60-64,33528,0.051,978,0.082
2020-08-21,65-69,22966,0.035,1198,0.1
2020-08-21,70-74,15878,0.024,1363,0.114
2020-08-21,75-79,11006,0.017,1362,0.114
2020-08-21,80+,21605,0.033,4947,0.414
2020-08-20,0-4,13716,0.021,0,0.0
2020-08-20,5-17,50857,0.078,2,0.0
2020-08-20,18-34,228955,0.352,169,0.015
2020-08-20,35-49,162366,0.25,673,0.058
2020-08-20,50-59,90721,0.139,1186,0.102
2020-08-20,60-64,32870,0.051,956,0.082
2020-08-20,65-69,22500,0.035,1145,0.099
2020-08-20,70-74,15582,0.024,1321,0.114
2020-08-20,75-79,10764,0.017,1323,0.114
2020-08-20,80+,21111,0.032,4812,0.415
2020-08-19,0-4,13578,0.021,0,0.0
2020-08-19,5-17,50331,0.078,1,0.0
2020-08-19,18-34,227044,0.352,167,0.015
2020-08-19,35-49,160990,0.25,666,0.058
2020-08-19,50-59,89952,0.14,1171,0.102
2020-08-19,60-64,32602,0.051,941,0.082
2020-08-19,65-69,22309,0.035,1138,0.099
2020-08-19,70-74,15461,0.024,1312,0.114
2020-08-19,75-79,10672,0.017,1306,0.114
2020-08-19,80+,20938,0.032,4761,0.415
2020-08-18,0-4,13392,0.021,0,0.0
2020-08-18,5-17,49726,0.078,1,0.0
2020-08-18,18-34,225012,0.352,163,0.014
2020-08-18,35-49,159512,0.25,649,0.057
2020-08-18,50-59,89201,0.14,1156,0.102
2020-08-18,60-64,32320,0.051,928,0.082
2020-08-18,65-69,22119,0.035,1122,0.099
2020-08-18,70-74,15343,0.024,1296,0.115
2020-08-18,75-79,10587,0.017,1290,0.114
2020-08-18,80+,20757,0.032,4693,0.415
2020-08-17,0-4,13195,0.021,0,0.0
2020-08-17,5-17,49038,0.078,1,0.0
2020-08-17,18-34,222911,0.352,165,0.015
2020-08-17,35-49,158012,0.25,640,0.057
2020-08-17,50-59,88414,0.14,1138,0.102
2020-08-17,60-64,32026,0.051,909,0.082
2020-08-17,65-69,21921,0.035,1106,0.099
2020-08-17,70-74,15223,0.024,1275,0.114
2020-08-17,75-79,10504,0.017,1265,0.114
2020-08-17,80+,20563,0.033,4642,0.417
2020-08-16,0-4,13050,0.021,0,0.0
2020-08-16,5-17,48488,0.077,1,0.0
2020-08-16,18-34,221337,0.352,161,0.014
2020-08-16,35-49,156849,0.25,639,0.057
2020-08-16,50-59,87818,0.14,1135,0.102
2020-08-16,60-64,31811,0.051,906,0.082
2020-08-16,65-69,21779,0.035,1102,0.099
2020-08-16,70-74,15135,0.024,1274,0.115
2020-08-16,75-79,10457,0.017,1265,0.114
2020-08-16,80+,20445,0.033,4627,0.416
2020-08-13,0-4,12329,0.021,0,0.0
2020-08-13,5-17,45817,0.076,1,0.0
2020-08-13,18-34,212134,0.353,160,0.015
2020-08-13,35-49,150210,0.25,623,0.058
2020-08-13,50-59,84175,0.14,1104,0.102
2020-08-13,60-64,30458,0.051,870,0.08
2020-08-13,65-69,20851,0.035,1076,0.099
2020-08-13,70-74,14526,0.024,1239,0.114
2020-08-13,75-79,10027,0.017,1230,0.114
2020-08-13,80+,19712,0.033,4526,0.418
2020-08-12,0-4,12129,0.02,0,0.0
2020-08-12,5-17,45101,0.076,1,0.0
2020-08-12,18-34,209467,0.353,157,0.015
2020-08-12,35-49,148209,0.25,612,0.057
2020-08-12,50-59,83042,0.14,1083,0.102
2020-08-12,60-64,30057,0.051,858,0.08
2020-08-12,65-69,20582,0.035,1063,0.1
2020-08-12,70-74,14333,0.024,1221,0.114
2020-08-12,75-79,9904,0.017,1208,0.113
2020-08-12,80+,19479,0.033,4461,0.418
2020-08-11,0-4,11953,0.02,0,0.0
2020-08-11,5-17,44323,0.076,1,0.0
2020-08-11,18-34,207037,0.353,156,0.015
2020-08-11,35-49,146481,0.25,607,0.058
2020-08-11,50-59,82086,0.14,1066,0.102
2020-08-11,60-64,29725,0.051,844,0.08
2020-08-11,65-69,20363,0.035,1043,0.099
2020-08-11,70-74,14169,0.024,1197,0.114
2020-08-11,75-79,9803,0.017,1192,0.114
2020-08-11,80+,19282,0.033,4384,0.418
2020-08-10,0-4,11650,0.02,0,0.0
2020-08-10,5-17,43128,0.075,1,0.0
2020-08-10,18-34,203019,0.353,153,0.015
2020-08-10,35-49,143618,0.25,597,0.058
2020-08-10,50-59,80529,0.14,1036,0.101
2020-08-10,60-64,29185,0.051,827,0.081
2020-08-10,65-69,20000,0.035,1021,0.099
2020-08-10,70-74,13887,0.024,1163,0.113
2020-08-10,75-79,9604,0.017,1168,0.114
2020-08-10,80+,19015,0.033,4305,0.419
2020-08-09,0-4,11333,0.02,0,0.0
2020-08-09,5-17,41803,0.074,1,0.0
2020-08-09,18-34,198622,0.353,153,0.015
2020-08-09,35-49,140613,0.25,597,0.058
2020-08-09,50-59,78779,0.14,1032,0.101
2020-08-09,60-64,28521,0.051,824,0.08
2020-08-09,65-69,19603,0.035,1019,0.099
2020-08-09,70-74,13662,0.024,1159,0.113
2020-08-09,75-79,9439,0.017,1162,0.113
2020-08-09,80+,18760,0.033,4298,0.419
2020-08-08,0-4,11133,0.02,0,0.0
2020-08-08,5-17,40971,0.074,1,0.0
2020-08-08,18-34,195808,0.353,150,0.015
2020-08-08,35-49,138811,0.25,595,0.058
2020-08-08,50-59,77706,0.14,1025,0.101
2020-08-08,60-64,28154,0.051,813,0.08
2020-08-08,65-69,19380,0.035,1010,0.099
2020-08-08,70-74,13500,0.024,1148,0.113
2020-08-08,75-79,9354,0.017,1151,0.113
2020-08-08,80+,18595,0.034,4278,0.421
2020-08-06,0-4,10730,0.02,0,0.0
2020-08-06,5-17,39463,0.073,1,0.0
2020-08-06,18-34,190428,0.354,146,0.015
2020-08-06,35-49,134855,0.25,568,0.058
2020-08-06,50-59,75559,0.14,976,0.1
2020-08-06,60-64,27382,0.051,782,0.08
2020-08-06,65-69,18852,0.035,965,0.098
2020-08-06,70-74,13144,0.024,1105,0.113
2020-08-06,75-79,9134,0.017,1111,0.113
2020-08-06,80+,18152,0.034,4152,0.423
2020-08-05,0-4,10523,0.02,0,0.0
2020-08-05,5-17,38635,0.073,1,0.0
2020-08-05,18-34,187560,0.354,144,0.015
2020-08-05,35-49,132714,0.25,555,0.057
2020-08-05,50-59,74464,0.141,961,0.099
2020-08-05,60-64,26940,0.051,770,0.08
2020-08-05,65-69,18582,0.035,944,0.098
2020-08-05,70-74,12936,0.024,1087,0.113
2020-08-05,75-79,9014,0.017,1091,0.113
2020-08-05,80+,17926,0.034,4106,0.425
2020-08-04,0-4,10370,0.02,0,0.0
2020-08-04,5-17,38154,0.073,1,0.0
2020-08-04,18-34,185766,0.354,142,0.015
2020-08-04,35-49,131521,0.251,548,0.058
2020-08-04,50-59,73772,0.141,945,0.099
2020-08-04,60-64,26636,0.051,748,0.079
2020-08-04,65-69,18393,0.035,932,0.098
2020-08-04,70-74,12805,0.024,1074,0.113
2020-08-04,75-79,8899,0.017,1072,0.113
2020-08-04,80+,17750,0.034,4057,0.426
2020-08-03,0-4,10247,0.02,0,0.0
2020-08-03,5-17,37673,0.073,1,0.0
2020-08-03,18-34,184008,0.354,137,0.015
2020-08-03,35-49,130230,0.251,539,0.058
2020-08-03,50-59,73050,0.141,931,0.1
2020-08-03,60-64,26333,0.051,721,0.077
2020-08-03,65-69,18218,0.035,910,0.097
2020-08-03,70-74,12661,0.024,1052,0.113
2020-08-03,75-79,8794,0.017,1058,0.113
2020-08-03,80+,17574,0.034,3999,0.428
2020-08-01,0-4,9972,0.02,0,0.0
2020-08-01,5-17,36584,0.072,0,0.0
2020-08-01,18-34,180410,0.354,135,0.015
2020-08-01,35-49,127704,0.251,531,0.057
2020-08-01,50-59,71672,0.141,918,0.099
2020-08-01,60-64,25879,0.051,708,0.077
2020-08-01,65-69,17896,0.035,902,0.097
2020-08-01,70-74,12438,0.024,1039,0.112
2020-08-01,75-79,8624,0.017,1055,0.114
2020-08-01,80+,17248,0.034,3963,0.428
2020-07-31,0-4,9773,0.02,0,0.0
2020-07-31,5-17,35747,0.071,0,0.0
2020-07-31,18-34,177177,0.354,132,0.015
2020-07-31,35-49,125562,0.251,517,0.057
2020-07-31,50-59,70453,0.141,901,0.099
2020-07-31,60-64,25439,0.051,693,0.076
2020-07-31,65-69,17603,0.035,884,0.097
2020-07-31,70-74,12244,0.024,1016,0.112
2020-07-31,75-79,8499,0.017,1040,0.114
2020-07-31,80+,17014,0.034,3911,0.43
2020-07-28,0-4,9196,0.019,0,0.0
2020-07-28,5-17,33501,0.07,0,0.0
2020-07-28,18-34,168009,0.353,113,0.013
2020-07-28,35-49,119404,0.251,493,0.058
2020-07-28,50-59,67132,0.141,846,0.099
2020-07-28,60-64,24333,0.051,651,0.076
2020-07-28,65-69,16849,0.035,825,0.097
2020-07-28,70-74,11714,0.025,941,0.11
2020-07-28,75-79,8162,0.017,971,0.114
2020-07-28,80+,16413,0.035,3676,0.432
2020-07-27,0-4,9018,0.019,0,0.0
2020-07-27,5-17,32818,0.07,0,0.0
2020-07-27,18-34,164764,0.353,108,0.013
2020-07-27,35-49,117244,0.251,481,0.057
2020-07-27,50-59,65938,0.141,832,0.099
2020-07-27,60-64,23931,0.051,637,0.076
2020-07-27,65-69,16556,0.035,818,0.097
2020-07-27,70-74,11530,0.025,934,0.111
2020-07-27,75-79,8040,0.017,965,0.114
2020-07-27,80+,16176,0.035,3661,0.434
2020-07-26,0-4,8892,0.019,0,0.0
2020-07-26,5-17,32256,0.07,0,0.0
2020-07-26,18-34,162522,0.353,108,0.013
2020-07-26,35-49,115773,0.251,477,0.057
2020-07-26,50-59,65155,0.141,832,0.099
2020-07-26,60-64,23645,0.051,635,0.075
2020-07-26,65-69,16378,0.036,814,0.097
2020-07-26,70-74,11419,0.025,930,0.111
2020-07-26,75-79,7930,0.017,963,0.114
2020-07-26,80+,16045,0.035,3653,0.434
2020-07-24,0-4,8500,0.019,0,0.0
2020-07-24,5-17,30896,0.069,0,0.0
2020-07-24,18-34,157028,0.353,106,0.013
2020-07-24,35-49,111903,0.251,461,0.056
2020-07-24,50-59,63066,0.142,813,0.099
2020-07-24,60-64,22968,0.052,617,0.075
2020-07-24,65-69,15906,0.036,794,0.096
2020-07-24,70-74,11172,0.025,907,0.11
2020-07-24,75-79,7749,0.017,950,0.115
2020-07-24,80+,15691,0.035,3594,0.436
2020-07-23,0-4,8281,0.019,0,0.0
2020-07-23,5-17,30020,0.069,0,0.0
2020-07-23,18-34,153433,0.352,105,0.013
2020-07-23,35-49,109347,0.251,442,0.055
2020-07-23,50-59,61607,0.142,793,0.098
2020-07-23,60-64,22507,0.052,609,0.075
2020-07-23,65-69,15613,0.036,774,0.096
2020-07-23,70-74,10963,0.025,892,0.11
2020-07-23,75-79,7619,0.018,942,0.116
2020-07-23,80+,15453,0.035,3539,0.437
2020-07-22,0-4,8073,0.019,0,0.0
2020-07-22,5-17,29262,0.069,0,0.0
2020-07-22,18-34,149968,0.352,97,0.012
2020-07-22,35-49,106885,0.251,429,0.054
2020-07-22,50-59,60232,0.142,778,0.098
2020-07-22,60-64,21985,0.052,593,0.075
2020-07-22,65-69,15272,0.036,760,0.096
2020-07-22,70-74,10756,0.025,870,0.109
2020-07-22,75-79,7501,0.018,935,0.118
2020-07-22,80+,15215,0.036,3487,0.439
2020-07-21,0-4,7781,0.019,0,0.0
2020-07-21,5-17,28181,0.068,0,0.0
2020-07-21,18-34,145577,0.352,96,0.012
2020-07-21,35-49,103835,0.251,420,0.054
2020-07-21,50-59,58648,0.142,758,0.097
2020-07-21,60-64,21408,0.052,579,0.074
2020-07-21,65-69,14916,0.036,749,0.096
2020-07-21,70-74,10504,0.025,847,0.109
2020-07-21,75-79,7343,0.018,921,0.118
2020-07-21,80+,14910,0.036,3423,0.439
2020-07-20,0-4,7500,0.019,0,0.0
2020-07-20,5-17,27117,0.068,0,0.0
2020-07-20,18-34,140731,0.351,95,0.012
2020-07-20,35-49,100675,0.251,413,0.054
2020-07-20,50-59,56976,0.142,743,0.097
2020-07-20,60-64,20811,0.052,574,0.075
2020-07-20,65-69,14475,0.036,728,0.095
2020-07-20,70-74,10255,0.026,834,0.109
2020-07-20,75-79,7161,0.018,909,0.118
2020-07-20,80+,14604,0.036,3381,0.44
2020-07-19,0-4,7326,0.019,0,0.0
2020-07-19,5-17,26304,0.067,0,0.0
2020-07-19,18-34,137150,0.35,94,0.012
2020-07-19,35-49,98363,0.251,412,0.054
2020-07-19,50-59,55756,0.142,739,0.097
2020-07-19,60-64,20423,0.052,572,0.075
2020-07-19,65-69,14223,0.036,725,0.095
2020-07-19,70-74,10065,0.026,830,0.108
2020-07-19,75-79,7043,0.018,907,0.119
2020-07-19,80+,14428,0.037,3372,0.441
2020-07-18,0-4,7184,0.019,0,0.0
2020-07-18,5-17,25729,0.067,0,0.0
2020-07-18,18-34,134490,0.35,94,0.012
2020-07-18,35-49,96681,0.251,411,0.054
2020-07-18,50-59,54891,0.143,736,0.097
2020-07-18,60-64,20108,0.052,570,0.075
2020-07-18,65-69,13987,0.036,721,0.095
2020-07-18,70-74,9942,0.026,828,0.109
2020-07-18,75-79,6972,0.018,903,0.119
2020-07-18,80+,14265,0.037,3357,0.441
2020-07-07,0-4,5274,0.018,0,0.0
2020-07-07,5-17,18686,0.065,0,0.0
2020-07-07,18-34,97289,0.336,76,0.012
2020-07-07,35-49,72966,0.252,334,0.052
2020-07-07,50-59,42199,0.146,610,0.094
2020-07-07,60-64,15818,0.055,459,0.071
2020-07-07,65-69,11045,0.038,587,0.091
2020-07-07,70-74,7923,0.027,686,0.106
2020-07-07,75-79,5746,0.02,768,0.119
2020-07-07,80+,12197,0.042,2954,0.456
2020-06-30,0-4,4179,0.018,0,0.0
2020-06-30,5-17,14493,0.062,0,0.0
2020-06-30,18-34,74664,0.321,63,0.011
2020-06-30,35-49,58794,0.253,292,0.049
2020-06-30,50-59,34890,0.15,555,0.093
2020-06-30,60-64,13259,0.057,430,0.072
2020-06-30,65-69,9340,0.04,542,0.091
2020-06-30,70-74,6787,0.029,640,0.107
2020-06-30,75-79,5038,0.022,721,0.121
2020-06-30,80+,10980,0.047,2734,0.457
2020-06-29,0-4,3967,0.018,0,0.0
2020-06-29,5-17,13772,0.062,0,0.0
2020-06-29,18-34,70732,0.317,62,0.011
2020-06-29,35-49,56350,0.253,289,0.049
2020-06-29,50-59,33667,0.151,545,0.093
2020-06-29,60-64,12819,0.058,422,0.072
2020-06-29,65-69,9075,0.041,536,0.091
2020-06-29,70-74,6598,0.03,629,0.107
2020-06-29,75-79,4929,0.022,710,0.121
2020-06-29,80+,10777,0.048,2683,0.457
2020-06-28,0-4,3854,0.018,0,0.0
2020-06-28,5-17,13303,0.061,0,0.0
2020-06-28,18-34,68070,0.314,62,0.011
2020-06-28,35-49,54763,0.253,288,0.049
2020-06-28,50-59,32859,0.152,543,0.093
2020-06-28,60-64,12575,0.058,421,0.072
2020-06-28,65-69,8895,0.041,535,0.091
2020-06-28,70-74,6495,0.03,625,0.107
2020-06-28,75-79,4855,0.022,706,0.121
2020-06-28,80+,10648,0.049,2669,0.456
2020-06-27,0-4,3732,0.018,0,0.0
2020-06-27,5-17,12814,0.061,0,0.0
2020-06-27,18-34,65670,0.312,62,0.011
2020-06-27,35-49,53253,0.253,287,0.049
2020-06-27,50-59,32097,0.153,539,0.093
2020-06-27,60-64,12286,0.058,415,0.071
2020-06-27,65-69,8701,0.041,531,0.091
2020-06-27,70-74,6351,0.03,621,0.107
2020-06-27,75-79,4775,0.023,701,0.121
2020-06-27,80+,10506,0.05,2653,0.457
2020-06-25,0-4,3464,0.017,0,0.0
2020-06-25,5-17,11985,0.06,0,0.0
2020-06-25,18-34,61786,0.308,61,0.011
2020-06-25,35-49,50761,0.253,283,0.05
2020-06-25,50-59,30877,0.154,530,0.093
2020-06-25,60-64,11844,0.059,402,0.07
2020-06-25,65-69,8418,0.042,523,0.091
2020-06-25,70-74,6160,0.031,607,0.106
2020-06-25,75-79,4656,0.023,691,0.121
2020-06-25,80+,10310,0.051,2619,0.458
2020-06-23,0-4,3246,0.017,0,0.0
2020-06-23,5-17,11278,0.059,0,0.0
2020-06-23,18-34,57991,0.305,59,0.011
2020-06-23,35-49,48062,0.253,273,0.05
2020-06-23,50-59,29529,0.155,502,0.091
2020-06-23,60-64,11394,0.06,387,0.07
2020-06-23,65-69,8113,0.043,502,0.091
2020-06-23,70-74,5917,0.031,586,0.107
2020-06-23,75-79,4476,0.024,673,0.122
2020-06-23,80+,10022,0.053,2516,0.458
2020-06-21,0-4,2988,0.017,0,0.0
2020-06-21,5-17,10358,0.058,0,0.0
2020-06-21,18-34,53400,0.3,59,0.011
2020-06-21,35-49,44869,0.252,268,0.049
2020-06-21,50-59,27940,0.157,499,0.092
2020-06-21,60-64,10855,0.061,376,0.069
2020-06-21,65-69,7750,0.044,494,0.091
2020-06-21,70-74,5665,0.032,580,0.107
2020-06-21,75-79,4306,0.024,665,0.123
2020-06-21,80+,9735,0.055,2483,0.458
2020-06-20,0-4,2880,0.017,0,0.0
2020-06-20,5-17,10017,0.058,0,0.0
2020-06-20,18-34,51816,0.298,59,0.011
2020-06-20,35-49,43697,0.251,267,0.049
2020-06-20,50-59,27390,0.158,495,0.092
2020-06-20,60-64,10656,0.061,373,0.069
2020-06-20,65-69,7636,0.044,490,0.091
2020-06-20,70-74,5606,0.032,580,0.107
2020-06-20,75-79,4269,0.025,663,0.123
2020-06-20,80+,9662,0.056,2474,0.458
2020-06-19,0-4,2769,0.016,0,0.0
2020-06-19,5-17,9672,0.057,0,0.0
2020-06-19,18-34,50190,0.296,59,0.011
2020-06-19,35-49,42513,0.251,263,0.049
2020-06-19,50-59,26771,0.158,484,0.091
2020-06-19,60-64,10442,0.062,367,0.069
2020-06-19,65-69,7502,0.044,483,0.091
2020-06-19,70-74,5499,0.032,564,0.106
2020-06-19,75-79,4197,0.025,652,0.123
2020-06-19,80+,9543,0.056,2445,0.46
2020-06-16,0-4,2475,0.016,0,0.0
2020-06-16,5-17,8589,0.055,0,0.0
2020-06-16,18-34,45832,0.292,56,0.011
2020-06-16,35-49,39493,0.252,256,0.051
2020-06-16,50-59,25077,0.16,460,0.091
2020-06-16,60-64,9845,0.063,352,0.07
2020-06-16,65-69,7093,0.045,465,0.092
2020-06-16,70-74,5237,0.033,529,0.104
2020-06-16,75-79,4009,0.026,619,0.122
2020-06-16,80+,9164,0.058,2326,0.459
2020-06-15,0-4,2387,0.016,0,0.0
2020-06-15,5-17,8315,0.054,0,0.0
2020-06-15,18-34,44670,0.291,56,0.011
2020-06-15,35-49,38584,0.251,252,0.05
2020-06-15,50-59,24633,0.16,453,0.091
2020-06-15,60-64,9657,0.063,348,0.07
2020-06-15,65-69,6948,0.045,458,0.092
2020-06-15,70-74,5159,0.034,519,0.104
2020-06-15,75-79,3951,0.026,614,0.123
2020-06-15,80+,9051,0.059,2301,0.46
2020-06-14,0-4,2330,0.015,0,0.0
2020-06-14,5-17,8121,0.054,0,0.0
2020-06-14,18-34,43836,0.289,56,0.011
2020-06-14,35-49,38107,0.252,251,0.05
2020-06-14,50-59,24306,0.16,450,0.09
2020-06-14,60-64,9565,0.063,348,0.07
2020-06-14,65-69,6894,0.046,458,0.092
2020-06-14,70-74,5126,0.034,518,0.104
2020-06-14,75-79,3932,0.026,609,0.122
2020-06-14,80+,9029,0.06,2289,0.46
2020-06-13,0-4,2272,0.015,0,0.0
2020-06-13,5-17,7912,0.053,0,0.0
2020-06-13,18-34,42906,0.288,55,0.011
2020-06-13,35-49,37442,0.252,249,0.05
2020-06-13,50-59,23926,0.161,447,0.09
2020-06-13,60-64,9431,0.063,345,0.07
2020-06-13,65-69,6841,0.046,457,0.092
2020-06-13,70-74,5054,0.034,516,0.104
2020-06-13,75-79,3901,0.026,605,0.122
2020-06-13,80+,8966,0.06,2286,0.461
2020-06-12,0-4,2194,0.015,0,0.0
2020-06-12,5-17,7625,0.052,0,0.0
2020-06-12,18-34,41766,0.287,52,0.011
2020-06-12,35-49,36675,0.252,244,0.05
2020-06-12,50-59,23486,0.161,439,0.09
2020-06-12,60-64,9297,0.064,339,0.069
2020-06-12,65-69,6735,0.046,450,0.092
2020-06-12,70-74,4980,0.034,506,0.104
2020-06-12,75-79,3841,0.026,601,0.123
2020-06-12,80+,8847,0.061,2247,0.461
2020-06-10,0-4,2034,0.015,0,0.0
2020-06-10,5-17,7102,0.051,0,0.0
2020-06-10,18-34,39624,0.284,52,0.011
2020-06-10,35-49,34998,0.251,239,0.05
2020-06-10,50-59,22533,0.162,429,0.09
2020-06-10,60-64,8997,0.065,327,0.069
2020-06-10,65-69,6531,0.047,440,0.092
2020-06-10,70-74,4859,0.035,497,0.104
2020-06-10,75-79,3742,0.027,588,0.123
2020-06-10,80+,8674,0.062,2196,0.46
2020-06-09,0-4,1956,0.014,0,0.0
2020-06-09,5-17,6844,0.05,0,0.0
2020-06-09,18-34,38568,0.283,49,0.011
2020-06-09,35-49,34261,0.252,231,0.05
2020-06-09,50-59,22071,0.162,419,0.09
2020-06-09,60-64,8843,0.065,322,0.069
2020-06-09,65-69,6426,0.047,430,0.092
2020-06-09,70-74,4795,0.035,486,0.104
2020-06-09,75-79,3686,0.027,575,0.123
2020-06-09,80+,8562,0.063,2151,0.461
2020-06-07,0-4,1826,0.014,0,0.0
2020-06-07,5-17,6422,0.049,0,0.0
2020-06-07,18-34,36930,0.281,49,0.011
2020-06-07,35-49,32985,0.251,222,0.049
2020-06-07,50-59,21394,0.163,403,0.089
2020-06-07,60-64,8631,0.066,312,0.069
2020-06-07,65-69,6265,0.048,420,0.093
2020-06-07,70-74,4698,0.036,472,0.104
2020-06-07,75-79,3621,0.028,554,0.122
2020-06-07,80+,8355,0.064,2096,0.463
2020-06-06,0-4,1765,0.014,0,0.0
2020-06-06,5-17,6182,0.048,0,0.0
2020-06-06,18-34,36051,0.28,49,0.011
2020-06-06,35-49,32361,0.251,220,0.049
2020-06-06,50-59,21049,0.163,400,0.089
2020-06-06,60-64,8507,0.066,309,0.069
2020-06-06,65-69,6187,0.048,419,0.093
2020-06-06,70-74,4637,0.036,471,0.105
2020-06-06,75-79,3593,0.028,550,0.122
2020-06-06,80+,8287,0.064,2083,0.463
2020-06-04,0-4,1637,0.013,0,0.0
2020-06-04,5-17,5771,0.047,0,0.0
2020-06-04,18-34,33992,0.277,48,0.011
2020-06-04,35-49,30922,0.252,209,0.048
2020-06-04,50-59,20181,0.164,385,0.088
2020-06-04,60-64,8215,0.067,301,0.069
2020-06-04,65-69,5970,0.049,407,0.093
2020-06-04,70-74,4492,0.037,460,0.105
2020-06-04,75-79,3479,0.028,535,0.122
2020-06-04,80+,8061,0.066,2023,0.463
2020-06-03,0-4,1575,0.013,0,0.0
2020-06-03,5-17,5544,0.046,0,0.0
2020-06-03,18-34,33029,0.276,47,0.011
2020-06-03,35-49,30123,0.251,203,0.047
2020-06-03,50-59,19730,0.165,378,0.088
2020-06-03,60-64,8032,0.067,293,0.068
2020-06-03,65-69,5865,0.049,401,0.093
2020-06-03,70-74,4415,0.037,454,0.106
2020-06-03,75-79,3410,0.028,528,0.123
2020-06-03,80+,7905,0.066,1994,0.464
2020-06-02,0-4,1528,0.013,0,0.0
2020-06-02,5-17,5397,0.046,0,0.0
2020-06-02,18-34,32315,0.275,46,0.011
2020-06-02,35-49,29581,0.251,202,0.048
2020-06-02,50-59,19418,0.165,375,0.089
2020-06-02,60-64,7916,0.067,287,0.068
2020-06-02,65-69,5807,0.049,394,0.093
2020-06-02,70-74,4356,0.037,446,0.105
2020-06-02,75-79,3371,0.029,518,0.122
2020-06-02,80+,7820,0.066,1963,0.464
2020-06-01,0-4,1471,0.013,0,0.0
2020-06-01,5-17,5235,0.045,0,0.0
2020-06-01,18-34,31535,0.273,45,0.011
2020-06-01,35-49,28958,0.251,190,0.046
2020-06-01,50-59,19086,0.166,362,0.088
2020-06-01,60-64,7794,0.068,280,0.068
2020-06-01,65-69,5724,0.05,386,0.094
2020-06-01,70-74,4274,0.037,438,0.106
2020-06-01,75-79,3316,0.029,508,0.123
2020-06-01,80+,7740,0.067,1918,0.465
2020-05-31,0-4,1404,0.012,0,0.0
2020-05-31,5-17,5084,0.045,0,0.0
2020-05-31,18-34,30791,0.272,43,0.011
2020-05-31,35-49,28353,0.251,188,0.046
2020-05-31,50-59,18727,0.166,358,0.088
2020-05-31,60-64,7678,0.068,278,0.068
2020-05-31,65-69,5637,0.05,381,0.093
2020-05-31,70-74,4218,0.037,434,0.106
2020-05-31,75-79,3284,0.029,503,0.123
2020-05-31,80+,7653,0.068,1895,0.464
2020-05-30,0-4,1353,0.012,0,0.0
2020-05-30,5-17,4901,0.044,0,0.0
2020-05-30,18-34,29987,0.271,42,0.01
2020-05-30,35-49,27751,0.251,188,0.047
2020-05-30,50-59,18410,0.166,355,0.088
2020-05-30,60-64,7554,0.068,272,0.067
2020-05-30,65-69,5545,0.05,374,0.093
2020-05-30,70-74,4147,0.038,430,0.106
2020-05-30,75-79,3229,0.029,500,0.124
2020-05-30,80+,7534,0.068,1882,0.465
2020-05-29,0-4,1269,0.012,0,0.0
2020-05-29,5-17,4592,0.043,0,0.0
2020-05-29,18-34,28753,0.269,42,0.011
2020-05-29,35-49,26799,0.251,186,0.047
2020-05-29,50-59,17845,0.167,351,0.088
2020-05-29,60-64,7378,0.069,267,0.067
2020-05-29,65-69,5418,0.051,372,0.093
2020-05-29,70-74,4056,0.038,427,0.107
2020-05-29,75-79,3177,0.03,489,0.123
2020-05-29,80+,7422,0.069,1851,0.464
2020-05-28,0-4,1204,0.012,0,0.0
2020-05-28,5-17,4338,0.042,0,0.0
2020-05-28,18-34,27736,0.267,41,0.011
2020-05-28,35-49,26059,0.251,181,0.046
2020-05-28,50-59,17403,0.168,339,0.087
2020-05-28,60-64,7214,0.069,260,0.067
2020-05-28,65-69,5319,0.051,366,0.094
2020-05-28,70-74,3981,0.038,418,0.107
2020-05-28,75-79,3127,0.03,485,0.124
2020-05-28,80+,7346,0.071,1814,0.465
2020-05-27,0-4,1167,0.011,0,0.0
2020-05-27,5-17,4204,0.041,0,0.0
2020-05-27,18-34,27064,0.266,41,0.011
2020-05-27,35-49,25491,0.251,177,0.046
2020-05-27,50-59,17063,0.168,330,0.086
2020-05-27,60-64,7091,0.07,249,0.065
2020-05-27,65-69,5235,0.051,359,0.094
2020-05-27,70-74,3909,0.038,410,0.107
2020-05-27,75-79,3090,0.03,475,0.124
2020-05-27,80+,7228,0.071,1775,0.465
2020-05-22,0-4,935,0.01,0,0.0
2020-05-22,5-17,3338,0.037,0,0.0
2020-05-22,18-34,23501,0.259,36,0.01
2020-05-22,35-49,22630,0.25,167,0.047
2020-05-22,50-59,15455,0.171,310,0.086
2020-05-22,60-64,6483,0.072,234,0.065
2020-05-22,65-69,4819,0.053,342,0.095
2020-05-22,70-74,3614,0.04,381,0.106
2020-05-22,75-79,2837,0.032,441,0.124
2020-05-22,80+,6841,0.075,1669,0.465
2020-05-21,0-4,883,0.01,0,0.0
2020-05-21,5-17,3166,0.036,0,0.0
2020-05-21,18-34,22869,0.259,36,0.01
2020-05-21,35-49,22083,0.25,167,0.047
2020-05-21,50-59,15096,0.171,306,0.086
2020-05-21,60-64,6365,0.072,230,0.065
2020-05-21,65-69,4740,0.054,337,0.095
2020-05-21,70-74,3547,0.04,371,0.105
2020-05-21,75-79,2837,0.032,441,0.124
2020-05-21,80+,6740,0.076,1656,0.467
