date,county,fips,positive_patients,suspected_patients,icu_positive_patients,icu_suspected_patients
2020-04-01,Alameda,001,52,76,27,15
2020-04-02,Alameda,001,57,76,29,17
2020-04-03,Alameda,001,64,74,32,13
2020-04-04,Alameda,001,60,95,35,18
2020-04-05,Alameda,001,72,87,39,13
2020-04-06,Alameda,001,79,70,43,19
2020-04-07,Alameda,001,76,84,43,25
2020-04-08,Alameda,001,84,69,45,18
2020-04-09,Alameda,001,80,76,44,18
2020-04-10,Alameda,001,93,71,45,26
2020-04-11,Alameda,001,87,91,46,19
2020-04-12,Alameda,001,91,101,42,21
2020-04-13,Alameda,001,85,81,40,21
2020-04-14,Alameda,001,92,106,34,21
2020-04-15,Alameda,001,81,99,34,11
2020-04-16,Alameda,001,73,82,31,9
2020-04-17,Alameda,001,85,91,35,18
2020-04-18,Alameda,001,82,73,36,16
2020-04-19,Alameda,001,84,63,37,5
2020-04-20,Alameda,001,85,52,38,4
2020-04-21,Alameda,001,85,59,41,9
2020-04-22,Alameda,001,84,61,38,17
2020-04-23,Alameda,001,81,90,37,24
2020-04-24,Alameda,001,79,63,39,10
2020-04-25,Alameda,001,83,53,39,6
2020-04-26,Alameda,001,84,43,42,5
2020-04-01,Alpine,003,,,,
2020-04-02,Alpine,003,,,,
2020-04-03,Alpine,003,,,,
2020-04-04,Alpine,003,,,,
2020-04-05,Alpine,003,,,,
2020-04-06,Alpine,003,,,,
2020-04-07,Alpine,003,,,,
2020-04-08,Alpine,003,,,,
2020-04-09,Alpine,003,0,0,0,0
2020-04-10,Alpine,003,0,0,0,0
2020-04-11,Alpine,003,0,0,0,0
2020-04-12,Alpine,003,0,0,0,0
2020-04-13,Alpine,003,0,0,0,0
2020-04-14,Alpine,003,0,0,0,0
2020-04-15,Alpine,003,0,0,0,0
2020-04-16,Alpine,003,0,0,0,0
2020-04-17,Alpine,003,0,0,0,0
2020-04-18,Alpine,003,0,0,0,0
2020-04-19,Alpine,003,0,0,0,0
2020-04-20,Alpine,003,0,0,0,0
2020-04-21,Alpine,003,0,0,0,0
2020-04-22,Alpine,003,0,0,0,0
2020-04-23,Alpine,003,0,0,0,0
2020-04-24,Alpine,003,0,0,0,0
2020-04-25,Alpine,003,0,0,0,0
2020-04-26,Alpine,003,0,0,0,0
2020-04-01,Amador,005,0,3,0,0
2020-04-02,Amador,005,0,3,0,0
2020-04-03,Amador,005,0,0,0,0
2020-04-04,Amador,005,0,0,0,0
2020-04-05,Amador,005,0,0,0,0
2020-04-06,Amador,005,0,0,0,0
2020-04-07,Amador,005,0,0,0,0
2020-04-08,Amador,005,0,0,0,0
2020-04-09,Amador,005,0,0,0,0
2020-04-10,Amador,005,0,0,0,0
2020-04-11,Amador,005,0,0,0,0
2020-04-12,Amador,005,0,0,0,0
2020-04-13,Amador,005,0,0,0,0
2020-04-14,Amador,005,0,0,0,0
2020-04-15,Amador,005,0,0,0,0
2020-04-16,Amador,005,0,0,0,0
2020-04-17,Amador,005,0,0,0,0
2020-04-18,Amador,005,0,0,0,0
2020-04-19,Amador,005,0,0,0,0
2020-04-20,Amador,005,0,0,0,0
2020-04-21,Amador,005,0,0,0,0
2020-04-22,Amador,005,0,1,0,0
2020-04-23,Amador,005,0,1,0,0
2020-04-24,Amador,005,0,1,0,0
2020-04-25,Amador,005,0,1,0,1
2020-04-26,Amador,005,0,0,0,0
2020-04-01,Butte,007,5,33,2,4
2020-04-02,Butte,007,4,26,2,2
2020-04-03,Butte,007,3,19,2,6
2020-04-04,Butte,007,3,14,1,4
2020-04-05,Butte,007,2,16,1,6
2020-04-06,Butte,007,1,15,1,5
2020-04-07,Butte,007,1,14,1,5
2020-04-08,Butte,007,1,15,1,7
2020-04-09,Butte,007,1,14,1,4
2020-04-10,Butte,007,1,15,1,5
2020-04-11,Butte,007,2,4,1,1
2020-04-12,Butte,007,2,0,2,0
2020-04-13,Butte,007,1,8,1,7
2020-04-14,Butte,007,1,6,1,6
2020-04-15,Butte,007,1,5,0,2
2020-04-16,Butte,007,1,10,0,3
2020-04-17,Butte,007,1,9,0,6
2020-04-18,Butte,007,1,4,0,2
2020-04-19,Butte,007,1,3,0,1
2020-04-20,Butte,007,1,2,0,1
2020-04-21,Butte,007,0,1,0,1
2020-04-22,Butte,007,0,0,0,1
2020-04-23,Butte,007,0,0,0,1
2020-04-24,Butte,007,0,4,0,3
2020-04-25,Butte,007,0,3,0,0
2020-04-26,Butte,007,0,0,0,0
2020-04-01,Calaveras,009,0,1,0,0
2020-04-02,Calaveras,009,0,1,0,0
2020-04-03,Calaveras,009,0,1,0,0
2020-04-04,Calaveras,009,0,1,0,0
2020-04-05,Calaveras,009,0,0,0,0
2020-04-06,Calaveras,009,0,0,0,0
2020-04-07,Calaveras,009,0,1,0,0
2020-04-08,Calaveras,009,0,2,0,0
2020-04-09,Calaveras,009,0,0,0,0
2020-04-10,Calaveras,009,0,0,0,0
2020-04-11,Calaveras,009,0,1,0,1
2020-04-12,Calaveras,009,0,2,0,2
2020-04-13,Calaveras,009,0,1,0,1
2020-04-14,Calaveras,009,0,1,0,0
2020-04-15,Calaveras,009,0,0,0,0
2020-04-16,Calaveras,009,0,1,0,1
2020-04-17,Calaveras,009,0,2,0,2
2020-04-18,Calaveras,009,0,0,0,0
2020-04-19,Calaveras,009,0,0,0,0
2020-04-20,Calaveras,009,0,1,0,0
2020-04-21,Calaveras,009,0,0,0,0
2020-04-22,Calaveras,009,0,0,0,0
2020-04-23,Calaveras,009,0,1,0,1
2020-04-24,Calaveras,009,0,2,0,1
2020-04-25,Calaveras,009,0,1,0,0
2020-04-26,Calaveras,009,0,0,0,0
2020-04-01,Colusa,011,0,1,0,1
2020-04-02,Colusa,011,0,1,0,1
2020-04-03,Colusa,011,1,0,1,0
2020-04-04,Colusa,011,1,0,1,0
2020-04-05,Colusa,011,1,0,1,0
2020-04-06,Colusa,011,0,0,0,0
2020-04-07,Colusa,011,0,0,0,0
2020-04-08,Colusa,011,0,0,0,0
2020-04-09,Colusa,011,0,0,0,1
2020-04-10,Colusa,011,0,0,0,0
2020-04-11,Colusa,011,0,0,0,0
2020-04-12,Colusa,011,0,0,0,0
2020-04-13,Colusa,011,0,0,0,0
2020-04-14,Colusa,011,0,0,0,0
2020-04-15,Colusa,011,0,0,0,0
2020-04-16,Colusa,011,0,1,0,1
2020-04-17,Colusa,011,0,1,0,1
2020-04-18,Colusa,011,0,0,0,0
2020-04-19,Colusa,011,1,0,0,0
2020-04-20,Colusa,011,1,0,0,0
2020-04-21,Colusa,011,1,0,1,0
2020-04-22,Colusa,011,1,0,1,0
2020-04-23,Colusa,011,1,0,1,0
2020-04-24,Colusa,011,1,0,1,0
2020-04-25,Colusa,011,1,1,1,1
2020-04-26,Colusa,011,1,1,1,1
2020-04-01,Contra Costa,013,31,42,12,12
2020-04-02,Contra Costa,013,32,38,13,10
2020-04-03,Contra Costa,013,31,39,15,10
2020-04-04,Contra Costa,013,30,47,12,7
2020-04-05,Contra Costa,013,29,35,15,10
2020-04-06,Contra Costa,013,30,28,15,11
2020-04-07,Contra Costa,013,31,38,17,9
2020-04-08,Contra Costa,013,35,50,18,13
2020-04-09,Contra Costa,013,37,64,18,12
2020-04-10,Contra Costa,013,42,30,17,6
2020-04-11,Contra Costa,013,39,38,15,15
2020-04-12,Contra Costa,013,46,32,16,3
2020-04-13,Contra Costa,013,44,44,16,5
2020-04-14,Contra Costa,013,37,51,15,9
2020-04-15,Contra Costa,013,38,41,16,8
2020-04-16,Contra Costa,013,37,59,14,13
2020-04-17,Contra Costa,013,34,46,13,11
2020-04-18,Contra Costa,013,35,44,13,8
2020-04-19,Contra Costa,013,34,40,14,7
2020-04-20,Contra Costa,013,37,28,13,8
2020-04-21,Contra Costa,013,33,44,13,11
2020-04-22,Contra Costa,013,32,52,13,14
2020-04-23,Contra Costa,013,31,51,13,13
2020-04-24,Contra Costa,013,29,54,12,11
2020-04-25,Contra Costa,013,25,53,10,6
2020-04-26,Contra Costa,013,27,42,9,9
2020-04-01,Del Norte,015,0,5,0,0
2020-04-02,Del Norte,015,0,3,0,0
2020-04-03,Del Norte,015,0,2,0,0
2020-04-04,Del Norte,015,0,2,0,0
2020-04-05,Del Norte,015,0,1,0,0
2020-04-06,Del Norte,015,0,3,0,0
2020-04-07,Del Norte,015,0,3,0,1
2020-04-08,Del Norte,015,0,2,0,1
2020-04-09,Del Norte,015,0,2,0,0
2020-04-10,Del Norte,015,0,3,0,0
2020-04-11,Del Norte,015,0,2,0,1
2020-04-12,Del Norte,015,0,2,0,0
2020-04-13,Del Norte,015,0,1,0,1
2020-04-14,Del Norte,015,0,5,0,4
2020-04-15,Del Norte,015,0,0,0,1
2020-04-16,Del Norte,015,0,3,0,0
2020-04-17,Del Norte,015,0,4,0,1
2020-04-18,Del Norte,015,0,2,0,1
2020-04-19,Del Norte,015,0,0,0,0
2020-04-20,Del Norte,015,0,2,0,1
2020-04-21,Del Norte,015,0,1,0,0
2020-04-22,Del Norte,015,0,2,0,1
2020-04-23,Del Norte,015,0,6,0,3
2020-04-24,Del Norte,015,0,4,0,0
2020-04-25,Del Norte,015,0,4,0,0
2020-04-26,Del Norte,015,0,2,0,1
2020-04-01,El Dorado,017,14,8,1,3
2020-04-02,El Dorado,017,15,12,0,6
2020-04-03,El Dorado,017,15,9,0,4
2020-04-04,El Dorado,017,15,9,0,3
2020-04-05,El Dorado,017,16,6,0,3
2020-04-06,El Dorado,017,16,1,0,0
2020-04-07,El Dorado,017,16,2,0,3
2020-04-08,El Dorado,017,16,3,0,1
2020-04-09,El Dorado,017,17,3,0,1
2020-04-10,El Dorado,017,17,1,0,1
2020-04-11,El Dorado,017,17,2,0,1
2020-04-12,El Dorado,017,19,1,0,0
2020-04-13,El Dorado,017,19,1,0,1
2020-04-14,El Dorado,017,20,3,0,0
2020-04-15,El Dorado,017,0,5,0,1
2020-04-16,El Dorado,017,0,5,0,0
2020-04-17,El Dorado,017,0,6,0,1
2020-04-18,El Dorado,017,0,8,0,2
2020-04-19,El Dorado,017,0,11,0,3
2020-04-20,El Dorado,017,0,4,0,0
2020-04-21,El Dorado,017,0,3,0,0
2020-04-22,El Dorado,017,0,5,0,1
2020-04-23,El Dorado,017,0,8,0,1
2020-04-24,El Dorado,017,0,7,0,3
2020-04-25,El Dorado,017,1,7,0,2
2020-04-26,El Dorado,017,1,8,0,3
2020-04-01,Fresno,019,19,101,5,13
2020-04-02,Fresno,019,17,74,6,13
2020-04-03,Fresno,019,15,81,7,16
2020-04-04,Fresno,019,14,93,7,20
2020-04-05,Fresno,019,16,81,8,15
2020-04-06,Fresno,019,18,81,11,20
2020-04-07,Fresno,019,20,82,11,13
2020-04-08,Fresno,019,22,63,10,8
2020-04-09,Fresno,019,25,41,10,9
2020-04-10,Fresno,019,27,41,11,9
2020-04-11,Fresno,019,28,63,11,8
2020-04-12,Fresno,019,23,46,11,4
2020-04-13,Fresno,019,22,57,12,8
2020-04-14,Fresno,019,24,45,12,8
2020-04-15,Fresno,019,25,33,12,2
2020-04-16,Fresno,019,33,33,12,4
2020-04-17,Fresno,019,31,29,12,2
2020-04-18,Fresno,019,32,35,13,2
2020-04-19,Fresno,019,32,35,14,2
2020-04-20,Fresno,019,35,30,15,1
2020-04-21,Fresno,019,35,35,15,3
2020-04-22,Fresno,019,36,43,14,4
2020-04-23,Fresno,019,39,39,16,4
2020-04-24,Fresno,019,41,37,19,1
2020-04-25,Fresno,019,41,45,19,2
2020-04-26,Fresno,019,37,44,18,9
2020-04-01,Glenn,021,,,,
2020-04-02,Glenn,021,0,0,0,0
2020-04-03,Glenn,021,0,0,0,0
2020-04-04,Glenn,021,0,0,0,0
2020-04-05,Glenn,021,0,0,0,0
2020-04-06,Glenn,021,0,0,0,0
2020-04-07,Glenn,021,0,0,0,0
2020-04-08,Glenn,021,0,0,0,0
2020-04-09,Glenn,021,0,0,0,0
2020-04-10,Glenn,021,0,0,0,0
2020-04-11,Glenn,021,0,0,0,0
2020-04-12,Glenn,021,0,0,0,0
2020-04-13,Glenn,021,0,0,0,0
2020-04-14,Glenn,021,0,0,0,0
2020-04-15,Glenn,021,0,0,0,0
2020-04-16,Glenn,021,0,0,0,0
2020-04-17,Glenn,021,0,0,0,0
2020-04-18,Glenn,021,0,0,0,0
2020-04-19,Glenn,021,0,0,0,0
2020-04-20,Glenn,021,0,0,0,0
2020-04-21,Glenn,021,0,0,0,0
2020-04-22,Glenn,021,0,0,0,0
2020-04-23,Glenn,021,0,0,0,0
2020-04-24,Glenn,021,0,0,0,0
2020-04-25,Glenn,021,0,0,0,0
2020-04-26,Glenn,021,0,0,0,0
2020-04-01,Humboldt,023,1,9,0,3
2020-04-02,Humboldt,023,1,8,0,2
2020-04-03,Humboldt,023,1,7,0,0
2020-04-04,Humboldt,023,1,4,0,0
2020-04-05,Humboldt,023,2,3,0,0
2020-04-06,Humboldt,023,3,12,0,3
2020-04-07,Humboldt,023,2,7,0,0
2020-04-08,Humboldt,023,2,3,0,0
2020-04-09,Humboldt,023,2,6,0,2
2020-04-10,Humboldt,023,2,10,0,3
2020-04-11,Humboldt,023,2,5,0,3
2020-04-12,Humboldt,023,2,4,0,2
2020-04-13,Humboldt,023,2,8,0,1
2020-04-14,Humboldt,023,2,7,0,0
2020-04-15,Humboldt,023,2,5,0,0
2020-04-16,Humboldt,023,1,5,4,2
2020-04-17,Humboldt,023,0,4,2,1
2020-04-18,Humboldt,023,0,4,0,0
2020-04-19,Humboldt,023,0,3,0,0
2020-04-20,Humboldt,023,0,6,0,0
2020-04-21,Humboldt,023,0,5,0,0
2020-04-22,Humboldt,023,0,8,0,1
2020-04-23,Humboldt,023,0,7,0,1
2020-04-24,Humboldt,023,1,4,0,1
2020-04-25,Humboldt,023,0,3,0,0
2020-04-26,Humboldt,023,0,0,0,0
2020-04-01,Imperial,025,4,15,3,4
2020-04-02,Imperial,025,4,16,3,5
2020-04-03,Imperial,025,9,7,7,0
2020-04-04,Imperial,025,9,10,5,2
2020-04-05,Imperial,025,9,9,8,1
2020-04-06,Imperial,025,9,14,7,2
2020-04-07,Imperial,025,9,14,7,2
2020-04-08,Imperial,025,16,7,8,3
2020-04-09,Imperial,025,14,10,7,3
2020-04-10,Imperial,025,14,12,8,3
2020-04-11,Imperial,025,14,11,7,3
2020-04-12,Imperial,025,18,13,8,1
2020-04-13,Imperial,025,19,8,7,1
2020-04-14,Imperial,025,19,14,6,3
2020-04-15,Imperial,025,21,13,7,4
2020-04-16,Imperial,025,21,7,9,1
2020-04-17,Imperial,025,19,15,10,2
2020-04-18,Imperial,025,21,12,9,4
2020-04-19,Imperial,025,25,8,11,2
2020-04-20,Imperial,025,25,9,11,2
2020-04-21,Imperial,025,23,12,12,0
2020-04-22,Imperial,025,26,8,12,0
2020-04-23,Imperial,025,23,4,9,0
2020-04-24,Imperial,025,24,10,8,1
2020-04-25,Imperial,025,24,8,8,1
2020-04-26,Imperial,025,26,12,8,2
2020-04-01,Inyo,027,7,89,0,0
2020-04-02,Inyo,027,8,102,0,1
2020-04-03,Inyo,027,8,102,1,2
2020-04-04,Inyo,027,8,106,1,1
2020-04-05,Inyo,027,9,106,1,0
2020-04-06,Inyo,027,9,114,1,0
2020-04-07,Inyo,027,9,121,1,0
2020-04-08,Inyo,027,9,128,1,1
2020-04-09,Inyo,027,9,135,1,0
2020-04-10,Inyo,027,9,135,1,0
2020-04-11,Inyo,027,10,140,1,0
2020-04-12,Inyo,027,10,140,1,0
2020-04-13,Inyo,027,10,150,1,2
2020-04-14,Inyo,027,10,156,0,1
2020-04-15,Inyo,027,15,163,0,0
2020-04-16,Inyo,027,0,3,0,1
2020-04-17,Inyo,027,0,3,0,1
2020-04-18,Inyo,027,1,1,1,0
2020-04-19,Inyo,027,1,0,1,0
2020-04-20,Inyo,027,1,0,1,0
2020-04-21,Inyo,027,1,0,1,0
2020-04-22,Inyo,027,1,0,1,0
2020-04-23,Inyo,027,1,0,1,0
2020-04-24,Inyo,027,1,3,1,0
2020-04-25,Inyo,027,0,3,0,0
2020-04-26,Inyo,027,0,0,0,0
2020-04-01,Kern,029,15,45,7,9
2020-04-02,Kern,029,27,77,12,23
2020-04-03,Kern,029,35,73,12,16
2020-04-04,Kern,029,33,54,14,11
2020-04-05,Kern,029,23,27,12,4
2020-04-06,Kern,029,24,36,12,5
2020-04-07,Kern,029,28,91,14,13
2020-04-08,Kern,029,31,57,16,3
2020-04-09,Kern,029,27,35,16,9
2020-04-10,Kern,029,33,38,15,5
2020-04-11,Kern,029,32,52,17,4
2020-04-12,Kern,029,31,28,18,3
2020-04-13,Kern,029,39,32,18,1
2020-04-14,Kern,029,35,23,17,3
2020-04-15,Kern,029,40,12,16,1
2020-04-16,Kern,029,41,19,17,0
2020-04-17,Kern,029,36,16,18,1
2020-04-18,Kern,029,33,14,18,2
2020-04-19,Kern,029,34,20,18,2
2020-04-20,Kern,029,34,11,13,1
2020-04-21,Kern,029,31,12,13,1
2020-04-22,Kern,029,32,25,14,1
2020-04-23,Kern,029,30,11,16,1
2020-04-24,Kern,029,30,17,16,1
2020-04-25,Kern,029,29,18,22,3
2020-04-26,Kern,029,29,15,23,0
2020-04-01,Kings,031,2,6,1,2
2020-04-02,Kings,031,2,6,1,1
2020-04-03,Kings,031,0,3,1,0
2020-04-04,Kings,031,1,9,1,0
2020-04-05,Kings,031,3,1,2,0
2020-04-06,Kings,031,3,3,2,0
2020-04-07,Kings,031,3,4,2,0
2020-04-08,Kings,031,2,8,1,1
2020-04-09,Kings,031,6,6,3,0
2020-04-10,Kings,031,8,0,3,0
2020-04-11,Kings,031,10,0,4,0
2020-04-12,Kings,031,8,0,3,0
2020-04-13,Kings,031,0,1,0,1
2020-04-14,Kings,031,8,0,2,0
2020-04-15,Kings,031,8,0,2,0
2020-04-16,Kings,031,8,0,2,0
2020-04-17,Kings,031,7,0,2,0
2020-04-18,Kings,031,8,0,2,0
2020-04-19,Kings,031,8,0,3,0
2020-04-20,Kings,031,8,0,3,0
2020-04-21,Kings,031,8,0,3,0
2020-04-22,Kings,031,9,0,3,0
2020-04-23,Kings,031,9,0,3,0
2020-04-24,Kings,031,9,0,2,0
2020-04-25,Kings,031,6,0,2,0
2020-04-26,Kings,031,9,0,2,0
2020-04-01,Lake,033,0,2,0,0
2020-04-02,Lake,033,0,1,0,0
2020-04-03,Lake,033,0,2,0,1
2020-04-04,Lake,033,0,4,0,1
2020-04-05,Lake,033,0,4,0,2
2020-04-06,Lake,033,0,8,0,2
2020-04-07,Lake,033,0,0,0,0
2020-04-08,Lake,033,0,0,0,1
2020-04-09,Lake,033,0,0,0,1
2020-04-10,Lake,033,0,1,0,0
2020-04-11,Lake,033,0,0,0,0
2020-04-12,Lake,033,0,0,0,0
2020-04-13,Lake,033,0,2,0,1
2020-04-14,Lake,033,0,3,0,0
2020-04-15,Lake,033,3,3,0,2
2020-04-16,Lake,033,1,0,0,0
2020-04-17,Lake,033,0,6,0,1
2020-04-18,Lake,033,0,0,0,0
2020-04-19,Lake,033,0,2,0,0
2020-04-20,Lake,033,0,2,0,1
2020-04-21,Lake,033,0,2,0,0
2020-04-22,Lake,033,0,3,0,1
2020-04-23,Lake,033,0,1,0,0
2020-04-24,Lake,033,0,1,0,1
2020-04-25,Lake,033,0,2,0,0
2020-04-26,Lake,033,0,1,0,0
2020-04-01,Lassen,035,0,7,0,0
2020-04-02,Lassen,035,0,7,0,0
2020-04-03,Lassen,035,0,3,0,0
2020-04-04,Lassen,035,0,0,0,0
2020-04-05,Lassen,035,0,0,0,0
2020-04-06,Lassen,035,0,0,0,0
2020-04-07,Lassen,035,0,1,0,0
2020-04-08,Lassen,035,0,1,0,0
2020-04-09,Lassen,035,0,2,0,0
2020-04-10,Lassen,035,0,2,0,0
2020-04-11,Lassen,035,0,4,0,0
2020-04-12,Lassen,035,0,4,0,0
2020-04-13,Lassen,035,0,4,0,0
2020-04-14,Lassen,035,0,6,0,0
2020-04-15,Lassen,035,0,6,0,0
2020-04-16,Lassen,035,0,5,0,0
2020-04-17,Lassen,035,0,5,0,0
2020-04-18,Lassen,035,0,1,0,0
2020-04-19,Lassen,035,0,1,0,0
2020-04-20,Lassen,035,0,1,0,0
2020-04-21,Lassen,035,0,1,0,0
2020-04-22,Lassen,035,0,1,0,0
2020-04-23,Lassen,035,0,0,0,0
2020-04-24,Lassen,035,0,0,0,0
2020-04-25,Lassen,035,0,0,0,0
2020-04-26,Lassen,035,0,0,0,0
2020-04-01,Los Angeles,037,739,1332,335,220
2020-04-02,Los Angeles,037,818,1270,346,193
2020-04-03,Los Angeles,037,962,1239,422,209
2020-04-04,Los Angeles,037,1007,1190,449,181
2020-04-05,Los Angeles,037,1094,1082,473,166
2020-04-06,Los Angeles,037,1166,1070,486,175
2020-04-07,Los Angeles,037,1251,1350,517,162
2020-04-08,Los Angeles,037,1331,1077,532,211
2020-04-09,Los Angeles,037,1368,758,541,156
2020-04-10,Los Angeles,037,1299,754,514,142
2020-04-11,Los Angeles,037,1362,905,555,135
2020-04-12,Los Angeles,037,1433,715,559,144
2020-04-13,Los Angeles,037,1501,793,570,150
2020-04-14,Los Angeles,037,1587,613,588,115
2020-04-15,Los Angeles,037,1624,632,600,139
2020-04-16,Los Angeles,037,1679,620,594,108
2020-04-17,Los Angeles,037,1720,634,594,105
2020-04-18,Los Angeles,037,1709,578,586,110
2020-04-19,Los Angeles,037,1739,549,595,115
2020-04-20,Los Angeles,037,1791,602,625,93
2020-04-21,Los Angeles,037,1854,617,613,111
2020-04-22,Los Angeles,037,1858,590,602,125
2020-04-23,Los Angeles,037,1863,595,600,118
2020-04-24,Los Angeles,037,1860,546,600,87
2020-04-25,Los Angeles,037,1845,572,579,99
2020-04-26,Los Angeles,037,1887,575,588,122
2020-04-01,Madera,039,1,3,1,0
2020-04-02,Madera,039,1,7,1,3
2020-04-03,Madera,039,0,5,0,1
2020-04-04,Madera,039,0,4,0,0
2020-04-05,Madera,039,0,1,0,0
2020-04-06,Madera,039,0,2,0,1
2020-04-07,Madera,039,0,3,0,1
2020-04-08,Madera,039,0,6,0,1
2020-04-09,Madera,039,0,3,0,2
2020-04-10,Madera,039,0,5,0,1
2020-04-11,Madera,039,0,5,0,2
2020-04-12,Madera,039,0,5,0,0
2020-04-13,Madera,039,0,4,0,1
2020-04-14,Madera,039,0,4,0,2
2020-04-15,Madera,039,1,6,0,1
2020-04-16,Madera,039,0,7,0,0
2020-04-17,Madera,039,0,5,0,0
2020-04-18,Madera,039,0,7,0,0
2020-04-19,Madera,039,0,7,0,0
2020-04-20,Madera,039,0,6,0,0
2020-04-21,Madera,039,0,5,0,0
2020-04-22,Madera,039,0,3,0,0
2020-04-23,Madera,039,0,3,0,1
2020-04-24,Madera,039,0,4,0,0
2020-04-25,Madera,039,0,2,0,1
2020-04-26,Madera,039,0,1,0,0
2020-04-01,Marin,041,9,19,4,2
2020-04-02,Marin,041,7,16,3,1
2020-04-03,Marin,041,6,16,3,5
2020-04-04,Marin,041,5,16,3,5
2020-04-05,Marin,041,5,15,3,5
2020-04-06,Marin,041,8,8,4,4
2020-04-07,Marin,041,6,5,4,4
2020-04-08,Marin,041,5,3,4,2
2020-04-09,Marin,041,5,7,2,1
2020-04-10,Marin,041,6,26,1,1
2020-04-11,Marin,041,2,27,1,3
2020-04-12,Marin,041,2,24,1,1
2020-04-13,Marin,041,2,20,2,1
2020-04-14,Marin,041,2,23,2,3
2020-04-15,Marin,041,4,10,2,4
2020-04-16,Marin,041,5,7,2,1
2020-04-17,Marin,041,4,2,2,0
2020-04-18,Marin,041,3,1,1,0
2020-04-19,Marin,041,3,7,1,3
2020-04-20,Marin,041,6,4,2,1
2020-04-21,Marin,041,5,4,2,1
2020-04-22,Marin,041,5,10,2,5
2020-04-23,Marin,041,3,14,2,4
2020-04-24,Marin,041,2,11,2,2
2020-04-25,Marin,041,2,13,2,3
2020-04-26,Marin,041,3,7,2,3
2020-04-01,Mariposa,043,0,0,0,0
2020-04-02,Mariposa,043,0,1,0,0
2020-04-03,Mariposa,043,0,2,0,0
2020-04-04,Mariposa,043,0,2,0,0
2020-04-05,Mariposa,043,0,2,0,0
2020-04-06,Mariposa,043,0,3,0,0
2020-04-07,Mariposa,043,0,3,0,0
2020-04-08,Mariposa,043,0,0,0,0
2020-04-09,Mariposa,043,0,0,0,0
2020-04-10,Mariposa,043,0,0,0,0
2020-04-11,Mariposa,043,0,0,0,0
2020-04-12,Mariposa,043,0,0,0,0
2020-04-13,Mariposa,043,0,3,0,0
2020-04-14,Mariposa,043,0,3,0,0
2020-04-15,Mariposa,043,0,4,0,0
2020-04-16,Mariposa,043,0,1,0,0
2020-04-17,Mariposa,043,0,1,0,0
2020-04-18,Mariposa,043,0,0,0,0
2020-04-19,Mariposa,043,0,0,0,0
2020-04-20,Mariposa,043,0,1,0,0
2020-04-21,Mariposa,043,0,1,0,0
2020-04-22,Mariposa,043,0,0,0,0
2020-04-23,Mariposa,043,0,1,0,0
2020-04-24,Mariposa,043,0,0,0,0
2020-04-25,Mariposa,043,0,0,0,0
2020-04-26,Mariposa,043,0,0,0,0
2020-04-01,Mendocino,045,0,2,0,0
2020-04-02,Mendocino,045,0,1,0,0
2020-04-03,Mendocino,045,0,5,0,1
2020-04-04,Mendocino,045,0,3,0,1
2020-04-05,Mendocino,045,0,3,0,2
2020-04-06,Mendocino,045,0,2,0,2
2020-04-07,Mendocino,045,0,2,0,0
2020-04-08,Mendocino,045,0,0,0,0
2020-04-09,Mendocino,045,0,0,0,0
2020-04-10,Mendocino,045,0,1,0,1
2020-04-11,Mendocino,045,0,1,0,1
2020-04-12,Mendocino,045,0,0,0,0
2020-04-13,Mendocino,045,7,1,3,0
2020-04-14,Mendocino,045,0,0,0,0
2020-04-15,Mendocino,045,0,0,0,0
2020-04-16,Mendocino,045,0,0,0,0
2020-04-17,Mendocino,045,0,0,0,0
2020-04-18,Mendocino,045,0,0,0,0
2020-04-19,Mendocino,045,0,0,0,0
2020-04-20,Mendocino,045,0,0,0,0
2020-04-21,Mendocino,045,0,1,0,0
2020-04-22,Mendocino,045,0,0,0,0
2020-04-23,Mendocino,045,0,1,0,1
2020-04-24,Mendocino,045,0,1,0,0
2020-04-25,Mendocino,045,0,0,0,0
2020-04-26,Mendocino,045,0,0,0,0
2020-04-01,Merced,047,3,15,0,3
2020-04-02,Merced,047,4,5,0,1
2020-04-03,Merced,047,4,5,1,1
2020-04-04,Merced,047,5,14,1,1
2020-04-05,Merced,047,15,10,1,3
2020-04-06,Merced,047,4,2,0,2
2020-04-07,Merced,047,3,3,0,3
2020-04-08,Merced,047,1,1,0,2
2020-04-09,Merced,047,1,7,0,2
2020-04-10,Merced,047,0,2,0,1
2020-04-11,Merced,047,0,2,0,1
2020-04-12,Merced,047,0,3,0,2
2020-04-13,Merced,047,0,4,0,1
2020-04-14,Merced,047,0,4,0,2
2020-04-15,Merced,047,0,0,0,0
2020-04-16,Merced,047,1,1,0,0
2020-04-17,Merced,047,0,4,0,2
2020-04-18,Merced,047,0,3,0,0
2020-04-19,Merced,047,0,2,0,1
2020-04-20,Merced,047,0,1,0,1
2020-04-21,Merced,047,0,3,0,2
2020-04-22,Merced,047,3,3,0,0
2020-04-23,Merced,047,0,2,0,0
2020-04-24,Merced,047,0,5,0,1
2020-04-25,Merced,047,0,3,0,1
2020-04-26,Merced,047,0,4,0,2
2020-04-01,Modoc,049,0,1,0,0
2020-04-03,Modoc,049,0,0,0,0
2020-04-04,Modoc,049,0,0,0,0
2020-04-05,Modoc,049,0,0,0,0
2020-04-06,Modoc,049,0,0,0,0
2020-04-07,Modoc,049,0,1,0,0
2020-04-08,Modoc,049,0,0,0,0
2020-04-09,Modoc,049,0,0,0,0
2020-04-10,Modoc,049,0,0,0,0
2020-04-11,Modoc,049,0,0,0,0
2020-04-12,Modoc,049,0,0,0,0
2020-04-13,Modoc,049,0,0,0,0
2020-04-14,Modoc,049,0,1,0,0
2020-04-15,Modoc,049,0,0,0,0
2020-04-16,Modoc,049,0,2,0,0
2020-04-17,Modoc,049,0,1,0,0
2020-04-18,Modoc,049,0,1,0,0
2020-04-19,Modoc,049,0,0,0,0
2020-04-20,Modoc,049,0,0,0,0
2020-04-21,Modoc,049,0,1,0,0
2020-04-22,Modoc,049,0,0,0,0
2020-04-23,Modoc,049,0,0,0,0
2020-04-24,Modoc,049,0,0,0,0
2020-04-25,Modoc,049,0,0,0,0
2020-04-26,Modoc,049,0,0,0,0
2020-04-01,Mono,051,0,0,0,0
2020-04-02,Mono,051,18,2,0,0
2020-04-03,Mono,051,18,2,0,0
2020-04-04,Mono,051,20,2,0,0
2020-04-05,Mono,051,20,2,0,0
2020-04-06,Mono,051,20,2,0,0
2020-04-07,Mono,051,20,2,0,0
2020-04-08,Mono,051,19,8,0,0
2020-04-09,Mono,051,18,15,0,0
2020-04-10,Mono,051,0,3,0,0
2020-04-11,Mono,051,0,3,0,0
2020-04-12,Mono,051,0,3,0,0
2020-04-13,Mono,051,0,1,0,0
2020-04-14,Mono,051,0,1,0,0
2020-04-15,Mono,051,0,0,0,0
2020-04-16,Mono,051,0,0,0,0
2020-04-17,Mono,051,0,0,0,0
2020-04-18,Mono,051,0,0,0,0
2020-04-19,Mono,051,0,0,0,0
2020-04-20,Mono,051,0,0,0,0
2020-04-21,Mono,051,0,0,0,0
2020-04-22,Mono,051,0,0,0,0
2020-04-23,Mono,051,0,0,0,0
2020-04-24,Mono,051,0,0,0,0
2020-04-25,Mono,051,0,0,0,0
2020-04-26,Mono,051,0,0,0,0
2020-04-01,Monterey,053,13,16,4,4
2020-04-02,Monterey,053,14,14,4,2
2020-04-03,Monterey,053,16,18,3,1
2020-04-04,Monterey,053,16,25,4,2
2020-04-05,Monterey,053,16,15,4,0
2020-04-06,Monterey,053,16,15,5,1
2020-04-07,Monterey,053,18,25,5,4
2020-04-08,Monterey,053,18,24,5,0
2020-04-09,Monterey,053,17,26,5,0
2020-04-10,Monterey,053,18,21,5,1
2020-04-11,Monterey,053,18,17,5,2
2020-04-12,Monterey,053,19,13,4,4
2020-04-13,Monterey,053,22,19,4,2
2020-04-14,Monterey,053,18,13,3,0
2020-04-15,Monterey,053,20,11,4,1
2020-04-16,Monterey,053,20,22,4,0
2020-04-17,Monterey,053,22,25,3,1
2020-04-18,Monterey,053,26,21,2,0
2020-04-19,Monterey,053,25,6,2,0
2020-04-20,Monterey,053,24,7,2,1
2020-04-21,Monterey,053,7,4,2,1
2020-04-22,Monterey,053,6,3,2,1
2020-04-23,Monterey,053,6,6,4,1
2020-04-24,Monterey,053,5,8,4,1
2020-04-25,Monterey,053,5,9,3,0
2020-04-26,Monterey,053,5,5,3,2
2020-04-01,Napa,055,2,2,0,1
2020-04-02,Napa,055,1,4,1,1
2020-04-03,Napa,055,1,9,0,1
2020-04-04,Napa,055,1,8,0,1
2020-04-05,Napa,055,1,8,0,1
2020-04-06,Napa,055,0,7,0,0
2020-04-07,Napa,055,0,5,0,3
2020-04-08,Napa,055,0,7,0,1
2020-04-09,Napa,055,0,7,0,0
2020-04-10,Napa,055,0,7,0,4
2020-04-11,Napa,055,0,0,0,0
2020-04-12,Napa,055,0,0,0,0
2020-04-13,Napa,055,0,1,0,0
2020-04-14,Napa,055,0,0,0,0
2020-04-15,Napa,055,0,0,0,0
2020-04-16,Napa,055,0,0,0,0
2020-04-17,Napa,055,0,1,0,0
2020-04-18,Napa,055,0,0,0,0
2020-04-19,Napa,055,0,3,0,0
2020-04-20,Napa,055,1,2,1,0
2020-04-21,Napa,055,1,1,1,0
2020-04-22,Napa,055,1,2,1,0
2020-04-23,Napa,055,1,1,1,0
2020-04-24,Napa,055,1,0,1,0
2020-04-25,Napa,055,1,1,1,1
2020-04-26,Napa,055,1,0,1,0
2020-04-01,Nevada,057,36,54,0,4
2020-04-02,Nevada,057,38,58,2,1
2020-04-03,Nevada,057,2,4,2,1
2020-04-04,Nevada,057,2,6,2,2
2020-04-05,Nevada,057,2,4,2,1
2020-04-06,Nevada,057,1,5,1,2
2020-04-07,Nevada,057,1,4,1,2
2020-04-08,Nevada,057,2,7,2,2
2020-04-09,Nevada,057,2,4,2,1
2020-04-10,Nevada,057,3,3,2,1
2020-04-11,Nevada,057,3,3,2,1
2020-04-12,Nevada,057,3,1,2,2
2020-04-13,Nevada,057,2,2,2,2
2020-04-14,Nevada,057,3,4,2,1
2020-04-15,Nevada,057,3,4,2,1
2020-04-16,Nevada,057,3,3,2,2
2020-04-17,Nevada,057,2,4,1,3
2020-04-18,Nevada,057,4,5,1,4
2020-04-19,Nevada,057,1,4,1,4
2020-04-20,Nevada,057,1,5,1,2
2020-04-21,Nevada,057,1,4,1,2
2020-04-22,Nevada,057,1,0,1,0
2020-04-23,Nevada,057,1,3,0,1
2020-04-24,Nevada,057,1,4,0,2
2020-04-25,Nevada,057,1,3,0,2
2020-04-26,Nevada,057,1,2,0,2
2020-04-01,Orange,059,117,221,50,48
2020-04-02,Orange,059,129,225,67,47
2020-04-03,Orange,059,131,182,66,36
2020-04-04,Orange,059,143,213,70,45
2020-04-05,Orange,059,144,221,70,46
2020-04-06,Orange,059,145,171,73,33
2020-04-07,Orange,059,143,144,71,29
2020-04-08,Orange,059,153,181,49,34
2020-04-09,Orange,059,146,117,45,29
2020-04-10,Orange,059,139,129,69,25
2020-04-11,Orange,059,144,109,44,20
2020-04-12,Orange,059,138,108,63,33
2020-04-13,Orange,059,149,81,54,17
2020-04-14,Orange,059,147,111,57,31
2020-04-15,Orange,059,156,103,73,27
2020-04-16,Orange,059,152,117,55,25
2020-04-17,Orange,059,160,124,58,15
2020-04-18,Orange,059,157,120,64,23
2020-04-19,Orange,059,162,130,73,24
2020-04-20,Orange,059,172,102,73,21
2020-04-21,Orange,059,179,129,77,27
2020-04-22,Orange,059,172,111,73,21
2020-04-23,Orange,059,170,143,75,25
2020-04-24,Orange,059,175,138,68,24
2020-04-25,Orange,059,177,133,74,21
2020-04-26,Orange,059,180,109,73,23
2020-04-01,Placer,061,25,28,6,2
2020-04-02,Placer,061,32,15,9,0
2020-04-03,Placer,061,21,23,10,1
2020-04-04,Placer,061,23,14,10,1
2020-04-05,Placer,061,23,13,10,1
2020-04-06,Placer,061,20,12,10,1
2020-04-07,Placer,061,19,18,9,3
2020-04-08,Placer,061,18,15,10,2
2020-04-09,Placer,061,18,12,9,1
2020-04-10,Placer,061,16,11,9,3
2020-04-11,Placer,061,20,19,7,4
2020-04-12,Placer,061,19,15,6,3
2020-04-13,Placer,061,18,9,5,3
2020-04-14,Placer,061,17,15,5,4
2020-04-15,Placer,061,13,11,2,4
2020-04-16,Placer,061,12,18,1,1
2020-04-17,Placer,061,12,17,1,2
2020-04-18,Placer,061,11,17,1,2
2020-04-19,Placer,061,11,12,1,5
2020-04-20,Placer,061,8,7,2,1
2020-04-21,Placer,061,4,18,2,2
2020-04-22,Placer,061,5,20,1,1
2020-04-23,Placer,061,4,21,1,1
2020-04-24,Placer,061,4,18,0,2
2020-04-25,Placer,061,4,30,0,3
2020-04-26,Placer,061,4,21,1,5
2020-04-01,Plumas,063,0,0,0,0
2020-04-02,Plumas,063,0,0,0,0
2020-04-03,Plumas,063,0,0,0,0
2020-04-04,Plumas,063,0,0,0,0
2020-04-05,Plumas,063,0,0,0,0
2020-04-06,Plumas,063,0,0,0,0
2020-04-07,Plumas,063,0,1,0,0
2020-04-08,Plumas,063,0,1,0,0
2020-04-09,Plumas,063,0,1,0,0
2020-04-10,Plumas,063,0,0,0,0
2020-04-11,Plumas,063,0,0,0,0
2020-04-12,Plumas,063,0,0,0,0
2020-04-13,Plumas,063,0,1,0,0
2020-04-14,Plumas,063,0,1,0,0
2020-04-15,Plumas,063,0,0,0,0
2020-04-16,Plumas,063,0,0,0,0
2020-04-17,Plumas,063,0,1,0,0
2020-04-18,Plumas,063,0,1,0,0
2020-04-19,Plumas,063,0,0,0,0
2020-04-20,Plumas,063,0,0,0,0
2020-04-21,Plumas,063,0,0,0,0
2020-04-22,Plumas,063,0,0,0,0
2020-04-23,Plumas,063,0,0,0,0
2020-04-24,Plumas,063,0,0,0,0
2020-04-25,Plumas,063,0,0,0,0
2020-04-26,Plumas,063,0,0,0,0
2020-04-01,Riverside,065,85,182,29,47
2020-04-02,Riverside,065,136,181,45,49
2020-04-03,Riverside,065,105,182,44,59
2020-04-04,Riverside,065,126,186,39,56
2020-04-05,Riverside,065,129,207,47,60
2020-04-06,Riverside,065,129,193,46,65
2020-04-07,Riverside,065,129,207,57,57
2020-04-08,Riverside,065,149,145,56,41
2020-04-09,Riverside,065,201,159,59,34
2020-04-10,Riverside,065,206,141,57,34
2020-04-11,Riverside,065,232,127,57,26
2020-04-12,Riverside,065,245,142,69,26
2020-04-13,Riverside,065,247,122,66,30
2020-04-14,Riverside,065,235,117,64,36
2020-04-15,Riverside,065,207,155,70,29
2020-04-16,Riverside,065,216,150,72,34
2020-04-17,Riverside,065,215,144,69,23
2020-04-18,Riverside,065,223,118,71,19
2020-04-19,Riverside,065,236,113,76,22
2020-04-20,Riverside,065,240,145,72,29
2020-04-21,Riverside,065,250,120,81,32
2020-04-22,Riverside,065,229,127,84,25
2020-04-23,Riverside,065,222,118,83,24
2020-04-24,Riverside,065,223,120,82,26
2020-04-25,Riverside,065,218,138,81,30
2020-04-26,Riverside,065,215,152,75,35
2020-04-01,Sacramento,067,53,138,20,33
2020-04-02,Sacramento,067,71,92,24,19
2020-04-03,Sacramento,067,77,76,28,17
2020-04-04,Sacramento,067,69,76,25,18
2020-04-05,Sacramento,067,64,78,23,26
2020-04-06,Sacramento,067,77,78,26,19
2020-04-07,Sacramento,067,74,91,28,18
2020-04-08,Sacramento,067,76,81,28,12
2020-04-09,Sacramento,067,74,60,31,11
2020-04-10,Sacramento,067,70,45,30,13
2020-04-11,Sacramento,067,67,46,29,10
2020-04-12,Sacramento,067,69,46,28,9
2020-04-13,Sacramento,067,73,36,28,7
2020-04-14,Sacramento,067,70,46,24,8
2020-04-15,Sacramento,067,66,60,20,14
2020-04-16,Sacramento,067,64,54,25,13
2020-04-17,Sacramento,067,63,46,24,18
2020-04-18,Sacramento,067,65,46,22,17
2020-04-19,Sacramento,067,65,39,22,11
2020-04-20,Sacramento,067,69,32,33,8
2020-04-21,Sacramento,067,54,39,21,8
2020-04-22,Sacramento,067,47,23,18,5
2020-04-23,Sacramento,067,48,40,17,7
2020-04-24,Sacramento,067,53,37,17,11
2020-04-25,Sacramento,067,53,46,20,14
2020-04-26,Sacramento,067,48,40,16,6
2020-04-01,San Benito,069,2,0,2,0
2020-04-02,San Benito,069,2,0,2,0
2020-04-03,San Benito,069,2,0,2,0
2020-04-04,San Benito,069,2,3,2,0
2020-04-05,San Benito,069,3,0,2,0
2020-04-06,San Benito,069,3,3,2,0
2020-04-07,San Benito,069,3,3,2,0
2020-04-08,San Benito,069,2,0,1,0
2020-04-09,San Benito,069,2,1,1,0
2020-04-10,San Benito,069,2,1,1,0
2020-04-11,San Benito,069,2,2,0,0
2020-04-12,San Benito,069,0,0,0,0
2020-04-13,San Benito,069,1,1,0,0
2020-04-14,San Benito,069,1,1,0,0
2020-04-15,San Benito,069,1,0,0,0
2020-04-16,San Benito,069,1,0,0,0
2020-04-17,San Benito,069,1,0,0,0
2020-04-18,San Benito,069,0,0,0,0
2020-04-19,San Benito,069,0,0,0,0
2020-04-20,San Benito,069,0,0,0,0
2020-04-21,San Benito,069,1,0,0,0
2020-04-22,San Benito,069,0,0,0,0
2020-04-23,San Benito,069,0,0,0,0
2020-04-24,San Benito,069,0,0,0,0
2020-04-25,San Benito,069,0,0,0,0
2020-04-26,San Benito,069,0,0,0,0
2020-04-01,San Bernardino,071,95,196,39,52
2020-04-02,San Bernardino,071,126,185,50,45
2020-04-03,San Bernardino,071,118,204,44,53
2020-04-04,San Bernardino,071,138,254,51,66
2020-04-05,San Bernardino,071,146,240,59,54
2020-04-06,San Bernardino,071,148,185,60,43
2020-04-07,San Bernardino,071,146,178,54,49
2020-04-08,San Bernardino,071,132,301,51,53
2020-04-09,San Bernardino,071,136,269,56,41
2020-04-10,San Bernardino,071,156,295,66,58
2020-04-11,San Bernardino,071,153,213,57,42
2020-04-12,San Bernardino,071,157,172,63,36
2020-04-13,San Bernardino,071,167,155,60,24
2020-04-14,San Bernardino,071,166,149,59,43
2020-04-15,San Bernardino,071,149,109,65,39
2020-04-16,San Bernardino,071,164,124,60,25
2020-04-17,San Bernardino,071,165,123,62,29
2020-04-18,San Bernardino,071,161,108,61,22
2020-04-19,San Bernardino,071,158,97,62,17
2020-04-20,San Bernardino,071,152,200,60,28
2020-04-21,San Bernardino,071,153,204,51,36
2020-04-22,San Bernardino,071,149,201,54,32
2020-04-23,San Bernardino,071,146,94,54,19
2020-04-24,San Bernardino,071,152,101,57,16
2020-04-25,San Bernardino,071,147,101,53,14
2020-04-26,San Bernardino,071,146,83,50,20
2020-04-01,San Diego,073,168,340,71,32
2020-04-02,San Diego,073,144,343,69,35
2020-04-03,San Diego,073,171,308,84,28
2020-04-04,San Diego,073,177,218,86,19
2020-04-05,San Diego,073,179,220,89,31
2020-04-06,San Diego,073,187,224,83,25
2020-04-07,San Diego,073,203,124,87,29
2020-04-08,San Diego,073,225,103,92,24
2020-04-09,San Diego,073,227,124,98,18
2020-04-10,San Diego,073,230,124,96,14
2020-04-11,San Diego,073,239,118,98,23
2020-04-12,San Diego,073,244,108,99,19
2020-04-13,San Diego,073,243,107,101,24
2020-04-14,San Diego,073,243,109,101,22
2020-04-15,San Diego,073,236,112,98,23
2020-04-16,San Diego,073,231,111,94,19
2020-04-17,San Diego,073,232,111,92,21
2020-04-18,San Diego,073,223,97,90,18
2020-04-19,San Diego,073,226,94,92,26
2020-04-20,San Diego,073,238,76,95,13
2020-04-21,San Diego,073,221,84,98,21
2020-04-22,San Diego,073,241,77,104,21
2020-04-23,San Diego,073,253,65,105,12
2020-04-24,San Diego,073,257,78,107,13
2020-04-25,San Diego,073,268,96,110,19
2020-04-26,San Diego,073,273,90,114,21
2020-04-01,San Francisco,075,67,66,30,8
2020-04-02,San Francisco,075,75,60,32,11
2020-04-03,San Francisco,075,80,71,39,8
2020-04-04,San Francisco,075,80,65,37,7
2020-04-05,San Francisco,075,79,68,37,11
2020-04-06,San Francisco,075,80,71,34,9
2020-04-07,San Francisco,075,88,116,36,9
2020-04-08,San Francisco,075,90,116,36,17
2020-04-09,San Francisco,075,88,64,33,13
2020-04-10,San Francisco,075,85,46,32,12
2020-04-11,San Francisco,075,82,51,28,13
2020-04-12,San Francisco,075,92,44,30,7
2020-04-13,San Francisco,075,89,48,30,9
2020-04-14,San Francisco,075,87,53,28,5
2020-04-15,San Francisco,075,87,84,25,7
2020-04-16,San Francisco,075,84,35,31,9
2020-04-17,San Francisco,075,79,36,28,8
2020-04-18,San Francisco,075,74,29,27,7
2020-04-19,San Francisco,075,73,34,27,10
2020-04-20,San Francisco,075,79,27,27,7
2020-04-21,San Francisco,075,76,45,25,9
2020-04-22,San Francisco,075,75,17,28,3
2020-04-23,San Francisco,075,75,29,31,6
2020-04-24,San Francisco,075,75,19,30,5
2020-04-25,San Francisco,075,73,18,29,3
2020-04-26,San Francisco,075,79,21,31,3
2020-04-01,San Joaquin,077,25,35,16,11
2020-04-02,San Joaquin,077,42,42,20,7
2020-04-03,San Joaquin,077,41,38,18,8
2020-04-04,San Joaquin,077,43,30,16,7
2020-04-05,San Joaquin,077,46,24,17,4
2020-04-06,San Joaquin,077,31,32,14,3
2020-04-07,San Joaquin,077,31,33,14,4
2020-04-08,San Joaquin,077,32,19,11,8
2020-04-09,San Joaquin,077,29,18,12,7
2020-04-10,San Joaquin,077,26,17,14,5
2020-04-11,San Joaquin,077,23,14,14,5
2020-04-12,San Joaquin,077,25,21,10,6
2020-04-13,San Joaquin,077,26,16,12,8
2020-04-14,San Joaquin,077,22,10,12,1
2020-04-15,San Joaquin,077,21,21,10,3
2020-04-16,San Joaquin,077,21,16,11,2
2020-04-17,San Joaquin,077,23,23,10,3
2020-04-18,San Joaquin,077,23,27,11,4
2020-04-19,San Joaquin,077,23,16,12,2
2020-04-20,San Joaquin,077,30,23,16,4
2020-04-21,San Joaquin,077,27,24,16,5
2020-04-22,San Joaquin,077,29,28,14,4
2020-04-23,San Joaquin,077,31,34,15,6
2020-04-24,San Joaquin,077,29,20,12,4
2020-04-25,San Joaquin,077,27,20,12,5
2020-04-26,San Joaquin,077,24,19,9,4
2020-04-01,San Luis Obispo,079,8,10,5,6
2020-04-02,San Luis Obispo,079,5,5,4,4
2020-04-03,San Luis Obispo,079,4,5,3,2
2020-04-04,San Luis Obispo,079,4,6,3,3
2020-04-05,San Luis Obispo,079,2,11,2,9
2020-04-06,San Luis Obispo,079,2,3,2,2
2020-04-07,San Luis Obispo,079,2,5,2,4
2020-04-08,San Luis Obispo,079,2,13,2,11
2020-04-09,San Luis Obispo,079,2,10,2,8
2020-04-10,San Luis Obispo,079,2,3,2,3
2020-04-11,San Luis Obispo,079,2,10,2,5
2020-04-12,San Luis Obispo,079,2,8,2,4
2020-04-13,San Luis Obispo,079,2,5,2,2
2020-04-14,San Luis Obispo,079,3,15,2,6
2020-04-15,San Luis Obispo,079,2,6,2,4
2020-04-16,San Luis Obispo,079,3,11,3,0
2020-04-17,San Luis Obispo,079,3,11,3,2
2020-04-18,San Luis Obispo,079,3,12,3,2
2020-04-19,San Luis Obispo,079,2,7,2,1
2020-04-20,San Luis Obispo,079,2,3,2,0
2020-04-21,San Luis Obispo,079,1,5,1,3
2020-04-22,San Luis Obispo,079,1,7,1,3
2020-04-23,San Luis Obispo,079,1,4,1,1
2020-04-24,San Luis Obispo,079,1,8,1,5
2020-04-25,San Luis Obispo,079,1,4,1,1
2020-04-26,San Luis Obispo,079,1,3,1,2
2020-04-01,San Mateo,081,57,35,19,9
2020-04-02,San Mateo,081,62,40,26,4
2020-04-03,San Mateo,081,65,39,26,4
2020-04-04,San Mateo,081,66,19,25,6
2020-04-05,San Mateo,081,69,15,24,6
2020-04-06,San Mateo,081,68,20,25,5
2020-04-07,San Mateo,081,63,13,26,2
2020-04-08,San Mateo,081,66,20,25,2
2020-04-09,San Mateo,081,58,14,18,2
2020-04-10,San Mateo,081,56,12,18,3
2020-04-11,San Mateo,081,54,15,18,2
2020-04-12,San Mateo,081,46,31,16,2
2020-04-13,San Mateo,081,57,19,18,4
2020-04-14,San Mateo,081,55,12,19,4
2020-04-15,San Mateo,081,53,18,14,4
2020-04-16,San Mateo,081,54,18,13,3
2020-04-17,San Mateo,081,51,16,16,1
2020-04-18,San Mateo,081,49,12,16,0
2020-04-19,San Mateo,081,53,6,18,0
2020-04-20,San Mateo,081,56,16,18,4
2020-04-21,San Mateo,081,53,14,19,2
2020-04-22,San Mateo,081,50,17,15,2
2020-04-23,San Mateo,081,53,19,16,1
2020-04-24,San Mateo,081,49,16,16,4
2020-04-25,San Mateo,081,47,27,15,11
2020-04-26,San Mateo,081,53,10,18,2
2020-04-01,Santa Barbara,083,23,23,15,6
2020-04-02,Santa Barbara,083,26,44,18,10
2020-04-03,Santa Barbara,083,27,29,18,4
2020-04-04,Santa Barbara,083,28,34,18,2
2020-04-05,Santa Barbara,083,31,26,18,2
2020-04-06,Santa Barbara,083,34,26,19,5
2020-04-07,Santa Barbara,083,41,8,23,1
2020-04-08,Santa Barbara,083,42,18,19,1
2020-04-09,Santa Barbara,083,40,18,20,2
2020-04-10,Santa Barbara,083,42,13,19,1
2020-04-11,Santa Barbara,083,40,16,21,4
2020-04-12,Santa Barbara,083,42,7,21,1
2020-04-13,Santa Barbara,083,42,7,21,2
2020-04-14,Santa Barbara,083,42,8,19,1
2020-04-15,Santa Barbara,083,37,7,17,2
2020-04-16,Santa Barbara,083,37,4,16,0
2020-04-17,Santa Barbara,083,36,6,16,0
2020-04-18,Santa Barbara,083,31,9,15,4
2020-04-19,Santa Barbara,083,29,7,16,1
2020-04-20,Santa Barbara,083,30,9,20,2
2020-04-21,Santa Barbara,083,26,8,13,5
2020-04-22,Santa Barbara,083,25,9,13,3
2020-04-23,Santa Barbara,083,24,16,13,4
2020-04-24,Santa Barbara,083,21,11,12,5
2020-04-25,Santa Barbara,083,23,12,16,4
2020-04-26,Santa Barbara,083,24,13,12,4
2020-04-01,Santa Clara,085,160,85,77,15
2020-04-02,Santa Clara,085,163,101,69,19
2020-04-03,Santa Clara,085,164,83,71,17
2020-04-04,Santa Clara,085,159,79,72,19
2020-04-05,Santa Clara,085,166,69,68,18
2020-04-06,Santa Clara,085,181,49,79,10
2020-04-07,Santa Clara,085,187,47,77,7
2020-04-08,Santa Clara,085,156,34,70,6
2020-04-09,Santa Clara,085,158,65,70,17
2020-04-10,Santa Clara,085,151,44,67,5
2020-04-11,Santa Clara,085,146,61,66,8
2020-04-12,Santa Clara,085,145,51,66,8
2020-04-13,Santa Clara,085,151,66,65,11
2020-04-14,Santa Clara,085,144,47,66,5
2020-04-15,Santa Clara,085,144,42,65,6
2020-04-16,Santa Clara,085,134,48,69,8
2020-04-17,Santa Clara,085,140,60,71,11
2020-04-18,Santa Clara,085,137,52,67,13
2020-04-19,Santa Clara,085,143,32,67,5
2020-04-20,Santa Clara,085,149,42,68,8
2020-04-21,Santa Clara,085,144,34,70,16
2020-04-22,Santa Clara,085,137,39,68,9
2020-04-23,Santa Clara,085,137,28,67,5
2020-04-24,Santa Clara,085,129,34,60,5
2020-04-25,Santa Clara,085,125,47,62,15
2020-04-26,Santa Clara,085,118,64,60,17
2020-04-01,Santa Cruz,087,2,12,2,2
2020-04-02,Santa Cruz,087,4,4,3,0
2020-04-03,Santa Cruz,087,4,8,3,0
2020-04-04,Santa Cruz,087,4,6,3,0
2020-04-05,Santa Cruz,087,5,12,4,4
2020-04-06,Santa Cruz,087,5,9,4,2
2020-04-07,Santa Cruz,087,4,4,4,3
2020-04-08,Santa Cruz,087,4,9,3,4
2020-04-09,Santa Cruz,087,4,14,2,5
2020-04-10,Santa Cruz,087,4,11,3,5
2020-04-11,Santa Cruz,087,4,14,3,6
2020-04-12,Santa Cruz,087,4,15,3,6
2020-04-13,Santa Cruz,087,4,8,3,2
2020-04-14,Santa Cruz,087,4,4,3,0
2020-04-15,Santa Cruz,087,4,2,3,2
2020-04-16,Santa Cruz,087,4,3,3,1
2020-04-17,Santa Cruz,087,2,3,1,2
2020-04-18,Santa Cruz,087,2,2,1,1
2020-04-19,Santa Cruz,087,2,3,1,0
2020-04-20,Santa Cruz,087,3,1,1,0
2020-04-21,Santa Cruz,087,3,2,1,0
2020-04-22,Santa Cruz,087,3,4,1,1
2020-04-23,Santa Cruz,087,3,3,1,0
2020-04-24,Santa Cruz,087,4,1,2,0
2020-04-25,Santa Cruz,087,4,4,2,3
2020-04-26,Santa Cruz,087,4,1,2,0
2020-04-01,Shasta,089,1,4,0,1
2020-04-02,Shasta,089,2,4,1,0
2020-04-03,Shasta,089,2,9,1,3
2020-04-04,Shasta,089,2,10,4,0
2020-04-05,Shasta,089,8,11,4,0
2020-04-06,Shasta,089,6,3,2,2
2020-04-07,Shasta,089,5,8,2,3
2020-04-08,Shasta,089,4,5,2,2
2020-04-09,Shasta,089,5,7,2,1
2020-04-10,Shasta,089,5,7,2,1
2020-04-11,Shasta,089,5,3,2,0
2020-04-12,Shasta,089,4,3,2,0
2020-04-13,Shasta,089,3,0,2,0
2020-04-14,Shasta,089,1,4,1,2
2020-04-15,Shasta,089,1,1,1,0
2020-04-16,Shasta,089,1,0,1,0
2020-04-17,Shasta,089,1,0,1,0
2020-04-18,Shasta,089,1,1,1,0
2020-04-19,Shasta,089,1,0,1,0
2020-04-20,Shasta,089,1,0,1,0
2020-04-21,Shasta,089,1,0,1,0
2020-04-22,Shasta,089,1,0,1,0
2020-04-23,Shasta,089,1,0,1,0
2020-04-24,Shasta,089,1,0,1,0
2020-04-25,Shasta,089,1,0,1,0
2020-04-26,Shasta,089,1,0,1,0
2020-04-01,Sierra,091,,,,
2020-04-02,Sierra,091,,,,
2020-04-03,Sierra,091,,,,
2020-04-04,Sierra,091,,,,
2020-04-05,Sierra,091,,,,
2020-04-06,Sierra,091,,,,
2020-04-07,Sierra,091,,,,
2020-04-08,Sierra,091,,,,
2020-04-09,Sierra,091,0,0,0,0
2020-04-10,Sierra,091,0,0,0,0
2020-04-11,Sierra,091,0,0,0,0
2020-04-12,Sierra,091,0,0,0,0
2020-04-13,Sierra,091,0,0,0,0
2020-04-14,Sierra,091,0,0,0,0
2020-04-15,Sierra,091,0,0,0,0
2020-04-16,Sierra,091,0,0,0,0
2020-04-17,Sierra,091,0,0,0,0
2020-04-18,Sierra,091,0,0,0,0
2020-04-19,Sierra,091,0,0,0,0
2020-04-20,Sierra,091,0,0,0,0
2020-04-21,Sierra,091,0,0,0,0
2020-04-22,Sierra,091,0,0,0,0
2020-04-23,Sierra,091,0,0,0,0
2020-04-24,Sierra,091,0,0,0,0
2020-04-25,Sierra,091,0,0,0,0
2020-04-26,Sierra,091,0,0,0,0
2020-04-01,Siskiyou,093,0,5,0,2
2020-04-02,Siskiyou,093,0,3,0,2
2020-04-03,Siskiyou,093,0,3,0,1
2020-04-04,Siskiyou,093,0,2,0,1
2020-04-05,Siskiyou,093,0,2,0,2
2020-04-06,Siskiyou,093,0,0,0,0
2020-04-07,Siskiyou,093,0,1,0,1
2020-04-08,Siskiyou,093,0,3,0,1
2020-04-09,Siskiyou,093,0,2,0,0
2020-04-10,Siskiyou,093,0,0,0,0
2020-04-11,Siskiyou,093,0,0,0,0
2020-04-12,Siskiyou,093,0,0,0,0
2020-04-13,Siskiyou,093,0,2,0,2
2020-04-14,Siskiyou,093,0,0,0,0
2020-04-15,Siskiyou,093,2,0,0,2
2020-04-16,Siskiyou,093,0,2,0,1
2020-04-17,Siskiyou,093,0,3,0,0
2020-04-18,Siskiyou,093,0,1,0,1
2020-04-19,Siskiyou,093,0,1,0,1
2020-04-20,Siskiyou,093,0,1,0,1
2020-04-21,Siskiyou,093,0,1,0,1
2020-04-22,Siskiyou,093,0,1,0,1
2020-04-23,Siskiyou,093,0,1,0,1
2020-04-24,Siskiyou,093,0,0,0,0
2020-04-25,Siskiyou,093,0,1,0,0
2020-04-26,Siskiyou,093,0,0,0,0
2020-04-01,Solano,095,14,18,5,2
2020-04-02,Solano,095,15,8,7,1
2020-04-03,Solano,095,16,21,7,5
2020-04-04,Solano,095,16,19,7,2
2020-04-05,Solano,095,15,17,6,24
2020-04-06,Solano,095,15,21,6,6
2020-04-07,Solano,095,14,24,7,6
2020-04-08,Solano,095,15,19,8,2
2020-04-09,Solano,095,14,9,8,0
2020-04-10,Solano,095,18,9,9,3
2020-04-11,Solano,095,13,16,9,4
2020-04-12,Solano,095,13,19,7,10
2020-04-13,Solano,095,13,13,7,5
2020-04-14,Solano,095,12,25,6,4
2020-04-15,Solano,095,9,14,6,4
2020-04-16,Solano,095,9,15,6,4
2020-04-17,Solano,095,10,11,5,1
2020-04-18,Solano,095,9,11,6,1
2020-04-19,Solano,095,11,10,6,3
2020-04-20,Solano,095,10,11,6,3
2020-04-21,Solano,095,6,17,2,0
2020-04-22,Solano,095,10,18,2,2
2020-04-23,Solano,095,11,15,5,4
2020-04-24,Solano,095,10,16,4,3
2020-04-25,Solano,095,10,16,3,4
2020-04-26,Solano,095,8,14,3,1
2020-04-01,Sonoma,097,5,18,1,2
2020-04-02,Sonoma,097,8,18,1,0
2020-04-03,Sonoma,097,6,24,2,3
2020-04-04,Sonoma,097,7,16,2,6
2020-04-05,Sonoma,097,6,21,2,6
2020-04-06,Sonoma,097,6,18,2,4
2020-04-07,Sonoma,097,6,28,2,6
2020-04-08,Sonoma,097,6,22,2,5
2020-04-09,Sonoma,097,5,21,2,4
2020-04-10,Sonoma,097,4,18,1,6
2020-04-11,Sonoma,097,3,19,1,4
2020-04-12,Sonoma,097,3,11,1,3
2020-04-13,Sonoma,097,3,14,1,3
2020-04-14,Sonoma,097,3,9,1,3
2020-04-15,Sonoma,097,3,13,1,7
2020-04-16,Sonoma,097,3,10,1,3
2020-04-17,Sonoma,097,2,6,1,3
2020-04-18,Sonoma,097,2,4,1,1
2020-04-19,Sonoma,097,2,8,0,2
2020-04-20,Sonoma,097,2,12,0,6
2020-04-21,Sonoma,097,2,17,0,6
2020-04-22,Sonoma,097,3,16,0,7
2020-04-23,Sonoma,097,3,17,0,5
2020-04-24,Sonoma,097,3,20,0,3
2020-04-25,Sonoma,097,3,9,0,0
2020-04-26,Sonoma,097,1,9,0,1
2020-04-01,Stanislaus,099,25,39,10,6
2020-04-02,Stanislaus,099,30,43,11,7
2020-04-03,Stanislaus,099,28,45,12,8
2020-04-04,Stanislaus,099,30,45,12,9
2020-04-05,Stanislaus,099,30,25,14,5
2020-04-06,Stanislaus,099,28,28,12,4
2020-04-07,Stanislaus,099,28,40,13,9
2020-04-08,Stanislaus,099,30,35,11,5
2020-04-09,Stanislaus,099,28,30,11,7
2020-04-10,Stanislaus,099,27,17,11,3
2020-04-11,Stanislaus,099,23,19,8,4
2020-04-12,Stanislaus,099,19,19,8,3
2020-04-13,Stanislaus,099,21,22,9,5
2020-04-14,Stanislaus,099,18,25,9,7
2020-04-15,Stanislaus,099,19,17,7,4
2020-04-16,Stanislaus,099,18,19,6,3
2020-04-17,Stanislaus,099,15,17,7,2
2020-04-18,Stanislaus,099,14,23,5,1
2020-04-19,Stanislaus,099,13,16,5,3
2020-04-20,Stanislaus,099,13,18,5,6
2020-04-21,Stanislaus,099,11,20,4,7
2020-04-22,Stanislaus,099,13,20,5,6
2020-04-23,Stanislaus,099,14,17,6,2
2020-04-24,Stanislaus,099,12,15,6,2
2020-04-25,Stanislaus,099,21,23,5,1
2020-04-26,Stanislaus,099,28,19,7,4
2020-04-01,Sutter,101,0,0,0,0
2020-04-02,Sutter,101,0,0,,
2020-04-03,Sutter,101,0,0,,
2020-04-04,Sutter,101,0,0,,
2020-04-05,Sutter,101,0,0,0,0
2020-04-06,Sutter,101,0,0,,
2020-04-07,Sutter,101,0,0,,
2020-04-08,Sutter,101,0,0,,
2020-04-09,Sutter,101,0,0,0,0
2020-04-10,Sutter,101,0,0,0,0
2020-04-11,Sutter,101,0,0,0,0
2020-04-12,Sutter,101,0,0,0,0
2020-04-13,Sutter,101,0,0,0,0
2020-04-14,Sutter,101,0,0,0,0
2020-04-15,Sutter,101,0,0,0,0
2020-04-16,Sutter,101,0,0,0,0
2020-04-17,Sutter,101,0,0,0,0
2020-04-18,Sutter,101,0,0,0,0
2020-04-19,Sutter,101,0,0,0,0
2020-04-20,Sutter,101,0,0,0,0
2020-04-21,Sutter,101,0,0,0,0
2020-04-22,Sutter,101,0,0,0,0
2020-04-23,Sutter,101,0,0,0,0
2020-04-24,Sutter,101,0,0,0,0
2020-04-25,Sutter,101,0,0,0,0
2020-04-26,Sutter,101,0,0,0,0
2020-04-01,Tehama,103,0,1,0,1
2020-04-02,Tehama,103,0,1,0,1
2020-04-03,Tehama,103,0,0,0,0
2020-04-04,Tehama,103,0,1,0,0
2020-04-05,Tehama,103,0,1,0,0
2020-04-06,Tehama,103,0,0,0,0
2020-04-07,Tehama,103,0,1,0,0
2020-04-08,Tehama,103,0,2,0,0
2020-04-09,Tehama,103,0,1,0,1
2020-04-10,Tehama,103,0,1,0,0
2020-04-11,Tehama,103,0,0,0,0
2020-04-12,Tehama,103,0,3,0,0
2020-04-13,Tehama,103,0,0,0,0
2020-04-14,Tehama,103,0,0,0,0
2020-04-15,Tehama,103,0,0,0,0
2020-04-16,Tehama,103,0,1,0,0
2020-04-17,Tehama,103,0,0,0,0
2020-04-18,Tehama,103,0,0,0,0
2020-04-19,Tehama,103,0,0,0,0
2020-04-20,Tehama,103,0,0,0,0
2020-04-21,Tehama,103,0,0,0,0
2020-04-22,Tehama,103,0,0,0,0
2020-04-23,Tehama,103,0,0,0,0
2020-04-24,Tehama,103,0,1,0,1
2020-04-25,Tehama,103,0,1,0,1
2020-04-26,Tehama,103,0,0,0,0
2020-04-01,Trinity,105,0,0,0,0
2020-04-02,Trinity,105,0,0,0,0
2020-04-03,Trinity,105,0,0,0,0
2020-04-04,Trinity,105,0,0,0,0
2020-04-05,Trinity,105,0,0,0,0
2020-04-06,Trinity,105,0,0,0,0
2020-04-07,Trinity,105,0,0,0,0
2020-04-08,Trinity,105,0,0,0,0
2020-04-09,Trinity,105,0,0,0,0
2020-04-10,Trinity,105,0,0,0,0
2020-04-11,Trinity,105,0,0,0,0
2020-04-12,Trinity,105,0,0,0,0
2020-04-13,Trinity,105,0,0,0,0
2020-04-14,Trinity,105,0,0,0,0
2020-04-15,Trinity,105,0,0,0,0
2020-04-16,Trinity,105,0,0,0,0
2020-04-17,Trinity,105,0,0,0,0
2020-04-18,Trinity,105,0,0,0,0
2020-04-19,Trinity,105,0,0,0,0
2020-04-20,Trinity,105,0,0,0,0
2020-04-21,Trinity,105,0,0,0,0
2020-04-22,Trinity,105,0,0,0,0
2020-04-23,Trinity,105,0,0,0,0
2020-04-24,Trinity,105,0,0,0,0
2020-04-25,Trinity,105,0,0,0,0
2020-04-26,Trinity,105,0,0,0,0
2020-04-01,Tulare,107,4,12,3,4
2020-04-02,Tulare,107,4,26,4,5
2020-04-03,Tulare,107,6,15,5,2
2020-04-04,Tulare,107,8,20,5,1
2020-04-05,Tulare,107,4,20,8,2
2020-04-06,Tulare,107,12,24,8,3
2020-04-07,Tulare,107,8,23,5,6
2020-04-08,Tulare,107,7,16,2,5
2020-04-09,Tulare,107,10,11,5,4
2020-04-10,Tulare,107,11,10,6,1
2020-04-11,Tulare,107,12,3,4,2
2020-04-12,Tulare,107,15,4,6,1
2020-04-13,Tulare,107,14,3,6,0
2020-04-14,Tulare,107,15,5,6,0
2020-04-15,Tulare,107,18,3,7,0
2020-04-16,Tulare,107,22,5,8,1
2020-04-17,Tulare,107,23,5,7,1
2020-04-18,Tulare,107,27,0,9,0
2020-04-19,Tulare,107,27,0,9,0
2020-04-20,Tulare,107,27,0,9,0
2020-04-21,Tulare,107,27,0,9,0
2020-04-22,Tulare,107,27,0,9,0
2020-04-23,Tulare,107,30,1,11,0
2020-04-24,Tulare,107,33,0,11,0
2020-04-25,Tulare,107,26,0,7,0
2020-04-26,Tulare,107,26,0,8,0
2020-04-01,Tuolumne,109,0,0,0,0
2020-04-02,Tuolumne,109,0,0,0,0
2020-04-03,Tuolumne,109,0,0,0,0
2020-04-04,Tuolumne,109,0,1,0,1
2020-04-05,Tuolumne,109,0,0,0,0
2020-04-06,Tuolumne,109,0,0,0,0
2020-04-07,Tuolumne,109,0,0,0,0
2020-04-08,Tuolumne,109,0,0,0,0
2020-04-09,Tuolumne,109,0,0,0,0
2020-04-10,Tuolumne,109,0,0,0,1
2020-04-11,Tuolumne,109,0,2,0,0
2020-04-12,Tuolumne,109,0,0,0,0
2020-04-13,Tuolumne,109,0,0,0,0
2020-04-14,Tuolumne,109,0,0,0,0
2020-04-15,Tuolumne,109,0,0,0,0
2020-04-16,Tuolumne,109,0,0,0,0
2020-04-17,Tuolumne,109,0,0,0,0
2020-04-18,Tuolumne,109,0,0,0,0
2020-04-19,Tuolumne,109,0,0,0,0
2020-04-20,Tuolumne,109,0,0,0,0
2020-04-21,Tuolumne,109,0,0,0,0
2020-04-22,Tuolumne,109,0,1,0,0
2020-04-23,Tuolumne,109,0,0,0,0
2020-04-24,Tuolumne,109,0,0,0,0
2020-04-25,Tuolumne,109,0,0,0,0
2020-04-26,Tuolumne,109,0,0,0,0
2020-04-01,Unassigned,,,,,
2020-04-02,Unassigned,,,,,
2020-04-03,Unassigned,,,,,
2020-04-04,Unassigned,,,,,
2020-04-05,Unassigned,,,,,
2020-04-06,Unassigned,,,,,
2020-04-07,Unassigned,,,,,
2020-04-08,Unassigned,,,,,
2020-04-09,Unassigned,,0,0,0,0
2020-04-10,Unassigned,,0,0,0,0
2020-04-11,Unassigned,,0,0,0,0
2020-04-12,Unassigned,,0,0,0,0
2020-04-13,Unassigned,,0,0,0,0
2020-04-14,Unassigned,,0,0,0,0
2020-04-15,Unassigned,,0,0,0,0
2020-04-16,Unassigned,,0,0,0,0
2020-04-17,Unassigned,,0,0,0,0
2020-04-18,Unassigned,,0,0,0,0
2020-04-19,Unassigned,,0,0,0,0
2020-04-20,Unassigned,,0,0,0,0
2020-04-21,Unassigned,,0,0,0,0
2020-04-22,Unassigned,,0,0,0,0
2020-04-23,Unassigned,,0,0,0,0
2020-04-24,Unassigned,,0,0,0,0
2020-04-25,Unassigned,,0,0,0,0
2020-04-26,Unassigned,,0,0,0,0
2020-04-01,Ventura,111,22,96,5,23
2020-04-02,Ventura,111,27,111,7,24
2020-04-03,Ventura,111,22,116,6,28
2020-04-04,Ventura,111,21,127,7,25
2020-04-05,Ventura,111,21,128,7,28
2020-04-06,Ventura,111,22,106,9,20
2020-04-07,Ventura,111,22,68,9,20
2020-04-08,Ventura,111,18,73,9,14
2020-04-09,Ventura,111,18,69,8,13
2020-04-10,Ventura,111,19,76,8,13
2020-04-11,Ventura,111,22,58,9,11
2020-04-12,Ventura,111,21,65,8,8
2020-04-13,Ventura,111,21,56,9,9
2020-04-14,Ventura,111,24,35,9,7
2020-04-15,Ventura,111,25,57,8,16
2020-04-16,Ventura,111,24,52,7,10
2020-04-17,Ventura,111,23,33,8,11
2020-04-18,Ventura,111,25,28,9,5
2020-04-19,Ventura,111,26,26,9,4
2020-04-20,Ventura,111,29,18,8,2
2020-04-21,Ventura,111,28,28,9,10
2020-04-22,Ventura,111,27,30,8,9
2020-04-23,Ventura,111,25,24,10,5
2020-04-24,Ventura,111,24,63,6,3
2020-04-25,Ventura,111,27,71,6,9
2020-04-26,Ventura,111,27,73,6,3
2020-04-01,Yolo,113,3,3,1,1
2020-04-02,Yolo,113,3,2,2,3
2020-04-03,Yolo,113,2,7,3,6
2020-04-04,Yolo,113,4,5,3,3
2020-04-05,Yolo,113,3,6,3,3
2020-04-06,Yolo,113,4,0,3,4
2020-04-07,Yolo,113,2,3,2,1
2020-04-08,Yolo,113,2,7,1,2
2020-04-09,Yolo,113,2,4,1,2
2020-04-10,Yolo,113,3,2,1,1
2020-04-11,Yolo,113,3,4,1,0
2020-04-12,Yolo,113,4,4,2,0
2020-04-13,Yolo,113,4,0,2,0
2020-04-14,Yolo,113,3,0,2,0
2020-04-15,Yolo,113,2,1,2,0
2020-04-16,Yolo,113,2,1,1,0
2020-04-17,Yolo,113,4,0,1,0
2020-04-18,Yolo,113,4,0,1,0
2020-04-19,Yolo,113,6,0,0,0
2020-04-20,Yolo,113,5,1,0,0
2020-04-21,Yolo,113,5,2,1,0
2020-04-22,Yolo,113,4,0,1,0
2020-04-23,Yolo,113,4,0,1,0
2020-04-24,Yolo,113,4,0,1,0
2020-04-25,Yolo,113,5,0,1,0
2020-04-26,Yolo,113,1,1,1,1
2020-04-01,Yuba,115,2,24,2,4
2020-04-02,Yuba,115,2,25,2,6
2020-04-03,Yuba,115,2,12,2,2
2020-04-04,Yuba,115,2,16,2,2
2020-04-05,Yuba,115,1,14,1,1
2020-04-06,Yuba,115,1,19,1,3
2020-04-07,Yuba,115,2,25,1,5
2020-04-08,Yuba,115,2,24,1,3
2020-04-09,Yuba,115,3,18,2,4
2020-04-10,Yuba,115,2,8,1,0
2020-04-11,Yuba,115,2,2,2,0
2020-04-12,Yuba,115,1,0,1,0
2020-04-13,Yuba,115,1,2,0,0
2020-04-14,Yuba,115,1,1,0,1
2020-04-15,Yuba,115,0,2,0,2
2020-04-16,Yuba,115,0,2,0,2
2020-04-17,Yuba,115,0,5,0,4
2020-04-18,Yuba,115,0,3,0,2
2020-04-19,Yuba,115,0,2,0,2
2020-04-20,Yuba,115,0,1,0,1
2020-04-21,Yuba,115,0,0,0,0
2020-04-22,Yuba,115,0,0,0,0
2020-04-23,Yuba,115,0,2,0,2
2020-04-24,Yuba,115,0,2,0,2
2020-04-25,Yuba,115,0,2,0,2
2020-04-26,Yuba,115,0,2,0,1
