county,fips,date,age_group,partially_vaccinated,at_least_one_dose,fully_vaccinated,population_total,population_12_and_up,partially_vaccinated_percent,partially_vaccinated_percent_12_and_up,at_least_one_dose_percent,at_least_one_dose_percent_12_and_up,fully_vaccinated_percent,fully_vaccinated_percent_12_and_up
Alameda,001,2022-12-20,12-17,5932.0,108708.0,102776.0,120945,120945,0.0490470875191202,0.0490470875191202,0.898821778494357,0.898821778494357,0.8497746909752367,0.8497746909752367
Alameda,001,2022-12-20,18-49,59914.0,726645.0,666731.0,754988,754988,0.0793575527028244,0.0793575527028244,0.9624590059709558,0.9624590059709558,0.8831014532681314,0.8831014532681314
Alameda,001,2022-12-20,5-11,5966.0,95792.0,89826.0,131469,0,0.0453795191261818,0.999,0.7286280415915539,0.999,0.683248522465372,0.999
Alameda,001,2022-12-20,50-64,19298.0,303686.0,284388.0,317128,317128,0.0608524002926263,0.0608524002926263,0.9576133296334604,0.9576133296334604,0.896760929340834,0.896760929340834
Alameda,001,2022-12-20,65+,17162.0,260022.0,242860.0,265863,265863,0.0645520437217664,0.0645520437217664,0.9780300380271042,0.9780300380271042,0.9134779943053376,0.9134779943053376
Alameda,001,2022-12-20,Under 5,9736.0,28149.0,18413.0,87941,0,0.1107105900546957,0.999,0.320089605530981,0.999,0.2093790154762852,0.999
Alpine,002,2022-12-20,12-17,,,,84,84,,,,,,
Alpine,002,2022-12-20,18-49,33.0,254.0,221.0,353,353,0.093484419263456,0.093484419263456,0.7195467422096318,0.7195467422096318,0.6260623229461756,0.6260623229461756
Alpine,002,2022-12-20,5-11,,,,35,0,,,,,,
Alpine,002,2022-12-20,50-64,17.0,186.0,169.0,287,287,0.0592334494773519,0.0592334494773519,0.6480836236933798,0.6480836236933798,0.5888501742160279,0.5888501742160279
Alpine,002,2022-12-20,65+,17.0,242.0,225.0,327,327,0.0519877675840978,0.0519877675840978,0.7400611620795107,0.7400611620795107,0.6880733944954128,0.6880733944954128
Alpine,002,2022-12-20,Under 5,,,,47,0,,,,,,
Amador,005,2022-12-20,12-17,76.0,938.0,862.0,2028,2028,0.0374753451676528,0.0374753451676528,0.4625246548323471,0.4625246548323471,0.4250493096646943,0.4250493096646943
Amador,005,2022-12-20,18-49,579.0,6629.0,6050.0,13320,13320,0.0434684684684684,0.0434684684684684,0.4976726726726727,0.4976726726726727,0.4542042042042042,0.4542042042042042
Amador,005,2022-12-20,5-11,88.0,406.0,318.0,2018,0,0.043607532210109,0.999,0.2011892963330029,0.999,0.1575817641228939,0.999
Amador,005,2022-12-20,50-64,418.0,6062.0,5644.0,7920,7920,0.0527777777777777,0.0527777777777777,0.7654040404040404,0.7654040404040404,0.7126262626262626,0.7126262626262626
Amador,005,2022-12-20,65+,678.0,10146.0,9468.0,11135,11135,0.0608890884598114,0.0608890884598114,0.911180960933992,0.911180960933992,0.8502918724741805,0.8502918724741805
Amador,005,2022-12-20,Under 5,20.0,43.0,23.0,1565,0,0.0127795527156549,0.999,0.0274760383386581,0.999,0.0146964856230031,0.999
Butte,007,2022-12-20,12-17,533.0,7011.0,6478.0,16811,16811,0.0317054309678186,0.0317054309678186,0.4170483611920766,0.4170483611920766,0.3853429302242579,0.3853429302242579
Butte,007,2022-12-20,18-49,5092.0,55691.0,50599.0,104011,104011,0.0489563603849592,0.0489563603849592,0.5354337521992866,0.5354337521992866,0.4864773918143273,0.4864773918143273
Butte,007,2022-12-20,5-11,346.0,3563.0,3217.0,17159,0,0.0201643452415641,0.999,0.2076461332245469,0.999,0.1874817879829826,0.999
Butte,007,2022-12-20,50-64,1981.0,27263.0,25282.0,33746,33746,0.0587032537189592,0.0587032537189592,0.807888342322053,0.807888342322053,0.7491850886030937,0.7491850886030937
Butte,007,2022-12-20,65+,2968.0,35775.0,32807.0,43181,43181,0.0687339339061161,0.0687339339061161,0.8284893819040782,0.8284893819040782,0.759755447997962,0.759755447997962
Butte,007,2022-12-20,Under 5,273.0,526.0,253.0,12002,0,0.0227462089651724,0.999,0.0438260289951674,0.999,0.021079820029995,0.999
Calaveras,009,2022-12-20,12-17,89.0,1013.0,924.0,2599,2599,0.0342439399769141,0.0342439399769141,0.3897652943439784,0.3897652943439784,0.3555213543670643,0.3555213543670643
Calaveras,009,2022-12-20,18-49,695.0,7232.0,6537.0,13612,13612,0.0510578900969732,0.0510578900969732,0.5312959153687923,0.5312959153687923,0.4802380252718189,0.4802380252718189
Calaveras,009,2022-12-20,5-11,74.0,388.0,314.0,2460,0,0.0300813008130081,0.999,0.1577235772357723,0.999,0.1276422764227642,0.999
Calaveras,009,2022-12-20,50-64,451.0,6953.0,6502.0,9488,9488,0.0475337268128161,0.0475337268128161,0.7328204047217538,0.7328204047217538,0.6852866779089376,0.6852866779089376
Calaveras,009,2022-12-20,65+,653.0,11068.0,10415.0,14026,14026,0.0465563952659346,0.0465563952659346,0.7891059461000998,0.7891059461000998,0.7425495508341651,0.7425495508341651
Calaveras,009,2022-12-20,Under 5,12.0,22.0,10.0,1968,0,0.0060975609756097,0.999,0.0111788617886178,0.999,0.0050813008130081,0.999
Colusa,011,2022-12-20,12-17,121.0,1105.0,984.0,2265,2265,0.0534216335540838,0.0534216335540838,0.4878587196467991,0.4878587196467991,0.4344370860927152,0.4344370860927152
Colusa,011,2022-12-20,18-49,610.0,6722.0,6112.0,9455,9455,0.064516129032258,0.064516129032258,0.7109465891062929,0.7109465891062929,0.6464304600740349,0.6464304600740349
Colusa,011,2022-12-20,5-11,69.0,425.0,356.0,2195,0,0.0314350797266514,0.999,0.1936218678815489,0.999,0.1621867881548974,0.999
Colusa,011,2022-12-20,50-64,257.0,3244.0,2987.0,3824,3824,0.0672071129707113,0.0672071129707113,0.8483263598326359,0.8483263598326359,0.7811192468619247,0.7811192468619247
Colusa,011,2022-12-20,65+,205.0,2987.0,2782.0,3626,3626,0.0565361279646993,0.0565361279646993,0.8237727523441809,0.8237727523441809,0.7672366243794815,0.7672366243794815
Colusa,011,2022-12-20,Under 5,5.0,14.0,9.0,1421,0,0.0035186488388458,0.999,0.0098522167487684,0.999,0.0063335679099225,0.999
Contra Costa,013,2022-12-20,12-17,3753.0,83313.0,79560.0,89158,89158,0.0420938109872361,0.0420938109872361,0.9344422261602996,0.9344422261602996,0.8923484151730635,0.8923484151730635
Contra Costa,013,2022-12-20,18-49,29327.0,447689.0,418362.0,472447,472447,0.0620746877427521,0.0620746877427521,0.9475962383082124,0.9475962383082124,0.8855215505654602,0.8855215505654602
Contra Costa,013,2022-12-20,5-11,4039.0,60714.0,56675.0,91375,0,0.0442024623803009,0.999,0.6644487004103967,0.999,0.6202462380300957,0.999
Contra Costa,013,2022-12-20,50-64,10695.0,222013.0,211318.0,238890,238890,0.0447695592113525,0.0447695592113525,0.9293524216166436,0.9293524216166436,0.8845828624052912,0.8845828624052912
Contra Costa,013,2022-12-20,65+,11168.0,207582.0,196414.0,208116,208116,0.0536623805954371,0.0536623805954371,0.997434123277403,0.997434123277403,0.9437717426819658,0.9437717426819658
Contra Costa,013,2022-12-20,Under 5,4760.0,14216.0,9456.0,59521,0,0.0799717746677643,0.999,0.2388400732514574,0.999,0.1588682985836931,0.999
Del Norte,015,2022-12-20,12-17,121.0,805.0,684.0,1911,1911,0.0633176347462061,0.0633176347462061,0.4212454212454212,0.4212454212454212,0.3579277864992151,0.3579277864992151
Del Norte,015,2022-12-20,18-49,737.0,5534.0,4797.0,11404,11404,0.0646264468607506,0.0646264468607506,0.4852683269028411,0.4852683269028411,0.4206418800420905,0.4206418800420905
Del Norte,015,2022-12-20,5-11,68.0,430.0,362.0,2188,0,0.0310786106032906,0.999,0.196526508226691,0.999,0.1654478976234003,0.999
Del Norte,015,2022-12-20,50-64,360.0,3805.0,3445.0,4812,4812,0.0748129675810473,0.0748129675810473,0.7907315045719036,0.7907315045719036,0.7159185369908562,0.7159185369908562
Del Norte,015,2022-12-20,65+,433.0,4708.0,4275.0,5180,5180,0.0835907335907335,0.0835907335907335,0.9088803088803088,0.9088803088803088,0.8252895752895753,0.8252895752895753
Del Norte,015,2022-12-20,Under 5,22.0,48.0,26.0,1345,0,0.01635687732342,0.999,0.0356877323420074,0.999,0.0193308550185873,0.999
El Dorado,017,2022-12-20,12-17,671.0,8076.0,7405.0,14766,14766,0.0454422321549505,0.0454422321549505,0.5469321414059325,0.5469321414059325,0.501489909250982,0.501489909250982
El Dorado,017,2022-12-20,18-49,4909.0,44736.0,39827.0,70153,70153,0.0699756247059997,0.0699756247059997,0.63769190198566,0.63769190198566,0.5677162772796601,0.5677162772796601
El Dorado,017,2022-12-20,5-11,444.0,4209.0,3765.0,12066,0,0.0367976131277971,0.999,0.3488314271506713,0.999,0.3120338140228741,0.999
El Dorado,017,2022-12-20,50-64,2590.0,33397.0,30807.0,39866,39866,0.0649676415993578,0.0649676415993578,0.8377314001906386,0.8377314001906386,0.7727637585912808,0.7727637585912808
El Dorado,017,2022-12-20,65+,2829.0,40190.0,37361.0,43837,43837,0.0645345256290348,0.0645345256290348,0.9168054383283528,0.9168054383283528,0.8522709126993179,0.8522709126993179
El Dorado,017,2022-12-20,Under 5,259.0,625.0,366.0,8401,0,0.030829663135341,0.999,0.074395905249375,0.999,0.043566242114034,0.999
Fresno,019,2022-12-20,12-17,4804.0,59459.0,54655.0,95109,95109,0.0505104669379343,0.0505104669379343,0.6251669137515903,0.6251669137515903,0.5746564468136559,0.5746564468136559
Fresno,019,2022-12-20,18-49,33221.0,331548.0,298327.0,448747,448747,0.0740305784774048,0.0740305784774048,0.7388305659982128,0.7388305659982128,0.6647999875208079,0.6647999875208079
Fresno,019,2022-12-20,5-11,4581.0,33651.0,29070.0,111540,0,0.0410704679935449,0.999,0.3016944593867671,0.999,0.2606239913932222,0.999
Fresno,019,2022-12-20,50-64,11436.0,138966.0,127530.0,158315,158315,0.0722357325585067,0.0722357325585067,0.8777816378738591,0.8777816378738591,0.8055459053153523,0.8055459053153523
Fresno,019,2022-12-20,65+,10828.0,127266.0,116438.0,135289,135289,0.0800360709296395,0.0800360709296395,0.9406973220291376,0.9406973220291376,0.8606612510994981,0.8606612510994981
Fresno,019,2022-12-20,Under 5,1649.0,2999.0,1350.0,72649,0,0.0226981789150573,0.999,0.0412806783300527,0.999,0.0185824994149953,0.999
Glenn,021,2022-12-20,12-17,115.0,1367.0,1252.0,2657,2657,0.0432818968761761,0.0432818968761761,0.5144900263455024,0.5144900263455024,0.4712081294693263,0.4712081294693263
Glenn,021,2022-12-20,18-49,656.0,7008.0,6352.0,12107,12107,0.0541835301891467,0.0541835301891467,0.5788386883621046,0.5788386883621046,0.5246551581729578,0.5246551581729578
Glenn,021,2022-12-20,5-11,63.0,640.0,577.0,2744,0,0.0229591836734693,0.999,0.2332361516034985,0.999,0.2102769679300291,0.999
Glenn,021,2022-12-20,50-64,300.0,3969.0,3669.0,4874,4874,0.0615510874025441,0.0615510874025441,0.8143208863356586,0.8143208863356586,0.7527697989331145,0.7527697989331145
Glenn,021,2022-12-20,65+,330.0,4431.0,4101.0,4937,4937,0.0668422118695564,0.0668422118695564,0.8975086084666801,0.8975086084666801,0.8306663965971237,0.8306663965971237
Glenn,021,2022-12-20,Under 5,34.0,43.0,9.0,1866,0,0.0182207931404072,0.999,0.0230439442658092,0.999,0.0048231511254019,0.999
Humboldt,023,2022-12-20,12-17,486.0,5980.0,5494.0,10039,10039,0.0484111963342962,0.0484111963342962,0.5956768602450443,0.5956768602450443,0.547265663910748,0.547265663910748
Humboldt,023,2022-12-20,18-49,4451.0,44867.0,40416.0,57739,57739,0.0770882765548416,0.0770882765548416,0.7770657614437382,0.7770657614437382,0.6999774848888966,0.6999774848888966
Humboldt,023,2022-12-20,5-11,430.0,4136.0,3706.0,10689,0,0.040228272055384,0.999,0.386939844700159,0.999,0.346711572644775,0.999
Humboldt,023,2022-12-20,50-64,1371.0,19795.0,18424.0,23089,23089,0.0593789250292347,0.0593789250292347,0.8573346615271341,0.8573346615271341,0.7979557364978994,0.7979557364978994
Humboldt,023,2022-12-20,65+,1643.0,25203.0,23560.0,25940,25940,0.0633384734001542,0.0633384734001542,0.9715882806476484,0.9715882806476484,0.9082498072474944,0.9082498072474944
Humboldt,023,2022-12-20,Under 5,405.0,848.0,443.0,6718,0,0.0602857993450431,0.999,0.1262280440607323,0.999,0.0659422447156892,0.999
Imperial,025,2022-12-20,12-17,6461.0,27353.0,20892.0,17481,17481,0.3696012813912248,0.3696012813912248,0.999,0.999,0.999,0.999
Imperial,025,2022-12-20,18-49,42551.0,123097.0,80546.0,81347,81347,0.5230801381735036,0.5230801381735036,0.999,0.999,0.9901532939137276,0.9901532939137276
Imperial,025,2022-12-20,5-11,6916.0,23837.0,16921.0,22008,0,0.3142493638676845,0.999,0.999,0.999,0.7688567793529626,0.999
Imperial,025,2022-12-20,50-64,13940.0,48091.0,34151.0,30092,30092,0.4632460454605875,0.4632460454605875,0.999,0.999,0.999,0.999
Imperial,025,2022-12-20,65+,9230.0,36227.0,26997.0,26762,26762,0.3448920110604588,0.3448920110604588,0.999,0.999,0.999,0.999
Imperial,025,2022-12-20,Under 5,1957.0,2881.0,924.0,13929,0,0.1404982410797616,0.999,0.2068346614975949,0.999,0.0663364204178333,0.999
Inyo,027,2022-12-20,12-17,58.0,731.0,673.0,1360,1360,0.0426470588235294,0.0426470588235294,0.5375,0.5375,0.4948529411764706,0.4948529411764706
Inyo,027,2022-12-20,18-49,535.0,4600.0,4065.0,5798,5798,0.0922731976543635,0.0922731976543635,0.793377026560883,0.793377026560883,0.7011038289065195,0.7011038289065195
Inyo,027,2022-12-20,5-11,46.0,410.0,364.0,1444,0,0.0318559556786703,0.999,0.2839335180055402,0.999,0.2520775623268698,0.999
Inyo,027,2022-12-20,50-64,221.0,2924.0,2703.0,4020,4020,0.0549751243781094,0.0549751243781094,0.727363184079602,0.727363184079602,0.6723880597014925,0.6723880597014925
Inyo,027,2022-12-20,65+,237.0,4083.0,3846.0,4659,4659,0.0508692852543464,0.0508692852543464,0.8763683193818416,0.8763683193818416,0.8254990341274951,0.8254990341274951
Inyo,027,2022-12-20,Under 5,23.0,43.0,20.0,891,0,0.0258136924803591,0.999,0.0482603815937149,0.999,0.0224466891133557,0.999
Kern,029,2022-12-20,12-17,4851.0,49325.0,44474.0,87386,87386,0.055512324628659,0.055512324628659,0.5644496830155861,0.5644496830155861,0.508937358386927,0.508937358386927
Kern,029,2022-12-20,18-49,29206.0,262847.0,233641.0,418298,418298,0.0698210366772014,0.0698210366772014,0.6283725956136534,0.6283725956136534,0.558551558936452,0.558551558936452
Kern,029,2022-12-20,5-11,3816.0,24367.0,20551.0,98860,0,0.0386000404612583,0.999,0.2464798705239733,0.999,0.2078798300627149,0.999
Kern,029,2022-12-20,50-64,10068.0,116014.0,105946.0,141795,141795,0.0710039141013434,0.0710039141013434,0.8181811770513769,0.8181811770513769,0.7471772629500335,0.7471772629500335
Kern,029,2022-12-20,65+,7998.0,97197.0,89199.0,108838,108838,0.0734853635678715,0.0734853635678715,0.893042871056065,0.893042871056065,0.8195575074881934,0.8195575074881934
Kern,029,2022-12-20,Under 5,967.0,1581.0,614.0,65474,0,0.0147692213703149,0.999,0.0241469896447444,0.999,0.0093777682744295,0.999
Kings,031,2022-12-20,12-17,709.0,7029.0,6320.0,17305,17305,0.0409708176827506,0.0409708176827506,0.4061831840508523,0.4061831840508523,0.3652123663681017,0.3652123663681017
Kings,031,2022-12-20,18-49,5174.0,39256.0,34082.0,71634,71634,0.0722282714911913,0.0722282714911913,0.5480079291956333,0.5480079291956333,0.475779657704442,0.475779657704442
Kings,031,2022-12-20,5-11,456.0,3190.0,2734.0,18216,0,0.0250329380764163,0.999,0.1751207729468599,0.999,0.1500878348704435,0.999
Kings,031,2022-12-20,50-64,1686.0,16707.0,15021.0,19502,19502,0.0864526715208696,0.0864526715208696,0.8566813660137422,0.8566813660137422,0.7702286944928726,0.7702286944928726
Kings,031,2022-12-20,65+,1398.0,14165.0,12767.0,16867,16867,0.0828837374755439,0.0828837374755439,0.8398055374399716,0.8398055374399716,0.7569217999644275,0.7569217999644275
Kings,031,2022-12-20,Under 5,105.0,207.0,102.0,11576,0,0.0090704906703524,0.999,0.0178818244644091,0.999,0.0088113337940566,0.999
Lake,033,2022-12-20,12-17,328.0,2149.0,1821.0,4623,4623,0.0709495998269521,0.0709495998269521,0.4648496647198789,0.4648496647198789,0.3939000648929266,0.3939000648929266
Lake,033,2022-12-20,18-49,1926.0,14568.0,12642.0,23135,23135,0.0832504862762048,0.0832504862762048,0.6296952669116058,0.6296952669116058,0.5464447806354009,0.5464447806354009
Lake,033,2022-12-20,5-11,236.0,975.0,739.0,5301,0,0.0445199019053008,0.999,0.1839275608375778,0.999,0.1394076589322769,0.999
Lake,033,2022-12-20,50-64,877.0,10185.0,9308.0,12351,12351,0.0710063962432191,0.0710063962432191,0.8246295846490163,0.8246295846490163,0.7536231884057971,0.7536231884057971
Lake,033,2022-12-20,65+,992.0,12442.0,11450.0,15114,15114,0.0656345110493582,0.0656345110493582,0.8232102686251158,0.8232102686251158,0.7575757575757576,0.7575757575757576
Lake,033,2022-12-20,Under 5,41.0,65.0,24.0,3650,0,0.0112328767123287,0.999,0.0178082191780821,0.999,0.0065753424657534,0.999
Lassen,035,2022-12-20,12-17,54.0,322.0,268.0,1663,1663,0.0324714371617558,0.0324714371617558,0.1936259771497294,0.1936259771497294,0.1611545399879735,0.1611545399879735
Lassen,035,2022-12-20,18-49,386.0,3671.0,3285.0,14093,14093,0.0273894841410629,0.0273894841410629,0.2604839281913007,0.2604839281913007,0.2330944440502377,0.2330944440502377
Lassen,035,2022-12-20,5-11,29.0,104.0,75.0,2031,0,0.0142786804529788,0.999,0.0512063023141309,0.999,0.0369276218611521,0.999
Lassen,035,2022-12-20,50-64,245.0,2546.0,2301.0,5382,5382,0.045522110739502,0.045522110739502,0.47305834262356,0.47305834262356,0.427536231884058,0.427536231884058
Lassen,035,2022-12-20,65+,292.0,3304.0,3012.0,5241,5241,0.0557145582904025,0.0557145582904025,0.6304140431215417,0.6304140431215417,0.5746994848311391,0.5746994848311391
Lassen,035,2022-12-20,Under 5,,,,1555,0,,,,,,
Los Angeles,037,2022-12-20,12-17,61189.0,630122.0,568933.0,772656,772656,0.079193069101903,0.079193069101903,0.8155272203930339,0.8155272203930339,0.7363341512911309,0.7363341512911309
Los Angeles,037,2022-12-20,18-49,429517.0,4042826.0,3613309.0,4408443,4408443,0.0974305440719092,0.0974305440719092,0.9170643694383708,0.9170643694383708,0.8196338253664616,0.8196338253664616
Los Angeles,037,2022-12-20,5-11,47264.0,361463.0,314199.0,865272,0,0.054623286088074,0.999,0.4177449403193446,0.999,0.3631216542312706,0.999
Los Angeles,037,2022-12-20,50-64,151740.0,1794635.0,1642895.0,1971374,1971374,0.0769716958831759,0.0769716958831759,0.91034730091804,0.91034730091804,0.833375605034864,0.833375605034864
Los Angeles,037,2022-12-20,65+,122335.0,1478784.0,1356449.0,1644144,1644144,0.0744064996739944,0.0744064996739944,0.8994248678947829,0.8994248678947829,0.8250183682207884,0.8250183682207884
Los Angeles,037,2022-12-20,Under 5,26206.0,56461.0,30255.0,536500,0,0.0488462255358807,0.999,0.1052395153774464,0.999,0.0563932898415657,0.999
Madera,039,2022-12-20,12-17,1007.0,8726.0,7719.0,14398,14398,0.0699402694818724,0.0699402694818724,0.6060563967217669,0.6060563967217669,0.5361161272398944,0.5361161272398944
Madera,039,2022-12-20,18-49,4767.0,42961.0,38194.0,70886,70886,0.0672488220523093,0.0672488220523093,0.6060576136331575,0.6060576136331575,0.5388087915808482,0.5388087915808482
Madera,039,2022-12-20,5-11,656.0,4686.0,4030.0,15750,0,0.0416507936507936,0.999,0.2975238095238095,0.999,0.2558730158730158,0.999
Madera,039,2022-12-20,50-64,1633.0,20218.0,18585.0,24912,24912,0.0655507385998715,0.0655507385998715,0.8115767501605652,0.8115767501605652,0.7460260115606936,0.7460260115606936
Madera,039,2022-12-20,65+,1719.0,20925.0,19206.0,24667,24667,0.0696882474561154,0.0696882474561154,0.8482993473061174,0.8482993473061174,0.778611099850002,0.778611099850002
Madera,039,2022-12-20,Under 5,203.0,325.0,122.0,10508,0,0.0193186143890369,0.999,0.0309288161400837,0.999,0.0116102017510468,0.999
Marin,041,2022-12-20,12-17,1116.0,19848.0,18732.0,19971,19971,0.0558810274898603,0.0558810274898603,0.9938410695508488,0.9938410695508488,0.9379600420609884,0.9379600420609884
Marin,041,2022-12-20,18-49,8494.0,92098.0,83604.0,89471,89471,0.094935789250148,0.094935789250148,0.999,0.999,0.9344256798292184,0.9344256798292184
Marin,041,2022-12-20,5-11,1158.0,15414.0,14256.0,17918,0,0.0646277486326599,0.999,0.8602522602969082,0.999,0.7956245116642482,0.999
Marin,041,2022-12-20,50-64,3346.0,56689.0,53343.0,57543,57543,0.0581478198912117,0.0581478198912117,0.9851589246302764,0.9851589246302764,0.9270111047390648,0.9270111047390648
Marin,041,2022-12-20,65+,3763.0,63523.0,59760.0,64165,64165,0.0586456791085482,0.0586456791085482,0.9899945453128652,0.9899945453128652,0.931348866204317,0.931348866204317
Marin,041,2022-12-20,Under 5,1432.0,4667.0,3235.0,9097,0,0.1574145322633835,0.999,0.5130262723974937,0.999,0.3556117401341101,0.999
Mariposa,043,2022-12-20,12-17,46.0,416.0,370.0,940,940,0.0489361702127659,0.0489361702127659,0.4425531914893617,0.4425531914893617,0.3936170212765957,0.3936170212765957
Mariposa,043,2022-12-20,18-49,598.0,3434.0,2836.0,5581,5581,0.107149256405662,0.107149256405662,0.6153019172191364,0.6153019172191364,0.5081526608134743,0.5081526608134743
Mariposa,043,2022-12-20,5-11,85.0,252.0,167.0,983,0,0.08646998982706,0.999,0.2563580874872838,0.999,0.1698880976602238,0.999
Mariposa,043,2022-12-20,50-64,326.0,2652.0,2326.0,3872,3872,0.084194214876033,0.084194214876033,0.6849173553719008,0.6849173553719008,0.6007231404958677,0.6007231404958677
Mariposa,043,2022-12-20,65+,446.0,3939.0,3493.0,5415,5415,0.0823638042474607,0.0823638042474607,0.7274238227146814,0.7274238227146814,0.6450600184672207,0.6450600184672207
Mariposa,043,2022-12-20,Under 5,8.0,14.0,6.0,780,0,0.0102564102564102,0.999,0.0179487179487179,0.999,0.0076923076923076,0.999
Mendocino,045,2022-12-20,12-17,378.0,4020.0,3642.0,6465,6465,0.0584686774941995,0.0584686774941995,0.6218097447795824,0.6218097447795824,0.5633410672853828,0.5633410672853828
Mendocino,045,2022-12-20,18-49,3451.0,26650.0,23199.0,33260,33260,0.103758268190018,0.103758268190018,0.8012627781118461,0.8012627781118461,0.697504509921828,0.697504509921828
Mendocino,045,2022-12-20,5-11,330.0,2249.0,1919.0,7344,0,0.0449346405228758,0.999,0.3062363834422658,0.999,0.2613017429193899,0.999
Mendocino,045,2022-12-20,50-64,1400.0,14479.0,13079.0,16107,16107,0.0869187309865276,0.0869187309865276,0.8989259328242379,0.8989259328242379,0.8120072018377104,0.8120072018377104
Mendocino,045,2022-12-20,65+,1549.0,20112.0,18563.0,20465,20465,0.0756902027852431,0.0756902027852431,0.9827510383581723,0.9827510383581723,0.9070608355729294,0.9070608355729294
Mendocino,045,2022-12-20,Under 5,170.0,272.0,102.0,4656,0,0.0365120274914089,0.999,0.0584192439862542,0.999,0.0219072164948453,0.999
Merced,047,2022-12-20,12-17,2275.0,16933.0,14658.0,28890,28890,0.0787469712703357,0.0787469712703357,0.5861197646244375,0.5861197646244375,0.5073727933541018,0.5073727933541018
Merced,047,2022-12-20,18-49,11501.0,88039.0,76538.0,129509,129509,0.0888046390598336,0.0888046390598336,0.6797905937039125,0.6797905937039125,0.5909859546440788,0.5909859546440788
Merced,047,2022-12-20,5-11,1689.0,8081.0,6392.0,30244,0,0.0558457875942335,0.999,0.2671934929242163,0.999,0.2113477053299828,0.999
Merced,047,2022-12-20,50-64,3800.0,35879.0,32079.0,43289,43289,0.0877821155489847,0.0877821155489847,0.8288248746794797,0.8288248746794797,0.741042759130495,0.741042759130495
Merced,047,2022-12-20,65+,2460.0,30789.0,28329.0,33576,33576,0.0732666190135811,0.0732666190135811,0.9169942816297356,0.9169942816297356,0.8437276626161544,0.8437276626161544
Merced,047,2022-12-20,Under 5,169.0,233.0,64.0,20293,0,0.00832799487508,0.999,0.01148179175085,0.999,0.0031537968757699,0.999
Modoc,049,2022-12-20,12-17,12.0,163.0,151.0,652,652,0.0184049079754601,0.0184049079754601,0.25,0.25,0.2315950920245398,0.2315950920245398
Modoc,049,2022-12-20,18-49,104.0,1119.0,1015.0,3170,3170,0.0328075709779179,0.0328075709779179,0.3529968454258675,0.3529968454258675,0.3201892744479495,0.3201892744479495
Modoc,049,2022-12-20,5-11,5.0,46.0,41.0,592,0,0.0084459459459459,0.999,0.0777027027027027,0.999,0.0692567567567567,0.999
Modoc,049,2022-12-20,50-64,47.0,987.0,940.0,1810,1810,0.0259668508287292,0.0259668508287292,0.5453038674033149,0.5453038674033149,0.5193370165745856,0.5193370165745856
Modoc,049,2022-12-20,65+,99.0,1680.0,1581.0,2671,2671,0.0370647697491576,0.0370647697491576,0.6289779108947959,0.6289779108947959,0.5919131411456383,0.5919131411456383
Modoc,049,2022-12-20,Under 5,,,,489,0,,,,,,
Mono,051,2022-12-20,12-17,78.0,777.0,699.0,1074,1074,0.0726256983240223,0.0726256983240223,0.723463687150838,0.723463687150838,0.6508379888268156,0.6508379888268156
Mono,051,2022-12-20,18-49,557.0,4803.0,4246.0,5416,5416,0.1028434268833087,0.1028434268833087,0.8868168389955687,0.8868168389955687,0.78397341211226,0.78397341211226
Mono,051,2022-12-20,5-11,65.0,474.0,409.0,993,0,0.0654582074521651,0.999,0.4773413897280967,0.999,0.4118831822759315,0.999
Mono,051,2022-12-20,50-64,177.0,2215.0,2038.0,3147,3147,0.0562440419447092,0.0562440419447092,0.703844931680966,0.703844931680966,0.6476008897362567,0.6476008897362567
Mono,051,2022-12-20,65+,131.0,1813.0,1682.0,2558,2558,0.0512118842845973,0.0512118842845973,0.7087568412822518,0.7087568412822518,0.6575449569976545,0.6575449569976545
Mono,051,2022-12-20,Under 5,15.0,66.0,51.0,650,0,0.023076923076923,0.999,0.1015384615384615,0.999,0.0784615384615384,0.999
Monterey,053,2022-12-20,12-17,2610.0,31811.0,29201.0,39793,39793,0.0655894252758022,0.0655894252758022,0.7994119568768376,0.7994119568768376,0.7338225316010354,0.7338225316010354
Monterey,053,2022-12-20,18-49,19468.0,174776.0,155308.0,191617,191617,0.1015985011768266,0.1015985011768266,0.9121111383645502,0.9121111383645502,0.8105126371877234,0.8105126371877234
Monterey,053,2022-12-20,5-11,2452.0,20346.0,17894.0,44520,0,0.0550763701707097,0.999,0.4570080862533692,0.999,0.4019317160826595,0.999
Monterey,053,2022-12-20,50-64,5996.0,68727.0,62731.0,73175,73175,0.0819405534677143,0.0819405534677143,0.9392142125042706,0.9392142125042706,0.8572736590365562,0.8572736590365562
Monterey,053,2022-12-20,65+,5380.0,63270.0,57890.0,67646,67646,0.0795316796262898,0.0795316796262898,0.9353102918132632,0.9353102918132632,0.8557786121869734,0.8557786121869734
Monterey,053,2022-12-20,Under 5,1670.0,2722.0,1052.0,28430,0,0.0587407667956384,0.999,0.0957439324657052,0.999,0.0370031656700668,0.999
Napa,055,2022-12-20,12-17,675.0,8870.0,8195.0,10536,10536,0.0640660592255125,0.0640660592255125,0.8418754745634016,0.8418754745634016,0.7778094153378892,0.7778094153378892
Napa,055,2022-12-20,18-49,6050.0,51671.0,45621.0,56475,56475,0.1071270473660911,0.1071270473660911,0.9149358123063304,0.9149358123063304,0.807808764940239,0.807808764940239
Napa,055,2022-12-20,5-11,577.0,5841.0,5264.0,10228,0,0.0564137661321861,0.999,0.5710793899100508,0.999,0.5146656237778647,0.999
Napa,055,2022-12-20,50-64,2347.0,26643.0,24296.0,27435,27435,0.0855476581009659,0.0855476581009659,0.9711317659923456,0.9711317659923456,0.8855841078913796,0.8855841078913796
Napa,055,2022-12-20,65+,2173.0,29220.0,27047.0,28618,28618,0.0759312320916905,0.0759312320916905,0.999,0.999,0.945104479698092,0.945104479698092
Napa,055,2022-12-20,Under 5,314.0,992.0,678.0,6077,0,0.0516702320223794,0.999,0.1632384400197465,0.999,0.1115682079973671,0.999
Nevada,057,2022-12-20,12-17,318.0,3575.0,3257.0,5576,5576,0.0570301291248206,0.0570301291248206,0.6411406025824964,0.6411406025824964,0.5841104734576757,0.5841104734576757
Nevada,057,2022-12-20,18-49,2948.0,23153.0,20205.0,34085,34085,0.0864896582074226,0.0864896582074226,0.679272407217251,0.679272407217251,0.5927827490098284,0.5927827490098284
Nevada,057,2022-12-20,5-11,272.0,2169.0,1897.0,5687,0,0.0478283805169685,0.999,0.3813961666959732,0.999,0.3335677861790047,0.999
Nevada,057,2022-12-20,50-64,1390.0,16143.0,14753.0,19621,19621,0.0708424647061821,0.0708424647061821,0.822740940828704,0.822740940828704,0.7518984761225218,0.7518984761225218
Nevada,057,2022-12-20,65+,2130.0,25977.0,23847.0,29138,29138,0.0731004186972338,0.0731004186972338,0.8915162330976731,0.8915162330976731,0.8184158144004393,0.8184158144004393
Nevada,057,2022-12-20,Under 5,220.0,464.0,244.0,3910,0,0.0562659846547314,0.999,0.1186700767263427,0.999,0.0624040920716112,0.999
Orange,059,2022-12-20,12-17,14534.0,182110.0,167576.0,250993,250993,0.0579059973784129,0.0579059973784129,0.7255580832931595,0.7255580832931595,0.6676520859147467,0.6676520859147467
Orange,059,2022-12-20,18-49,106390.0,1170587.0,1064197.0,1328917,1328917,0.0800576710208387,0.0800576710208387,0.8808578714848256,0.8808578714848256,0.8008002004639868,0.8008002004639868
Orange,059,2022-12-20,5-11,13151.0,110328.0,97177.0,272183,0,0.0483167574756689,0.999,0.4053449333720328,0.999,0.3570281758963638,0.999
Orange,059,2022-12-20,50-64,41959.0,583839.0,541880.0,646140,646140,0.064937939146315,0.064937939146315,0.9035797195654192,0.9035797195654192,0.8386417804191042,0.8386417804191042
Orange,059,2022-12-20,65+,38364.0,519520.0,481156.0,531607,531607,0.0721660926210527,0.0721660926210527,0.9772632790764606,0.9772632790764606,0.9050971864554078,0.9050971864554078
Orange,059,2022-12-20,Under 5,7012.0,17253.0,10241.0,179432,0,0.0390788711043738,0.999,0.0961534174506219,0.999,0.0570745463462481,0.999
Placer,061,2022-12-20,12-17,1084.0,20136.0,19052.0,27685,27685,0.0391547769550298,0.0391547769550298,0.7273252663897417,0.7273252663897417,0.6881704894347119,0.6881704894347119
Placer,061,2022-12-20,18-49,8751.0,111436.0,102685.0,161387,161387,0.0542236983152298,0.0542236983152298,0.6904893207011717,0.6904893207011717,0.6362656223859419,0.6362656223859419
Placer,061,2022-12-20,5-11,909.0,13086.0,12177.0,26482,0,0.0343252020240163,0.999,0.4941469677516804,0.999,0.4598217657276641,0.999
Placer,061,2022-12-20,50-64,3955.0,65760.0,61805.0,76937,76937,0.0514056955691019,0.0514056955691019,0.8547252947216554,0.8547252947216554,0.8033195991525534,0.8033195991525534
Placer,061,2022-12-20,65+,4779.0,80958.0,76179.0,85295,85295,0.0560290755612873,0.0560290755612873,0.9491529397971744,0.9491529397971744,0.8931238642358872,0.8931238642358872
Placer,061,2022-12-20,Under 5,821.0,2045.0,1224.0,18590,0,0.0441635287789133,0.999,0.1100053792361484,0.999,0.065841850457235,0.999
Plumas,063,2022-12-20,12-17,47.0,460.0,413.0,1189,1189,0.0395290159798149,0.0395290159798149,0.3868797308662742,0.3868797308662742,0.3473507148864592,0.3473507148864592
Plumas,063,2022-12-20,18-49,365.0,3163.0,2798.0,6077,6077,0.0600625308540398,0.0600625308540398,0.5204870824419944,0.5204870824419944,0.4604245515879546,0.4604245515879546
Plumas,063,2022-12-20,5-11,46.0,205.0,159.0,1096,0,0.041970802919708,0.999,0.1870437956204379,0.999,0.1450729927007299,0.999
Plumas,063,2022-12-20,50-64,219.0,2853.0,2634.0,3728,3728,0.058744635193133,0.058744635193133,0.7652896995708155,0.7652896995708155,0.7065450643776824,0.7065450643776824
Plumas,063,2022-12-20,65+,298.0,4754.0,4456.0,6184,6184,0.0481888745148771,0.0481888745148771,0.76875808538163,0.76875808538163,0.720569210866753,0.720569210866753
Plumas,063,2022-12-20,Under 5,12.0,22.0,10.0,850,0,0.0141176470588235,0.999,0.0258823529411764,0.999,0.0117647058823529,0.999
Riverside,065,2022-12-20,12-17,12269.0,128301.0,116032.0,215020,215020,0.0570598083899172,0.0570598083899172,0.596693330852944,0.596693330852944,0.5396335224630266,0.5396335224630266
Riverside,065,2022-12-20,18-49,77162.0,729411.0,652249.0,1047428,1047428,0.0736680707409005,0.0736680707409005,0.696382949472422,0.696382949472422,0.6227148787315214,0.6227148787315214
Riverside,065,2022-12-20,5-11,9246.0,62122.0,52876.0,226400,0,0.0408392226148409,0.999,0.2743904593639576,0.999,0.2335512367491166,0.999
Riverside,065,2022-12-20,50-64,32676.0,371162.0,338486.0,445401,445401,0.0733631042588588,0.0733631042588588,0.833320984910227,0.833320984910227,0.759957880651368,0.759957880651368
Riverside,065,2022-12-20,65+,32790.0,359254.0,326464.0,396909,396909,0.0826133950099393,0.0826133950099393,0.905129387340675,0.905129387340675,0.8225159923307358,0.8225159923307358
Riverside,065,2022-12-20,Under 5,3244.0,5557.0,2313.0,146813,0,0.0220961359007717,0.999,0.0378508715168275,0.999,0.0157547356160558,0.999
Sacramento,067,2022-12-20,12-17,6908.0,87446.0,80538.0,127281,127281,0.0542736150721631,0.0542736150721631,0.687031057266992,0.687031057266992,0.6327574421948288,0.6327574421948288
Sacramento,067,2022-12-20,18-49,43333.0,533319.0,489986.0,683358,683358,0.0634118573280769,0.0634118573280769,0.7804386573362717,0.7804386573362717,0.7170268000081949,0.7170268000081949
Sacramento,067,2022-12-20,5-11,6193.0,60294.0,54101.0,136724,0,0.0452956320762997,0.999,0.4409906088177642,0.999,0.3956949767414645,0.999
Sacramento,067,2022-12-20,50-64,15992.0,245279.0,229287.0,281015,281015,0.0569079942351831,0.0569079942351831,0.872832411081259,0.872832411081259,0.8159244168460759,0.8159244168460759
Sacramento,067,2022-12-20,65+,14744.0,231008.0,216264.0,235049,235049,0.0627273462129173,0.0627273462129173,0.9828078400673902,0.9828078400673902,0.9200804938544728,0.9200804938544728
Sacramento,067,2022-12-20,Under 5,4620.0,10353.0,5733.0,95110,0,0.0485753338239932,0.999,0.1088529071601303,0.999,0.0602775733361371,0.999
San Benito,069,2022-12-20,12-17,271.0,4317.0,4046.0,5019,5019,0.0539948196851962,0.0539948196851962,0.8601315002988643,0.8601315002988643,0.806136680613668,0.806136680613668
San Benito,069,2022-12-20,18-49,2038.0,23616.0,21578.0,27248,27248,0.0747944803288314,0.0747944803288314,0.8667058132706987,0.8667058132706987,0.7919113329418673,0.7919113329418673
San Benito,069,2022-12-20,5-11,224.0,2652.0,2428.0,5053,0,0.0443301009301405,0.999,0.5248367306550564,0.999,0.4805066297249158,0.999
San Benito,069,2022-12-20,50-64,813.0,11153.0,10340.0,11755,11755,0.0691620586984262,0.0691620586984262,0.9487877498936624,0.9487877498936624,0.879625691195236,0.879625691195236
San Benito,069,2022-12-20,65+,728.0,8558.0,7830.0,9150,9150,0.0795628415300546,0.0795628415300546,0.9353005464480876,0.9353005464480876,0.8557377049180328,0.8557377049180328
San Benito,069,2022-12-20,Under 5,195.0,355.0,160.0,3494,0,0.0558099599313108,0.999,0.1016027475672581,0.999,0.0457927876359473,0.999
San Bernardino,071,2022-12-20,12-17,9052.0,109327.0,100275.0,204583,204583,0.0442461006046445,0.0442461006046445,0.5343894654003509,0.5343894654003509,0.4901433647957064,0.4901433647957064
San Bernardino,071,2022-12-20,18-49,61696.0,658691.0,596995.0,967274,967274,0.0637833747211234,0.0637833747211234,0.6809766415720881,0.6809766415720881,0.6171932668509647,0.6171932668509647
San Bernardino,071,2022-12-20,5-11,7057.0,53351.0,46294.0,222031,0,0.0317838500029275,0.999,0.2402862663321788,0.999,0.2085024163292513,0.999
San Bernardino,071,2022-12-20,50-64,24083.0,315477.0,291394.0,381023,381023,0.0632061581584313,0.0632061581584313,0.8279736393865987,0.8279736393865987,0.7647674812281673,0.7647674812281673
San Bernardino,071,2022-12-20,65+,20903.0,253861.0,232958.0,281805,281805,0.0741754049786199,0.0741754049786199,0.9008392328028246,0.9008392328028246,0.8266638278242047,0.8266638278242047
San Bernardino,071,2022-12-20,Under 5,2964.0,5556.0,2592.0,143624,0,0.0206372194062273,0.999,0.0386843424497298,0.999,0.0180471230435024,0.999
San Diego,073,2022-12-20,12-17,23273.0,213217.0,189944.0,276569,276569,0.0841489827131746,0.0841489827131746,0.7709360051198797,0.7709360051198797,0.686787022406705,0.686787022406705
San Diego,073,2022-12-20,18-49,202786.0,1394899.0,1192113.0,1415252,1415252,0.1432861426798902,0.1432861426798902,0.985618815589026,0.985618815589026,0.8423326729091356,0.8423326729091356
San Diego,073,2022-12-20,5-11,27906.0,156530.0,128624.0,321617,0,0.0867678014532813,0.999,0.4866969096782819,0.999,0.3999291082250005,0.999
San Diego,073,2022-12-20,50-64,59051.0,590324.0,531273.0,598529,598529,0.098660215294497,0.098660215294497,0.9862913910604164,0.9862913910604164,0.8876311757659194,0.8876311757659194
San Diego,073,2022-12-20,65+,43693.0,534804.0,491111.0,537469,537469,0.0812939909092431,0.0812939909092431,0.995041574490808,0.995041574490808,0.9137475835815648,0.9137475835815648
San Diego,073,2022-12-20,Under 5,14883.0,29895.0,15012.0,194391,0,0.0765621865209809,0.999,0.1537879840116054,0.999,0.0772257974906245,0.999
San Francisco,075,2022-12-20,12-17,2710.0,37704.0,34994.0,40198,40198,0.0674162893676302,0.0674162893676302,0.937957112294144,0.937957112294144,0.8705408229265138,0.8705408229265138
San Francisco,075,2022-12-20,18-49,46280.0,434855.0,388575.0,432220,432220,0.1070751006431909,0.1070751006431909,0.999,0.999,0.899021331729212,0.899021331729212
San Francisco,075,2022-12-20,5-11,2784.0,35795.0,33011.0,55918,0,0.0497871883829893,0.999,0.640133767302121,0.999,0.5903465789191316,0.999
San Francisco,075,2022-12-20,50-64,10290.0,160218.0,149928.0,164698,164698,0.0624779900180937,0.0624779900180937,0.972798698223415,0.972798698223415,0.9103207082053212,0.9103207082053212
San Francisco,075,2022-12-20,65+,8706.0,148859.0,140153.0,160005,160005,0.0544107996625105,0.0544107996625105,0.9303396768850972,0.9303396768850972,0.8759288772225868,0.8759288772225868
San Francisco,075,2022-12-20,Under 5,5476.0,14674.0,9198.0,39390,0,0.139020055851739,0.999,0.3725310992637725,0.999,0.2335110434120335,0.999
San Joaquin,077,2022-12-20,12-17,5151.0,48281.0,43130.0,72008,72008,0.0715337184757249,0.0715337184757249,0.6704949450061104,0.6704949450061104,0.5989612265303855,0.5989612265303855
San Joaquin,077,2022-12-20,18-49,26834.0,262670.0,235836.0,332959,332959,0.0805925053835457,0.0805925053835457,0.7888959301295355,0.7888959301295355,0.7083034247459897,0.7083034247459897
San Joaquin,077,2022-12-20,5-11,4573.0,27520.0,22947.0,76385,0,0.0598677750867316,0.999,0.360280159717222,0.999,0.3004123846304903,0.999
San Joaquin,077,2022-12-20,50-64,9061.0,118392.0,109331.0,139248,139248,0.0650709525450994,0.0650709525450994,0.8502240606687349,0.8502240606687349,0.7851531081236355,0.7851531081236355
San Joaquin,077,2022-12-20,65+,7001.0,103570.0,96569.0,106103,106103,0.0659830542020489,0.0659830542020489,0.9761269709621784,0.9761269709621784,0.9101439167601292,0.9101439167601292
San Joaquin,077,2022-12-20,Under 5,1344.0,2003.0,659.0,48647,0,0.0276276029354328,0.999,0.0411741731247558,0.999,0.013546570189323,0.999
San Luis Obispo,079,2022-12-20,12-17,1073.0,11399.0,10326.0,19440,19440,0.0551954732510288,0.0551954732510288,0.5863683127572017,0.5863683127572017,0.5311728395061729,0.5311728395061729
San Luis Obispo,079,2022-12-20,18-49,8801.0,80395.0,71594.0,112864,112864,0.0779788063510065,0.0779788063510065,0.7123174794442869,0.7123174794442869,0.6343386730932804,0.6343386730932804
San Luis Obispo,079,2022-12-20,5-11,897.0,7174.0,6277.0,18188,0,0.0493182318011876,0.999,0.3944358917967891,0.999,0.3451176599956015,0.999
San Luis Obispo,079,2022-12-20,50-64,3404.0,42983.0,39579.0,50974,50974,0.0667791423078432,0.0667791423078432,0.843233805469455,0.843233805469455,0.7764546631616118,0.7764546631616118
San Luis Obispo,079,2022-12-20,65+,3661.0,60133.0,56472.0,65339,65339,0.0560308544667044,0.0560308544667044,0.9203232372702368,0.9203232372702368,0.8642923828035324,0.8642923828035324
San Luis Obispo,079,2022-12-20,Under 5,675.0,1322.0,647.0,11769,0,0.0573540657659954,0.999,0.112328999915031,0.999,0.0549749341490356,0.999
San Mateo,081,2022-12-20,12-17,3156.0,51093.0,47937.0,54965,54965,0.0574183571363595,0.0574183571363595,0.9295551714727552,0.9295551714727552,0.8721368143363959,0.8721368143363959
San Mateo,081,2022-12-20,18-49,29767.0,327232.0,297465.0,309919,309919,0.0960476769736608,0.0960476769736608,0.999,0.999,0.9598153065801064,0.9598153065801064
San Mateo,081,2022-12-20,5-11,2925.0,44142.0,41217.0,63237,0,0.0462545661558897,0.999,0.6980407040182172,0.999,0.6517861378623274,0.999
San Mateo,081,2022-12-20,50-64,10034.0,151455.0,141421.0,162707,162707,0.0616691353168579,0.0616691353168579,0.9308450158874542,0.9308450158874542,0.8691758805705962,0.8691758805705962
San Mateo,081,2022-12-20,65+,9461.0,138570.0,129109.0,145088,145088,0.0652087009263343,0.0652087009263343,0.9550755403617116,0.9550755403617116,0.8898668394353771,0.8898668394353771
San Mateo,081,2022-12-20,Under 5,4272.0,14185.0,9913.0,39074,0,0.1093310129497875,0.999,0.3630291242258279,0.999,0.2536981112760403,0.999
Santa Barbara,083,2022-12-20,12-17,2431.0,25176.0,22745.0,35944,35944,0.0676329846427776,0.0676329846427776,0.7004228800356109,0.7004228800356109,0.6327898953928333,0.6327898953928333
Santa Barbara,083,2022-12-20,18-49,20692.0,167665.0,146973.0,203226,203226,0.1018176808085579,0.1018176808085579,0.8250174682373318,0.8250174682373318,0.7231997874287739,0.7231997874287739
Santa Barbara,083,2022-12-20,5-11,2269.0,14935.0,12666.0,39516,0,0.0574197793298916,0.999,0.3779481728919931,0.999,0.3205283935621014,0.999
Santa Barbara,083,2022-12-20,50-64,5943.0,69504.0,63561.0,75640,75640,0.0785695399259651,0.0785695399259651,0.918878900052882,0.918878900052882,0.8403093601269169,0.8403093601269169
Santa Barbara,083,2022-12-20,65+,5929.0,75395.0,69466.0,72806,72806,0.0814355959673653,0.0814355959673653,0.999,0.999,0.95412466005549,0.95412466005549
Santa Barbara,083,2022-12-20,Under 5,1232.0,2347.0,1115.0,26366,0,0.0467268451793977,0.999,0.0890161571721156,0.999,0.0422893119927179,0.999
Santa Clara,085,2022-12-20,12-17,5896.0,131748.0,125852.0,155760,155760,0.0378531073446327,0.0378531073446327,0.8458397534668721,0.8458397534668721,0.8079866461222394,0.8079866461222394
Santa Clara,085,2022-12-20,18-49,68916.0,876431.0,807515.0,849199,849199,0.081154122885213,0.081154122885213,0.999,0.999,0.9509137434217422,0.9509137434217422
Santa Clara,085,2022-12-20,5-11,7512.0,108515.0,101003.0,168153,0,0.0446736008278175,0.999,0.6453349033320844,0.999,0.600661302504267,0.999
Santa Clara,085,2022-12-20,50-64,25824.0,376810.0,350986.0,387030,387030,0.0667235098054414,0.0667235098054414,0.9735937782600832,0.9735937782600832,0.9068702684546418,0.9068702684546418
Santa Clara,085,2022-12-20,65+,21838.0,300088.0,278250.0,313603,313603,0.0696358134329072,0.0696358134329072,0.9569041112489356,0.9569041112489356,0.8872682978160286,0.8872682978160286
Santa Clara,085,2022-12-20,Under 5,10040.0,28855.0,18815.0,101082,0,0.0993253002512811,0.999,0.2854613086405096,0.999,0.1861360083892285,0.999
Santa Cruz,087,2022-12-20,12-17,986.0,16435.0,15449.0,22159,22159,0.0444965928065345,0.0444965928065345,0.7416850940926937,0.7416850940926937,0.6971885012861592,0.6971885012861592
Santa Cruz,087,2022-12-20,18-49,9050.0,100546.0,91496.0,114109,114109,0.0793101332936052,0.0793101332936052,0.8811399626672742,0.8811399626672742,0.8018298293736691,0.8018298293736691
Santa Cruz,087,2022-12-20,5-11,1377.0,11650.0,10273.0,22722,0,0.0606020596778452,0.999,0.5127189507965848,0.999,0.4521168911187395,0.999
Santa Cruz,087,2022-12-20,50-64,3070.0,48438.0,45368.0,51797,51797,0.0592698418827345,0.0592698418827345,0.9351506844025717,0.9351506844025717,0.8758808425198371,0.8758808425198371
Santa Cruz,087,2022-12-20,65+,3361.0,50662.0,47301.0,51494,51494,0.0652697401639025,0.0652697401639025,0.9838427777993553,0.9838427777993553,0.9185730376354528,0.9185730376354528
Santa Cruz,087,2022-12-20,Under 5,713.0,2362.0,1649.0,12742,0,0.055956678700361,0.999,0.1853712133103123,0.999,0.1294145346099513,0.999
Shasta,089,2022-12-20,12-17,424.0,4346.0,3922.0,13149,13149,0.0322457981595558,0.0322457981595558,0.3305194311354476,0.3305194311354476,0.2982736329758917,0.2982736329758917
Shasta,089,2022-12-20,18-49,3831.0,32985.0,29154.0,68656,68656,0.0557999300862269,0.0557999300862269,0.4804387089256584,0.4804387089256584,0.4246387788394313,0.4246387788394313
Shasta,089,2022-12-20,5-11,232.0,1863.0,1631.0,14526,0,0.0159713616962687,0.999,0.1282527881040892,0.999,0.1122814264078204,0.999
Shasta,089,2022-12-20,50-64,2169.0,23066.0,20897.0,32608,32608,0.0665174190382728,0.0665174190382728,0.7073724239450442,0.7073724239450442,0.6408550049067714,0.6408550049067714
Shasta,089,2022-12-20,65+,3637.0,33181.0,29544.0,37463,37463,0.0970824546886261,0.0970824546886261,0.8857005578837787,0.8857005578837787,0.7886181031951526,0.7886181031951526
Shasta,089,2022-12-20,Under 5,74.0,173.0,99.0,10049,0,0.0073639168076425,0.999,0.0172156433475967,0.999,0.0098517265399542,0.999
Sierra,091,2022-12-20,12-17,12.0,67.0,55.0,154,154,0.0779220779220779,0.0779220779220779,0.435064935064935,0.435064935064935,0.3571428571428571,0.3571428571428571
Sierra,091,2022-12-20,18-49,35.0,465.0,430.0,934,934,0.0374732334047109,0.0374732334047109,0.4978586723768736,0.4978586723768736,0.4603854389721627,0.4603854389721627
Sierra,091,2022-12-20,5-11,8.0,39.0,31.0,149,0,0.0536912751677852,0.999,0.261744966442953,0.999,0.2080536912751678,0.999
Sierra,091,2022-12-20,50-64,28.0,433.0,405.0,670,670,0.0417910447761194,0.0417910447761194,0.6462686567164179,0.6462686567164179,0.6044776119402985,0.6044776119402985
Sierra,091,2022-12-20,65+,42.0,698.0,656.0,1056,1056,0.0397727272727272,0.0397727272727272,0.6609848484848485,0.6609848484848485,0.6212121212121212,0.6212121212121212
Sierra,091,2022-12-20,Under 5,,,,135,0,,,,,,
Siskiyou,093,2022-12-20,12-17,102.0,1021.0,919.0,3028,3028,0.0336856010568031,0.0336856010568031,0.3371862615587847,0.3371862615587847,0.3035006605019815,0.3035006605019815
Siskiyou,093,2022-12-20,18-49,1027.0,7454.0,6427.0,14922,14922,0.0688245543492829,0.0688245543492829,0.4995308939820399,0.4995308939820399,0.430706339632757,0.430706339632757
Siskiyou,093,2022-12-20,5-11,75.0,446.0,371.0,3090,0,0.0242718446601941,0.999,0.144336569579288,0.999,0.1200647249190938,0.999
Siskiyou,093,2022-12-20,50-64,658.0,5948.0,5290.0,8041,8041,0.081830618082328,0.081830618082328,0.7397089914189777,0.7397089914189777,0.6578783733366497,0.6578783733366497
Siskiyou,093,2022-12-20,65+,843.0,9513.0,8670.0,11991,11991,0.0703027270452839,0.0703027270452839,0.7933450087565674,0.7933450087565674,0.7230422817112835,0.7230422817112835
Siskiyou,093,2022-12-20,Under 5,24.0,47.0,23.0,2243,0,0.0106999554168524,0.999,0.0209540793580026,0.999,0.0102541239411502,0.999
Solano,095,2022-12-20,12-17,2651.0,24805.0,22154.0,36912,36912,0.0718194625054182,0.0718194625054182,0.672003684438665,0.672003684438665,0.6001842219332466,0.6001842219332466
Solano,095,2022-12-20,18-49,17151.0,150040.0,132889.0,184205,184205,0.0931082218180831,0.0931082218180831,0.8145272929616459,0.8145272929616459,0.7214190711435629,0.7214190711435629
Solano,095,2022-12-20,5-11,1686.0,14349.0,12663.0,36790,0,0.0458276705626529,0.999,0.3900244631693395,0.999,0.3441967926066866,0.999
Solano,095,2022-12-20,50-64,7009.0,78167.0,71158.0,84246,84246,0.0831968283360634,0.0831968283360634,0.9278422714431546,0.9278422714431546,0.8446454431070911,0.8446454431070911
Solano,095,2022-12-20,65+,6899.0,76764.0,69865.0,78679,78679,0.0876854052542609,0.0876854052542609,0.9756605955845904,0.9756605955845904,0.8879751903303296,0.8879751903303296
Solano,095,2022-12-20,Under 5,949.0,2381.0,1432.0,24494,0,0.0387441822487139,0.999,0.0972074793827059,0.999,0.0584632971339919,0.999
Sonoma,097,2022-12-20,12-17,1867.0,28582.0,26715.0,34575,34575,0.053998553868402,0.053998553868402,0.8266666666666667,0.8266666666666667,0.7726681127982646,0.7726681127982646
Sonoma,097,2022-12-20,18-49,14316.0,175876.0,161560.0,198918,198918,0.0719693542062558,0.0719693542062558,0.8841633235805709,0.8841633235805709,0.8121939693743151,0.8121939693743151
Sonoma,097,2022-12-20,5-11,2074.0,19650.0,17576.0,34278,0,0.0605052803547464,0.999,0.5732539821459829,0.999,0.5127487017912363,0.999
Sonoma,097,2022-12-20,50-64,5502.0,92602.0,87100.0,101647,101647,0.0541285035465877,0.0541285035465877,0.9110155735043828,0.9110155735043828,0.8568870699577951,0.8568870699577951
Sonoma,097,2022-12-20,65+,6653.0,108710.0,102057.0,110975,110975,0.0599504392881279,0.0599504392881279,0.9795899977472404,0.9795899977472404,0.9196395584591124,0.9196395584591124
Sonoma,097,2022-12-20,Under 5,1224.0,3667.0,2443.0,20486,0,0.0597481206677731,0.999,0.1790002928829444,0.999,0.1192521722151713,0.999
Stanislaus,099,2022-12-20,12-17,3421.0,29125.0,25704.0,50399,50399,0.0678783309192642,0.0678783309192642,0.5778884501676621,0.5778884501676621,0.5100101192483978,0.5100101192483978
Stanislaus,099,2022-12-20,18-49,26271.0,162659.0,136388.0,246429,246429,0.1066067711186589,0.1066067711186589,0.6600643593083606,0.6600643593083606,0.5534575881897017,0.5534575881897017
Stanislaus,099,2022-12-20,5-11,2489.0,13794.0,11305.0,56256,0,0.0442441695108077,0.999,0.2452005119453925,0.999,0.2009563424345847,0.999
Stanislaus,099,2022-12-20,50-64,12087.0,75739.0,63652.0,94576,94576,0.1278019793605143,0.1278019793605143,0.8008268482490273,0.8008268482490273,0.673024868888513,0.673024868888513
Stanislaus,099,2022-12-20,65+,7806.0,72216.0,64410.0,77562,77562,0.100642066991568,0.100642066991568,0.9310744952425156,0.9310744952425156,0.8304324282509477,0.8304324282509477
Stanislaus,099,2022-12-20,Under 5,391.0,549.0,158.0,36729,0,0.0106455389474257,0.999,0.0149473168341092,0.999,0.0043017778866835,0.999
Sutter,101,2022-12-20,12-17,368.0,4834.0,4466.0,8677,8677,0.0424109715339403,0.0424109715339403,0.5571049902039875,0.5571049902039875,0.5146940186700473,0.5146940186700473
Sutter,101,2022-12-20,18-49,2412.0,28282.0,25870.0,41923,41923,0.0575340505211936,0.0575340505211936,0.6746177515922047,0.6746177515922047,0.6170837010710112,0.6170837010710112
Sutter,101,2022-12-20,5-11,266.0,2197.0,1931.0,8969,0,0.0296577098896198,0.999,0.2449548444642658,0.999,0.215297134574646,0.999
Sutter,101,2022-12-20,50-64,1062.0,14447.0,13385.0,17567,17567,0.0604542608299652,0.0604542608299652,0.8223942619684635,0.8223942619684635,0.7619400011384984,0.7619400011384984
Sutter,101,2022-12-20,65+,1040.0,14668.0,13628.0,15705,15705,0.0662209487424387,0.0662209487424387,0.9339700732250876,0.9339700732250876,0.8677491244826488,0.8677491244826488
Sutter,101,2022-12-20,Under 5,95.0,149.0,54.0,6369,0,0.0149159993719579,0.999,0.0233945674360182,0.999,0.0084785680640602,0.999
Tehama,103,2022-12-20,12-17,142.0,1773.0,1631.0,5299,5299,0.0267975089639554,0.0267975089639554,0.3345914323457256,0.3345914323457256,0.3077939233817701,0.3077939233817701
Tehama,103,2022-12-20,18-49,1266.0,11272.0,10006.0,24685,24685,0.051286206198096,0.051286206198096,0.4566335831476605,0.4566335831476605,0.4053473769495645,0.4053473769495645
Tehama,103,2022-12-20,5-11,132.0,726.0,594.0,5533,0,0.0238568588469184,0.999,0.1312127236580517,0.999,0.1073558648111332,0.999
Tehama,103,2022-12-20,50-64,613.0,7736.0,7123.0,11886,11886,0.0515732794884738,0.0515732794884738,0.6508497391889618,0.6508497391889618,0.5992764597004879,0.5992764597004879
Tehama,103,2022-12-20,65+,793.0,9968.0,9175.0,12714,12714,0.0623721881390593,0.0623721881390593,0.7840176183734466,0.7840176183734466,0.7216454302343873,0.7216454302343873
Tehama,103,2022-12-20,Under 5,38.0,66.0,28.0,3833,0,0.0099139055570049,0.999,0.0172188885990086,0.999,0.0073049830420036,0.999
Trinity,105,2022-12-20,12-17,61.0,280.0,219.0,791,791,0.0771175726927939,0.0771175726927939,0.3539823008849557,0.3539823008849557,0.2768647281921618,0.2768647281921618
Trinity,105,2022-12-20,18-49,285.0,2092.0,1807.0,4065,4065,0.070110701107011,0.070110701107011,0.5146371463714637,0.5146371463714637,0.4445264452644526,0.4445264452644526
Trinity,105,2022-12-20,5-11,28.0,143.0,115.0,853,0,0.0328253223915592,0.999,0.167643610785463,0.999,0.1348182883939038,0.999
Trinity,105,2022-12-20,50-64,192.0,1706.0,1514.0,2628,2628,0.0730593607305936,0.0730593607305936,0.6491628614916286,0.6491628614916286,0.576103500761035,0.576103500761035
Trinity,105,2022-12-20,65+,281.0,2669.0,2388.0,4209,4209,0.0667617011166547,0.0667617011166547,0.6341173675457353,0.6341173675457353,0.5673556664290805,0.5673556664290805
Trinity,105,2022-12-20,Under 5,5.0,11.0,6.0,634,0,0.0078864353312302,0.999,0.0173501577287066,0.999,0.0094637223974763,0.999
Tulare,107,2022-12-20,12-17,2550.0,26312.0,23762.0,50139,50139,0.0508586130557051,0.0508586130557051,0.524781108518319,0.524781108518319,0.4739224954626139,0.4739224954626139
Tulare,107,2022-12-20,18-49,15551.0,138595.0,123044.0,207959,207959,0.0747791632004385,0.0747791632004385,0.6664534836193673,0.6664534836193673,0.5916743204189288,0.5916743204189288
Tulare,107,2022-12-20,5-11,1978.0,12552.0,10574.0,55176,0,0.0358489198202116,0.999,0.2274902131361461,0.999,0.1916412933159344,0.999
Tulare,107,2022-12-20,50-64,5667.0,60393.0,54726.0,73318,73318,0.0772934340816716,0.0772934340816716,0.823713140020186,0.823713140020186,0.7464197059385144,0.7464197059385144
Tulare,107,2022-12-20,65+,4915.0,52349.0,47434.0,60135,60135,0.0817327679388043,0.0817327679388043,0.8705246528643884,0.8705246528643884,0.788791884925584,0.788791884925584
Tulare,107,2022-12-20,Under 5,378.0,620.0,242.0,34922,0,0.0108241223297634,0.999,0.0177538514403527,0.999,0.0069297291105893,0.999
Tuolumne,109,2022-12-20,12-17,108.0,1228.0,1120.0,2952,2952,0.0365853658536585,0.0365853658536585,0.4159891598915989,0.4159891598915989,0.3794037940379404,0.3794037940379404
Tuolumne,109,2022-12-20,18-49,952.0,9324.0,8372.0,18149,18149,0.052454680698661,0.052454680698661,0.5137473139015923,0.5137473139015923,0.4612926332029313,0.4612926332029313
Tuolumne,109,2022-12-20,5-11,100.0,610.0,510.0,3087,0,0.0323939099449303,0.999,0.1976028506640751,0.999,0.1652089407191448,0.999
Tuolumne,109,2022-12-20,50-64,504.0,7455.0,6951.0,10157,10157,0.0496209510682288,0.0496209510682288,0.7339765678842178,0.7339765678842178,0.684355616815989,0.684355616815989
Tuolumne,109,2022-12-20,65+,709.0,12874.0,12165.0,15082,15082,0.0470096804137382,0.0470096804137382,0.8536003182601777,0.8536003182601777,0.8065906378464395,0.8065906378464395
Tuolumne,109,2022-12-20,Under 5,14.0,23.0,9.0,2305,0,0.0060737527114967,0.999,0.0099783080260303,0.999,0.0039045553145336,0.999
Ventura,111,2022-12-20,12-17,3771.0,50965.0,47194.0,68545,68545,0.0550149536800641,0.0550149536800641,0.7435261507039171,0.7435261507039171,0.688511197023853,0.688511197023853
Ventura,111,2022-12-20,18-49,26837.0,296910.0,270073.0,346804,346804,0.0773837671999169,0.0773837671999169,0.8561319938639693,0.8561319938639693,0.7787482266640523,0.7787482266640523
Ventura,111,2022-12-20,5-11,3329.0,28054.0,24725.0,72023,0,0.0462213459589297,0.999,0.3895144606584008,0.999,0.343293114699471,0.999
Ventura,111,2022-12-20,50-64,10026.0,152500.0,142474.0,169053,169053,0.059306844599031,0.059306844599031,0.9020839618344544,0.9020839618344544,0.8427771172354233,0.8427771172354233
Ventura,111,2022-12-20,65+,10065.0,147118.0,137053.0,148209,148209,0.0679108556160557,0.0679108556160557,0.992638773623734,0.992638773623734,0.9247279180076784,0.9247279180076784
Ventura,111,2022-12-20,Under 5,1830.0,3660.0,1830.0,45420,0,0.0402906208718626,0.999,0.0805812417437252,0.999,0.0402906208718626,0.999
Yolo,113,2022-12-20,12-17,913.0,12397.0,11484.0,19904,19904,0.0458701768488746,0.0458701768488746,0.6228396302250804,0.6228396302250804,0.5769694533762058,0.5769694533762058
Yolo,113,2022-12-20,18-49,10095.0,89284.0,79189.0,110776,110776,0.0911298476204232,0.0911298476204232,0.8059868563587781,0.8059868563587781,0.7148570087383549,0.7148570087383549
Yolo,113,2022-12-20,5-11,746.0,9073.0,8327.0,20046,0,0.0372144068642123,0.999,0.4526089993016063,0.999,0.415394592437394,0.999
Yolo,113,2022-12-20,50-64,2295.0,33054.0,30759.0,33444,33444,0.0686221743810549,0.0686221743810549,0.9883387154646572,0.9883387154646572,0.9197165410836023,0.9197165410836023
Yolo,113,2022-12-20,65+,2028.0,31707.0,29679.0,30639,30639,0.0661901498090668,0.0661901498090668,0.999,0.999,0.9686673847057672,0.9686673847057672
Yolo,113,2022-12-20,Under 5,689.0,1869.0,1180.0,11085,0,0.0621560667568786,0.999,0.1686062246278755,0.999,0.1064501578709968,0.999
Yuba,115,2022-12-20,12-17,333.0,3282.0,2949.0,7208,7208,0.0461986681465038,0.0461986681465038,0.4553274139844617,0.4553274139844617,0.4091287458379578,0.4091287458379578
Yuba,115,2022-12-20,18-49,1913.0,19874.0,17961.0,33335,33335,0.0573871306434678,0.0573871306434678,0.5961901904904755,0.5961901904904755,0.5388030598470076,0.5388030598470076
Yuba,115,2022-12-20,5-11,221.0,1667.0,1446.0,8000,0,0.027625,0.999,0.208375,0.999,0.18075,0.999
Yuba,115,2022-12-20,50-64,778.0,9735.0,8957.0,13385,13385,0.0581247665296974,0.0581247665296974,0.7273066865894658,0.7273066865894658,0.6691819200597684,0.6691819200597684
Yuba,115,2022-12-20,65+,696.0,9087.0,8391.0,10515,10515,0.066191155492154,0.066191155492154,0.8641940085592011,0.8641940085592011,0.7980028530670471,0.7980028530670471
Yuba,115,2022-12-20,Under 5,98.0,152.0,54.0,5680,0,0.0172535211267605,0.999,0.0267605633802816,0.999,0.0095070422535211,0.999
