date,race,age,confirmed_cases_total,confirmed_cases_percent,deaths_total,deaths_percent,population_percent
2020-07-12,asian,0-17,455,0.025,0,0.0,0.13
2020-07-12,asian,18+,13464,0.069,968,0.14,0.165
2020-07-12,asian,18-34,3364,0.049,6,0.074,0.151
2020-07-12,asian,35-49,3586,0.067,25,0.069,0.179
2020-07-12,asian,50-64,3429,0.078,96,0.082,0.167
2020-07-12,asian,65-79,1791,0.095,263,0.11900000000000001,0.17200000000000001
2020-07-12,asian,80+,1294,0.14,578,0.187,0.17200000000000001
2020-07-12,asian,all,13930,0.066,968,0.14,0.157
2020-07-12,black,0-17,393,0.022,0,0.0,0.054
2020-07-12,black,18+,8790,0.045,615,0.089,0.061
2020-07-12,black,18-34,2617,0.038,12,0.148,0.065
2020-07-12,black,35-49,2068,0.039,21,0.058,0.059000000000000004
2020-07-12,black,50-64,2149,0.049,86,0.074,0.064
2020-07-12,black,65-79,1264,0.068,236,0.107,0.055
2020-07-12,black,80+,692,0.075,260,0.084,0.048
2020-07-12,black,all,9196,0.043000000000000003,615,0.089,0.06
2020-07-12,latino,0-17,11944,0.666,0,0.0,0.47900000000000004
2020-07-12,latino,18+,103806,0.537,3029,0.438,0.363
2020-07-12,latino,18-34,39361,0.5730000000000001,52,0.642,0.45
2020-07-12,latino,35-49,30941,0.58,282,0.779,0.41500000000000004
2020-07-12,latino,50-64,22898,0.527,748,0.642,0.322
2020-07-12,latino,65-79,7777,0.41600000000000004,1012,0.459,0.218
2020-07-12,latino,80+,2829,0.305,935,0.302,0.196
2020-07-12,latino,all,115828,0.548,3029,0.438,0.389
2020-07-12,other,0-17,3545,0.197,0,0.0,0.044
2020-07-12,other,18+,31639,0.163,149,0.022,0.022
2020-07-12,other,18-34,13160,0.192,2,0.025,0.032
2020-07-12,other,35-49,9164,0.17200000000000001,8,0.023,0.021
2020-07-12,other,50-64,6553,0.151,20,0.017,0.017
2020-07-12,other,65-79,2061,0.11,47,0.021,0.015
2020-07-12,other,80+,701,0.075,72,0.024,0.013000000000000001
2020-07-12,other,all,35191,0.166,149,0.022,0.027
2020-07-12,white,0-17,1607,0.09,0,0.0,0.292
2020-07-12,white,18+,35760,0.185,2147,0.311,0.388
2020-07-12,white,18-34,10136,0.148,9,0.111,0.302
2020-07-12,white,35-49,7627,0.14300000000000002,26,0.07200000000000001,0.325
2020-07-12,white,50-64,8412,0.194,215,0.185,0.43
2020-07-12,white,65-79,5814,0.311,648,0.294,0.54
2020-07-12,white,80+,3771,0.406,1249,0.404,0.5720000000000001
2020-07-12,white,all,37400,0.177,2147,0.311,0.366
2020-07-11,asian,0-17,440,0.025,0,0.0,0.13
2020-07-11,asian,18+,13265,0.07,966,0.14,0.165
2020-07-11,asian,18-34,3298,0.05,6,0.074,0.151
2020-07-11,asian,35-49,3537,0.068,25,0.069,0.179
2020-07-11,asian,50-64,3377,0.079,96,0.083,0.167
2020-07-11,asian,65-79,1767,0.096,262,0.11900000000000001,0.17200000000000001
2020-07-11,asian,80+,1286,0.14,577,0.187,0.17200000000000001
2020-07-11,asian,all,13716,0.067,966,0.14,0.157
2020-07-11,black,0-17,376,0.022,0,0.0,0.054
2020-07-11,black,18+,8632,0.046,613,0.089,0.061
2020-07-11,black,18-34,2551,0.038,12,0.148,0.065
2020-07-11,black,35-49,2030,0.039,21,0.058,0.059000000000000004
2020-07-11,black,50-64,2114,0.05,86,0.074,0.064
2020-07-11,black,65-79,1248,0.068,236,0.107,0.055
2020-07-11,black,80+,689,0.075,258,0.084,0.048
2020-07-11,black,all,9021,0.044,613,0.089,0.06
2020-07-11,latino,0-17,11564,0.666,0,0.0,0.47900000000000004
2020-07-11,latino,18+,101215,0.537,3020,0.438,0.363
2020-07-11,latino,18-34,38161,0.5740000000000001,52,0.642,0.45
2020-07-11,latino,35-49,30218,0.58,282,0.781,0.41500000000000004
2020-07-11,latino,50-64,22412,0.528,745,0.642,0.322
2020-07-11,latino,65-79,7634,0.41600000000000004,1007,0.458,0.218
2020-07-11,latino,80+,2790,0.304,934,0.302,0.196
2020-07-11,latino,all,112854,0.548,3020,0.438,0.389
2020-07-11,other,0-17,3442,0.198,0,0.0,0.044
2020-07-11,other,18+,30589,0.161,149,0.022,0.022
2020-07-11,other,18-34,12717,0.191,2,0.025,0.032
2020-07-11,other,35-49,8837,0.17,7,0.02,0.021
2020-07-11,other,50-64,6363,0.15,21,0.018000000000000002,0.017
2020-07-11,other,65-79,1988,0.108,47,0.021,0.015
2020-07-11,other,80+,684,0.074,72,0.024,0.013000000000000001
2020-07-11,other,all,34037,0.165,149,0.022,0.027
2020-07-11,white,0-17,1553,0.089,0,0.0,0.292
2020-07-11,white,18+,34895,0.185,2140,0.311,0.388
2020-07-11,white,18-34,9768,0.147,9,0.111,0.302
2020-07-11,white,35-49,7447,0.14300000000000002,26,0.07200000000000001,0.325
2020-07-11,white,50-64,8208,0.193,212,0.183,0.43
2020-07-11,white,65-79,5732,0.312,646,0.294,0.54
2020-07-11,white,80+,3740,0.40700000000000003,1247,0.404,0.5720000000000001
2020-07-11,white,all,36481,0.177,2140,0.311,0.366
2020-07-10,asian,0-17,434,0.026000000000000002,0,0.0,0.13
2020-07-10,asian,18+,13000,0.07100000000000001,955,0.14200000000000002,0.165
2020-07-10,asian,18-34,3215,0.05,6,0.076,0.151
2020-07-10,asian,35-49,3469,0.069,24,0.068,0.179
2020-07-10,asian,50-64,3310,0.08,93,0.082,0.167
2020-07-10,asian,65-79,1742,0.097,257,0.12,0.17200000000000001
2020-07-10,asian,80+,1264,0.14,575,0.188,0.17200000000000001
2020-07-10,asian,all,13445,0.067,955,0.14200000000000002,0.157
2020-07-10,black,0-17,366,0.022,0,0.0,0.054
2020-07-10,black,18+,8398,0.046,608,0.09,0.061
2020-07-10,black,18-34,2459,0.038,12,0.152,0.065
2020-07-10,black,35-49,1973,0.039,22,0.063,0.059000000000000004
2020-07-10,black,50-64,2056,0.05,86,0.076,0.064
2020-07-10,black,65-79,1232,0.069,232,0.109,0.055
2020-07-10,black,80+,678,0.075,256,0.084,0.048
2020-07-10,black,all,8777,0.044,608,0.09,0.06
2020-07-10,latino,0-17,11221,0.666,0,0.0,0.47900000000000004
2020-07-10,latino,18+,98541,0.537,2941,0.436,0.363
2020-07-10,latino,18-34,37034,0.5740000000000001,50,0.633,0.45
2020-07-10,latino,35-49,29462,0.581,272,0.775,0.41500000000000004
2020-07-10,latino,50-64,21872,0.528,727,0.642,0.322
2020-07-10,latino,65-79,7445,0.41500000000000004,975,0.456,0.218
2020-07-10,latino,80+,2728,0.303,917,0.301,0.196
2020-07-10,latino,all,109834,0.548,2941,0.436,0.389
2020-07-10,other,0-17,3334,0.198,0,0.0,0.044
2020-07-10,other,18+,29746,0.161,143,0.022,0.022
2020-07-10,other,18-34,12373,0.192,2,0.025,0.032
2020-07-10,other,35-49,8556,0.169,7,0.02,0.021
2020-07-10,other,50-64,6210,0.15,21,0.018000000000000002,0.017
2020-07-10,other,65-79,1938,0.108,43,0.02,0.015
2020-07-10,other,80+,669,0.074,70,0.023,0.013000000000000001
2020-07-10,other,all,33087,0.165,143,0.022,0.027
2020-07-10,white,0-17,1491,0.089,0,0.0,0.292
2020-07-10,white,18+,33851,0.184,2103,0.312,0.388
2020-07-10,white,18-34,9397,0.146,9,0.114,0.302
2020-07-10,white,35-49,7225,0.14300000000000002,26,0.074,0.325
2020-07-10,white,50-64,7977,0.193,206,0.182,0.43
2020-07-10,white,65-79,5592,0.312,631,0.295,0.54
2020-07-10,white,80+,3660,0.40700000000000003,1231,0.404,0.5720000000000001
2020-07-10,white,all,35378,0.176,2103,0.312,0.366
2020-07-08,asian,0-17,421,0.027,0,0.0,0.13
2020-07-08,asian,18+,12527,0.07200000000000001,932,0.14300000000000002,0.165
2020-07-08,asian,18-34,3057,0.05,5,0.066,0.151
2020-07-08,asian,35-49,3329,0.069,24,0.07200000000000001,0.179
2020-07-08,asian,50-64,3213,0.081,91,0.085,0.167
2020-07-08,asian,65-79,1679,0.097,250,0.121,0.17200000000000001
2020-07-08,asian,80+,1249,0.14300000000000002,562,0.189,0.17200000000000001
2020-07-08,asian,all,12959,0.068,932,0.14200000000000002,0.157
2020-07-08,black,0-17,342,0.022,0,0.0,0.054
2020-07-08,black,18+,7980,0.046,593,0.091,0.061
2020-07-08,black,18-34,2298,0.038,12,0.158,0.065
2020-07-08,black,35-49,1867,0.039,21,0.063,0.059000000000000004
2020-07-08,black,50-64,1971,0.05,83,0.077,0.064
2020-07-08,black,65-79,1188,0.069,228,0.111,0.055
2020-07-08,black,80+,656,0.075,249,0.084,0.048
2020-07-08,black,all,8336,0.044,593,0.091,0.06
2020-07-08,latino,0-17,10474,0.662,0,0.0,0.47900000000000004
2020-07-08,latino,18+,93497,0.536,2807,0.431,0.363
2020-07-08,latino,18-34,34880,0.5750000000000001,47,0.618,0.45
2020-07-08,latino,35-49,27961,0.581,260,0.776,0.41500000000000004
2020-07-08,latino,50-64,20913,0.528,686,0.638,0.322
2020-07-08,latino,65-79,7112,0.41300000000000003,929,0.45,0.218
2020-07-08,latino,80+,2631,0.302,885,0.298,0.196
2020-07-08,latino,all,104040,0.547,2808,0.431,0.389
2020-07-08,other,0-17,3214,0.202,0,0.0,0.044
2020-07-08,other,18+,28475,0.163,132,0.021,0.022
2020-07-08,other,18-34,11802,0.195,2,0.026000000000000002,0.032
2020-07-08,other,35-49,8207,0.17,7,0.021,0.021
2020-07-08,other,50-64,5934,0.15,19,0.018000000000000002,0.017
2020-07-08,other,65-79,1872,0.109,40,0.02,0.015
2020-07-08,other,80+,660,0.075,64,0.021,0.013000000000000001
2020-07-08,other,all,31694,0.166,132,0.021,0.027
2020-07-08,white,0-17,1369,0.08700000000000001,0,0.0,0.292
2020-07-08,white,18+,31875,0.183,2055,0.315,0.388
2020-07-08,white,18-34,8667,0.14300000000000002,10,0.132,0.302
2020-07-08,white,35-49,6756,0.14,23,0.069,0.325
2020-07-08,white,50-64,7568,0.191,197,0.183,0.43
2020-07-08,white,65-79,5371,0.312,616,0.299,0.54
2020-07-08,white,80+,3513,0.403,1209,0.40700000000000003,0.5720000000000001
2020-07-08,white,all,33275,0.17500000000000002,2055,0.315,0.366
2020-07-07,asian,0-17,409,0.027,0,0.0,0.13
2020-07-07,asian,18+,12338,0.07200000000000001,920,0.14400000000000002,0.165
2020-07-07,asian,18-34,2995,0.05,5,0.068,0.151
2020-07-07,asian,35-49,3277,0.07,24,0.074,0.179
2020-07-07,asian,50-64,3169,0.081,91,0.08700000000000001,0.167
2020-07-07,asian,65-79,1657,0.098,242,0.12,0.17200000000000001
2020-07-07,asian,80+,1240,0.14400000000000002,558,0.191,0.17200000000000001
2020-07-07,asian,all,12758,0.069,920,0.14400000000000002,0.157
2020-07-07,black,0-17,326,0.021,0,0.0,0.054
2020-07-07,black,18+,7786,0.046,582,0.091,0.061
2020-07-07,black,18-34,2240,0.038,11,0.149,0.065
2020-07-07,black,35-49,1814,0.039,21,0.065,0.059000000000000004
2020-07-07,black,50-64,1923,0.05,83,0.08,0.064
2020-07-07,black,65-79,1163,0.069,223,0.111,0.055
2020-07-07,black,80+,646,0.075,244,0.084,0.048
2020-07-07,black,all,8125,0.044,582,0.091,0.06
2020-07-07,latino,0-17,10159,0.66,0,0.0,0.47900000000000004
2020-07-07,latino,18+,91237,0.536,2714,0.426,0.363
2020-07-07,latino,18-34,33960,0.5740000000000001,45,0.608,0.45
2020-07-07,latino,35-49,27267,0.58,249,0.771,0.41500000000000004
2020-07-07,latino,50-64,20464,0.528,659,0.632,0.322
2020-07-07,latino,65-79,6960,0.41200000000000003,899,0.447,0.218
2020-07-07,latino,80+,2586,0.302,862,0.295,0.196
2020-07-07,latino,all,101464,0.546,2715,0.426,0.389
2020-07-07,other,0-17,3180,0.20600000000000002,0,0.0,0.044
2020-07-07,other,18+,27912,0.163,132,0.021,0.022
2020-07-07,other,18-34,11551,0.196,3,0.041,0.032
2020-07-07,other,35-49,8057,0.171,7,0.021,0.021
2020-07-07,other,50-64,5818,0.151,20,0.02,0.017
2020-07-07,other,65-79,1837,0.109,38,0.017,0.015
2020-07-07,other,80+,649,0.075,64,0.021,0.013000000000000001
2020-07-07,other,all,31097,0.167,132,0.021,0.027
2020-07-07,white,0-17,1320,0.08600000000000001,0,0.0,0.292
2020-07-07,white,18+,31097,0.183,2026,0.318,0.388
2020-07-07,white,18-34,8386,0.14200000000000002,10,0.135,0.302
2020-07-07,white,35-49,6587,0.14,22,0.068,0.325
2020-07-07,white,50-64,7395,0.191,190,0.182,0.43
2020-07-07,white,65-79,5281,0.313,610,0.303,0.54
2020-07-07,white,80+,3448,0.402,1194,0.40900000000000003,0.5720000000000001
2020-07-07,white,all,32447,0.17500000000000002,2026,0.318,0.366
2020-07-06,asian,0-17,386,0.026000000000000002,0,0.0,0.13
2020-07-06,asian,18+,12044,0.073,911,0.145,0.165
2020-07-06,asian,18-34,2896,0.051000000000000004,4,0.059000000000000004,0.151
2020-07-06,asian,35-49,3193,0.07,24,0.077,0.179
2020-07-06,asian,50-64,3100,0.082,90,0.08700000000000001,0.167
2020-07-06,asian,65-79,1638,0.099,240,0.121,0.17200000000000001
2020-07-06,asian,80+,1217,0.14400000000000002,553,0.192,0.17200000000000001
2020-07-06,asian,all,12441,0.069,911,0.145,0.157
2020-07-06,black,0-17,315,0.021,0,0.0,0.054
2020-07-06,black,18+,7541,0.046,577,0.092,0.061
2020-07-06,black,18-34,2144,0.038,10,0.147,0.065
2020-07-06,black,35-49,1732,0.038,20,0.064,0.059000000000000004
2020-07-06,black,50-64,1880,0.05,82,0.079,0.064
2020-07-06,black,65-79,1144,0.069,221,0.112,0.055
2020-07-06,black,80+,641,0.076,244,0.085,0.048
2020-07-06,black,all,7869,0.044,577,0.092,0.06
2020-07-06,latino,0-17,9852,0.663,0,0.0,0.47900000000000004
2020-07-06,latino,18+,89034,0.539,2659,0.423,0.363
2020-07-06,latino,18-34,33091,0.58,43,0.632,0.45
2020-07-06,latino,35-49,26609,0.585,241,0.77,0.41500000000000004
2020-07-06,latino,50-64,19990,0.53,651,0.63,0.322
2020-07-06,latino,65-79,6796,0.41100000000000003,882,0.445,0.218
2020-07-06,latino,80+,2548,0.302,842,0.292,0.196
2020-07-06,latino,all,98954,0.549,2660,0.423,0.389
2020-07-06,other,0-17,3063,0.20600000000000002,0,0.0,0.044
2020-07-06,other,18+,26625,0.161,128,0.02,0.022
2020-07-06,other,18-34,10970,0.192,2,0.029,0.032
2020-07-06,other,35-49,7672,0.169,7,0.022,0.021
2020-07-06,other,50-64,5573,0.148,20,0.02,0.017
2020-07-06,other,65-79,1777,0.108,36,0.018000000000000002,0.015
2020-07-06,other,80+,629,0.074,63,0.023,0.012
2020-07-06,other,all,29693,0.165,128,0.02,0.027
2020-07-06,white,0-17,1239,0.083,0,0.0,0.292
2020-07-06,white,18+,29951,0.181,2006,0.319,0.388
2020-07-06,white,18-34,7969,0.14,9,0.132,0.302
2020-07-06,white,35-49,6280,0.138,21,0.067,0.325
2020-07-06,white,50-64,7141,0.189,190,0.184,0.43
2020-07-06,white,65-79,5169,0.313,603,0.304,0.54
2020-07-06,white,80+,3392,0.402,1183,0.41000000000000003,0.5720000000000001
2020-07-06,white,all,31221,0.17300000000000001,2006,0.319,0.366
2020-07-05,asian,0-17,374,0.026000000000000002,0,0.0,0.13
2020-07-05,asian,18+,11897,0.073,908,0.146,0.165
2020-07-05,asian,18-34,2856,0.051000000000000004,4,0.061,0.151
2020-07-05,asian,35-49,3157,0.07100000000000001,24,0.078,0.179
2020-07-05,asian,50-64,3064,0.082,90,0.088,0.167
2020-07-05,asian,65-79,1617,0.099,238,0.121,0.17200000000000001
2020-07-05,asian,80+,1206,0.14400000000000002,552,0.193,0.17200000000000001
2020-07-05,asian,all,12282,0.069,908,0.146,0.157
2020-07-05,black,0-17,305,0.021,0,0.0,0.054
2020-07-05,black,18+,7375,0.045,575,0.092,0.061
2020-07-05,black,18-34,2082,0.037,10,0.152,0.065
2020-07-05,black,35-49,1690,0.038,20,0.065,0.059000000000000004
2020-07-05,black,50-64,1843,0.05,82,0.08,0.064
2020-07-05,black,65-79,1130,0.069,220,0.112,0.055
2020-07-05,black,80+,630,0.076,243,0.085,0.048
2020-07-05,black,all,7693,0.043000000000000003,575,0.092,0.06
2020-07-05,latino,0-17,9691,0.667,0,0.0,0.47900000000000004
2020-07-05,latino,18+,87840,0.541,2624,0.421,0.363
2020-07-05,latino,18-34,32628,0.583,41,0.621,0.45
2020-07-05,latino,35-49,26264,0.588,23,0.769,0.41500000000000004
2020-07-05,latino,50-64,19731,0.533,644,0.629,0.322
2020-07-05,latino,65-79,6710,0.41200000000000003,871,0.443,0.218
2020-07-05,latino,80+,2507,0.301,831,0.29,0.196
2020-07-05,latino,all,97599,0.551,2625,0.422,0.389
2020-07-05,other,0-17,2968,0.20400000000000001,0,0.0,0.044
2020-07-05,other,18+,25947,0.16,127,0.02,0.022
2020-07-05,other,18-34,10677,0.19,2,0.03,0.032
2020-07-05,other,35-49,7450,0.167,6,0.019,0.021
2020-07-05,other,50-64,5435,0.147,21,0.021,0.017
2020-07-05,other,65-79,1745,0.107,35,0.018000000000000002,0.015
2020-07-05,other,80+,640,0.069,63,0.023,0.012
2020-07-05,other,all,28919,0.163,127,0.02,0.027
2020-07-05,white,0-17,1199,0.082,0,0.0,0.292
2020-07-05,white,18+,29288,0.18,1992,0.32,0.388
2020-07-05,white,18-34,7740,0.138,9,0.136,0.302
2020-07-05,white,35-49,6128,0.137,21,0.068,0.325
2020-07-05,white,50-64,6973,0.188,187,0.183,0.43
2020-07-05,white,65-79,5090,0.312,601,0.306,0.54
2020-07-05,white,80+,3357,0.403,1174,0.41000000000000003,0.5720000000000001
2020-07-05,white,all,30519,0.17200000000000001,1992,0.32,0.366
2020-07-04,asian,0-17,355,0.026000000000000002,0,0.0,0.13
2020-07-04,asian,18+,11676,0.074,905,0.147,0.165
2020-07-04,asian,18-34,2787,0.051000000000000004,4,0.062,0.151
2020-07-04,asian,35-49,3089,0.07200000000000001,23,0.075,0.179
2020-07-04,asian,50-64,3016,0.083,90,0.089,0.167
2020-07-04,asian,65-79,1597,0.1,238,0.122,0.17200000000000001
2020-07-04,asian,80+,1187,0.146,550,0.195,0.17200000000000001
2020-07-04,asian,all,12042,0.07,905,0.147,0.157
2020-07-04,black,0-17,289,0.021,0,0.0,0.054
2020-07-04,black,18+,7131,0.045,572,0.093,0.061
2020-07-04,black,18-34,1983,0.037,10,0.156,0.065
2020-07-04,black,35-49,1642,0.038,20,0.065,0.059000000000000004
2020-07-04,black,50-64,1775,0.049,81,0.08,0.064
2020-07-04,black,65-79,1114,0.07,219,0.112,0.055
2020-07-04,black,80+,617,0.076,242,0.08600000000000001,0.048
2020-07-04,black,all,7432,0.043000000000000003,572,0.093,0.06
2020-07-04,latino,0-17,9424,0.672,0,0.0,0.47900000000000004
2020-07-04,latino,18+,85892,0.545,2587,0.42,0.363
2020-07-04,latino,18-34,31870,0.589,39,0.609,0.45
2020-07-04,latino,35-49,25708,0.592,235,0.768,0.41500000000000004
2020-07-04,latino,50-64,19289,0.535,635,0.627,0.322
2020-07-04,latino,65-79,6572,0.41300000000000003,863,0.443,0.218
2020-07-04,latino,80+,2453,0.301,815,0.28800000000000003,0.196
2020-07-04,latino,all,95380,0.555,2588,0.42,0.389
2020-07-04,other,0-17,2820,0.201,0,0.0,0.044
2020-07-04,other,18+,24517,0.155,127,0.021,0.022
2020-07-04,other,18-34,10074,0.187,2,0.031,0.032
2020-07-04,other,35-49,7021,0.162,6,0.019,0.021
2020-07-04,other,50-64,5160,0.14400000000000002,20,0.02,0.017
2020-07-04,other,65-79,1648,0.10400000000000001,34,0.018000000000000002,0.015
2020-07-04,other,80+,614,0.075,65,0.024,0.013000000000000001
2020-07-04,other,all,27340,0.159,127,0.021,0.027
2020-07-04,white,0-17,1140,0.081,0,0.0,0.292
2020-07-04,white,18+,28430,0.18,1971,0.32,0.388
2020-07-04,white,18-34,7418,0.137,9,0.14100000000000001,0.302
2020-07-04,white,35-49,5938,0.137,22,0.07200000000000001,0.325
2020-07-04,white,50-64,6808,0.189,187,0.185,0.43
2020-07-04,white,65-79,4991,0.313,595,0.305,0.54
2020-07-04,white,80+,3275,0.402,1158,0.40900000000000003,0.5720000000000001
2020-07-04,white,all,29598,0.17200000000000001,1971,0.32,0.366
2020-07-03,asian,0-17,338,0.025,0,0.0,0.13
2020-07-03,asian,18+,11488,0.074,904,0.147,0.165
2020-07-03,asian,18-34,2735,0.052000000000000005,4,0.063,0.151
2020-07-03,asian,35-49,3040,0.07200000000000001,23,0.076,0.179
2020-07-03,asian,50-64,2964,0.083,90,0.089,0.167
2020-07-03,asian,65-79,1569,0.1,238,0.122,0.17200000000000001
2020-07-03,asian,80+,1180,0.146,549,0.195,0.17200000000000001
2020-07-03,asian,all,11837,0.07,904,0.147,0.157
2020-07-03,black,0-17,278,0.02,0,0.0,0.054
2020-07-03,black,18+,7019,0.045,572,0.093,0.061
2020-07-03,black,18-34,1935,0.037,10,0.159,0.065
2020-07-03,black,35-49,1615,0.038,20,0.066,0.059000000000000004
2020-07-03,black,50-64,1752,0.049,81,0.08,0.064
2020-07-03,black,65-79,1101,0.07,219,0.112,0.055
2020-07-03,black,80+,616,0.076,242,0.08600000000000001,0.048
2020-07-03,black,all,7310,0.043000000000000003,572,0.093,0.06
2020-07-03,latino,0-17,9198,0.673,0,0.0,0.47900000000000004
2020-07-03,latino,18+,84296,0.546,2574,0.419,0.363
2020-07-03,latino,18-34,31188,0.591,39,0.619,0.45
2020-07-03,latino,35-49,25216,0.593,233,0.766,0.41500000000000004
2020-07-03,latino,50-64,18971,0.535,632,0.625,0.322
2020-07-03,latino,65-79,6489,0.41400000000000003,860,0.442,0.218
2020-07-03,latino,80+,2432,0.301,810,0.28700000000000003,0.196
2020-07-03,latino,all,93556,0.556,2575,0.419,0.389
2020-07-03,other,0-17,2758,0.202,0,0.0,0.044
2020-07-03,other,18+,24008,0.155,125,0.021,0.022
2020-07-03,other,18-34,9850,0.187,2,0.032,0.032
2020-07-03,other,35-49,6855,0.162,6,0.019,0.021
2020-07-03,other,50-64,5079,0.14400000000000002,20,0.02,0.017
2020-07-03,other,65-79,1621,0.10400000000000001,34,0.018000000000000002,0.015
2020-07-03,other,80+,603,0.074,63,0.023,0.013000000000000001
2020-07-03,other,all,26768,0.159,125,0.021,0.027
2020-07-03,white,0-17,1092,0.08,0,0.0,0.292
2020-07-03,white,18+,27678,0.179,1970,0.321,0.388
2020-07-03,white,18-34,7084,0.134,8,0.127,0.302
2020-07-03,white,35-49,5781,0.136,22,0.07200000000000001,0.325
2020-07-03,white,50-64,6672,0.188,188,0.186,0.43
2020-07-03,white,65-79,4903,0.313,596,0.306,0.54
2020-07-03,white,80+,3238,0.401,1156,0.41000000000000003,0.5720000000000001
2020-07-03,white,all,28799,0.171,1970,0.321,0.366
2020-07-02,asian,0-17,331,0.025,0,0.0,0.13
2020-07-02,asian,18+,11292,0.075,900,0.148,0.165
2020-07-02,asian,18-34,2651,0.052000000000000005,4,0.062,0.151
2020-07-02,asian,35-49,2992,0.07200000000000001,23,0.077,0.179
2020-07-02,asian,50-64,2929,0.084,90,0.09,0.167
2020-07-02,asian,65-79,1550,0.1,237,0.122,0.17200000000000001
2020-07-02,asian,80+,1170,0.146,546,0.195,0.17200000000000001
2020-07-02,asian,all,11633,0.07100000000000001,900,0.147,0.157
2020-07-02,black,0-17,262,0.02,0,0.0,0.054
2020-07-02,black,18+,6871,0.046,570,0.093,0.061
2020-07-02,black,18-34,1868,0.037,10,0.156,0.065
2020-07-02,black,35-49,1583,0.038,20,0.067,0.059000000000000004
2020-07-02,black,50-64,1724,0.05,80,0.08,0.064
2020-07-02,black,65-79,1086,0.07100000000000001,219,0.113,0.055
2020-07-02,black,80+,610,0.077,241,0.08600000000000001,0.048
2020-07-02,black,all,7144,0.044,570,0.093,0.06
2020-07-02,latino,0-17,8928,0.672,0,0.0,0.47900000000000004
2020-07-02,latino,18+,82328,0.547,2545,0.417,0.363
2020-07-02,latino,18-34,30324,0.593,40,0.625,0.45
2020-07-02,latino,35-49,24631,0.594,228,0.765,0.41500000000000004
2020-07-02,latino,50-64,18601,0.536,624,0.623,0.322
2020-07-02,latino,65-79,6373,0.41400000000000003,853,0.44,0.218
2020-07-02,latino,80+,2399,0.301,800,0.28600000000000003,0.196
2020-07-02,latino,all,91317,0.557,2546,0.418,0.389
2020-07-02,other,0-17,2718,0.20400000000000001,0,0.0,0.044
2020-07-02,other,18+,23350,0.155,125,0.021,0.022
2020-07-02,other,18-34,9567,0.187,2,0.031,0.032
2020-07-02,other,35-49,6639,0.16,6,0.02,0.021
2020-07-02,other,50-64,4966,0.14400000000000002,20,0.02,0.017
2020-07-02,other,65-79,1581,0.10300000000000001,34,0.018000000000000002,0.015
2020-07-02,other,80+,597,0.075,63,0.023,0.013000000000000001
2020-07-02,other,all,26070,0.159,125,0.021,0.027
2020-07-02,white,0-17,1046,0.079,0,0.0,0.292
2020-07-02,white,18+,26799,0.178,1957,0.321,0.388
2020-07-02,white,18-34,6747,0.132,8,0.125,0.302
2020-07-02,white,35-49,5588,0.135,21,0.07,0.325
2020-07-02,white,50-64,6482,0.187,187,0.187,0.43
2020-07-02,white,65-79,4792,0.312,595,0.307,0.54
2020-07-02,white,80+,3190,0.4,1146,0.41000000000000003,0.5720000000000001
2020-07-02,white,all,27871,0.17,1957,0.321,0.366
2020-07-01,asian,0-17,323,0.026000000000000002,0,0.0,0.13
2020-07-01,asian,18+,11063,0.075,882,0.148,0.165
2020-07-01,asian,18-34,2579,0.052000000000000005,4,0.062,0.151
2020-07-01,asian,35-49,2928,0.073,22,0.076,0.179
2020-07-01,asian,50-64,2874,0.085,89,0.09,0.167
2020-07-01,asian,65-79,1521,0.101,233,0.122,0.17200000000000001
2020-07-01,asian,80+,1161,0.148,534,0.195,0.17200000000000001
2020-07-01,asian,all,11396,0.07100000000000001,882,0.148,0.157
2020-07-01,black,0-17,253,0.02,0,0.0,0.054
2020-07-01,black,18+,6690,0.046,561,0.094,0.061
2020-07-01,black,18-34,1781,0.036000000000000004,10,0.156,0.065
2020-07-01,black,35-49,1542,0.038,20,0.069,0.059000000000000004
2020-07-01,black,50-64,1688,0.05,77,0.078,0.064
2020-07-01,black,65-79,1076,0.07100000000000001,215,0.113,0.055
2020-07-01,black,80+,603,0.077,239,0.08700000000000001,0.048
2020-07-01,black,all,6953,0.044,561,0.094,0.06
2020-07-01,latino,0-17,8602,0.67,0,0.0,0.47900000000000004
2020-07-01,latino,18+,79982,0.546,2499,0.418,0.363
2020-07-01,latino,18-34,29326,0.594,40,0.625,0.45
2020-07-01,latino,35-49,23939,0.594,221,0.762,0.41500000000000004
2020-07-01,latino,50-64,18135,0.536,616,0.627,0.322
2020-07-01,latino,65-79,6236,0.41400000000000003,839,0.44,0.218
2020-07-01,latino,80+,2346,0.30000000000000004,783,0.28600000000000003,0.196
2020-07-01,latino,all,88642,0.556,2500,0.418,0.389
2020-07-01,other,0-17,2668,0.20800000000000002,0,0.0,0.044
2020-07-01,other,18+,22748,0.155,117,0.02,0.022
2020-07-01,other,18-34,9288,0.188,2,0.031,0.032
2020-07-01,other,35-49,6473,0.161,6,0.02,0.021
2020-07-01,other,50-64,4845,0.14400000000000002,19,0.019,0.017
2020-07-01,other,65-79,1553,0.10300000000000001,33,0.017,0.015
2020-07-01,other,80+,589,0.076,57,0.02,0.013000000000000001
2020-07-01,other,all,25418,0.16,117,0.02,0.027
2020-07-01,white,0-17,985,0.077,0,0.0,0.292
2020-07-01,white,18+,25881,0.177,1923,0.321,0.388
2020-07-01,white,18-34,6366,0.129,8,0.125,0.302
2020-07-01,white,35-49,5388,0.134,21,0.07200000000000001,0.325
2020-07-01,white,50-64,6310,0.186,182,0.185,0.43
2020-07-01,white,65-79,4688,0.311,586,0.307,0.54
2020-07-01,white,80+,3129,0.4,1126,0.41100000000000003,0.5720000000000001
2020-07-01,white,all,26891,0.169,1923,0.321,0.366
2020-06-30,asian,0-17,312,0.026000000000000002,0,0.0,0.13
2020-06-30,asian,18+,10838,0.076,878,0.149,0.165
2020-06-30,asian,18-34,2516,0.052000000000000005,4,0.065,0.151
2020-06-30,asian,35-49,2859,0.073,22,0.077,0.179
2020-06-30,asian,50-64,2812,0.085,88,0.091,0.167
2020-06-30,asian,65-79,1502,0.101,233,0.124,0.17200000000000001
2020-06-30,asian,80+,1149,0.149,531,0.196,0.17200000000000001
2020-06-30,asian,all,11160,0.07200000000000001,878,0.149,0.157
2020-06-30,black,0-17,236,0.019,0,0.0,0.054
2020-06-30,black,18+,6527,0.046,556,0.094,0.061
2020-06-30,black,18-34,1716,0.036000000000000004,10,0.161,0.065
2020-06-30,black,35-49,1497,0.038,20,0.07,0.059000000000000004
2020-06-30,black,50-64,1656,0.05,77,0.08,0.064
2020-06-30,black,65-79,1061,0.07200000000000001,214,0.113,0.055
2020-06-30,black,80+,597,0.077,235,0.08700000000000001,0.048
2020-06-30,black,all,6774,0.044,556,0.094,0.06
2020-06-30,latino,0-17,8266,0.668,0,0.0,0.47900000000000004
2020-06-30,latino,18+,77685,0.545,2455,0.41600000000000004,0.363
2020-06-30,latino,18-34,28323,0.594,39,0.629,0.45
2020-06-30,latino,35-49,23264,0.594,218,0.76,0.41500000000000004
2020-06-30,latino,50-64,17703,0.536,600,0.622,0.322
2020-06-30,latino,65-79,6078,0.41200000000000003,829,0.44,0.218
2020-06-30,latino,80+,2317,0.30000000000000004,769,0.28400000000000003,0.196
2020-06-30,latino,all,86009,0.555,2456,0.41600000000000004,0.389
2020-06-30,other,0-17,2629,0.212,0,0.0,0.044
2020-06-30,other,18+,22208,0.156,113,0.02,0.022
2020-06-30,other,18-34,9057,0.19,2,0.032,0.032
2020-06-30,other,35-49,6339,0.162,6,0.02,0.021
2020-06-30,other,50-64,4738,0.14400000000000002,19,0.019,0.017
2020-06-30,other,65-79,1503,0.10200000000000001,31,0.017,0.015
2020-06-30,other,80+,571,0.074,55,0.02,0.013000000000000001
2020-06-30,other,all,24839,0.161,113,0.02,0.027
2020-06-30,white,0-17,937,0.076,0,0.0,0.292
2020-06-30,white,18+,25163,0.177,1902,0.322,0.388
2020-06-30,white,18-34,6096,0.128,7,0.113,0.302
2020-06-30,white,35-49,5220,0.133,21,0.073,0.325
2020-06-30,white,50-64,6149,0.186,180,0.187,0.43
2020-06-30,white,65-79,4615,0.313,579,0.307,0.54
2020-06-30,white,80+,3083,0.4,1115,0.41200000000000003,0.5720000000000001
2020-06-30,white,all,26127,0.169,1902,0.322,0.366
2020-06-29,asian,0-17,287,0.024,0,0.0,0.13
2020-06-29,asian,18+,10603,0.076,871,0.15,0.165
2020-06-29,asian,18-34,2450,0.053,4,0.066,0.151
2020-06-29,asian,35-49,2776,0.073,22,0.077,0.179
2020-06-29,asian,50-64,2769,0.08600000000000001,88,0.092,0.167
2020-06-29,asian,65-79,1470,0.101,229,0.123,0.17200000000000001
2020-06-29,asian,80+,1138,0.15,528,0.199,0.17200000000000001
2020-06-29,asian,all,10900,0.07200000000000001,871,0.15,0.157
2020-06-29,black,0-17,218,0.018000000000000002,0,0.0,0.054
2020-06-29,black,18+,6328,0.046,551,0.095,0.061
2020-06-29,black,18-34,1624,0.035,9,0.148,0.065
2020-06-29,black,35-49,1458,0.038,20,0.07,0.059000000000000004
2020-06-29,black,50-64,1613,0.05,77,0.081,0.064
2020-06-29,black,65-79,1042,0.07200000000000001,211,0.114,0.055
2020-06-29,black,80+,591,0.078,234,0.088,0.048
2020-06-29,black,all,6557,0.044,551,0.095,0.06
2020-06-29,latino,0-17,7977,0.67,0,0.0,0.47900000000000004
2020-06-29,latino,18+,75626,0.547,2414,0.41500000000000004,0.363
2020-06-29,latino,18-34,27491,0.598,39,0.639,0.45
2020-06-29,latino,35-49,22610,0.596,215,0.757,0.41500000000000004
2020-06-29,latino,50-64,17299,0.537,589,0.62,0.322
2020-06-29,latino,65-79,5965,0.41200000000000003,821,0.442,0.218
2020-06-29,latino,80+,2261,0.298,750,0.28200000000000003,0.196
2020-06-29,latino,all,83658,0.557,2415,0.41600000000000004,0.389
2020-06-29,other,0-17,2542,0.213,0,0.0,0.044
2020-06-29,other,18+,21307,0.154,103,0.018000000000000002,0.022
2020-06-29,other,18-34,8618,0.187,2,0.033,0.032
2020-06-29,other,35-49,6083,0.16,6,0.022,0.021
2020-06-29,other,50-64,4569,0.14200000000000002,18,0.019,0.017
2020-06-29,other,65-79,1474,0.10200000000000001,29,0.016,0.015
2020-06-29,other,80+,563,0.074,48,0.018000000000000002,0.013000000000000001
2020-06-29,other,all,23851,0.159,103,0.018000000000000002,0.027
2020-06-29,white,0-17,889,0.075,0,0.0,0.292
2020-06-29,white,18+,24333,0.176,1871,0.322,0.388
2020-06-29,white,18-34,5795,0.126,7,0.115,0.302
2020-06-29,white,35-49,5024,0.132,21,0.074,0.325
2020-06-29,white,50-64,5963,0.185,178,0.187,0.43
2020-06-29,white,65-79,4516,0.312,567,0.305,0.54
2020-06-29,white,80+,3035,0.4,1098,0.41300000000000003,0.5720000000000001
2020-06-29,white,all,25250,0.168,1871,0.322,0.366
2020-06-27,asian,0-17,271,0.024,0,0.0,0.13
2020-06-27,asian,18+,10342,0.079,853,0.15,0.165
2020-06-27,asian,18-34,2373,0.055,4,0.067,0.151
2020-06-27,asian,35-49,2709,0.075,22,0.078,0.179
2020-06-27,asian,50-64,2703,0.088,87,0.093,0.167
2020-06-27,asian,65-79,1438,0.10300000000000001,221,0.121,0.17200000000000001
2020-06-27,asian,80+,1119,0.152,519,0.199,0.17200000000000001
2020-06-27,asian,all,10624,0.074,853,0.149,0.157
2020-06-27,black,0-17,197,0.018000000000000002,0,0.0,0.054
2020-06-27,black,18+,6102,0.046,533,0.093,0.061
2020-06-27,black,18-34,1541,0.036000000000000004,8,0.133,0.065
2020-06-27,black,35-49,1401,0.039,20,0.07100000000000001,0.059000000000000004
2020-06-27,black,50-64,1560,0.05,77,0.083,0.064
2020-06-27,black,65-79,1023,0.073,204,0.112,0.055
2020-06-27,black,80+,577,0.078,224,0.08600000000000001,0.048
2020-06-27,black,all,6309,0.044,533,0.093,0.06
2020-06-27,latino,0-17,7625,0.684,0,0.0,0.47900000000000004
2020-06-27,latino,18+,73193,0.556,2347,0.41100000000000003,0.363
2020-06-27,latino,18-34,26511,0.615,39,0.65,0.45
2020-06-27,latino,35-49,21910,0.606,210,0.745,0.41500000000000004
2020-06-27,latino,50-64,16802,0.543,571,0.613,0.322
2020-06-27,latino,65-79,5792,0.41400000000000003,803,0.439,0.218
2020-06-27,latino,80+,2178,0.295,724,0.278,0.196
2020-06-27,latino,all,80875,0.5660000000000001,2348,0.41100000000000003,0.389
2020-06-27,other,0-17,2233,0.2,0,0.0,0.044
2020-06-27,other,18+,18534,0.14100000000000001,109,0.019,0.022
2020-06-27,other,18-34,7239,0.168,2,0.033,0.032
2020-06-27,other,35-49,5307,0.147,6,0.022,0.021
2020-06-27,other,50-64,4104,0.133,17,0.018000000000000002,0.017
2020-06-27,other,65-79,1342,0.096,32,0.017,0.015
2020-06-27,other,80+,542,0.073,52,0.02,0.013000000000000001
2020-06-27,other,all,20769,0.145,109,0.019,0.027
2020-06-27,white,0-17,820,0.074,0,1.0,0.292
2020-06-27,white,18+,23394,0.178,1868,0.327,0.388
2020-06-27,white,18-34,5445,0.126,7,0.117,0.302
2020-06-27,white,35-49,4819,0.133,24,0.085,0.325
2020-06-27,white,50-64,5767,0.186,180,0.193,0.43
2020-06-27,white,65-79,4389,0.314,569,0.311,0.54
2020-06-27,white,80+,2974,0.402,1088,0.417,0.5720000000000001
2020-06-27,white,all,24242,0.17,1868,0.327,0.366
2020-06-26,asian,0-17,267,0.024,0,0.0,0.13
2020-06-26,asian,18+,10263,0.079,845,0.149,0.165
2020-06-26,asian,18-34,2350,0.055,4,0.068,0.151
2020-06-26,asian,35-49,2691,0.075,22,0.078,0.179
2020-06-26,asian,50-64,2683,0.088,85,0.091,0.167
2020-06-26,asian,65-79,1433,0.10300000000000001,220,0.12,0.17200000000000001
2020-06-26,asian,80+,1106,0.151,514,0.198,0.17200000000000001
2020-06-26,asian,all,10540,0.075,845,0.149,0.157
2020-06-26,black,0-17,192,0.018000000000000002,0,0.0,0.054
2020-06-26,black,18+,6013,0.046,534,0.094,0.061
2020-06-26,black,18-34,1513,0.036000000000000004,8,0.136,0.065
2020-06-26,black,35-49,1377,0.039,20,0.07100000000000001,0.059000000000000004
2020-06-26,black,50-64,1539,0.05,78,0.084,0.064
2020-06-26,black,65-79,1015,0.073,208,0.114,0.055
2020-06-26,black,80+,569,0.078,220,0.085,0.048
2020-06-26,black,all,6215,0.044,534,0.094,0.06
2020-06-26,latino,0-17,7523,0.6900000000000001,0,0.0,0.47900000000000004
2020-06-26,latino,18+,72358,0.558,2335,0.41000000000000003,0.363
2020-06-26,latino,18-34,26194,0.619,38,0.644,0.45
2020-06-26,latino,35-49,21639,0.607,209,0.744,0.41500000000000004
2020-06-26,latino,50-64,16632,0.544,567,0.613,0.322
2020-06-26,latino,65-79,5730,0.41400000000000003,800,0.438,0.218
2020-06-26,latino,80+,2163,0.295,721,0.278,0.196
2020-06-26,latino,all,79934,0.5680000000000001,2336,0.41000000000000003,0.389
2020-06-26,other,0-17,2132,0.195,0,0.0,0.044
2020-06-26,other,18+,17979,0.139,112,0.02,0.022
2020-06-26,other,18-34,6953,0.164,2,0.034,0.032
2020-06-26,other,35-49,5161,0.145,6,0.022,0.021
2020-06-26,other,50-64,4010,0.132,17,0.018000000000000002,0.017
2020-06-26,other,65-79,1321,0.095,33,0.018000000000000002,0.015
2020-06-26,other,80+,534,0.073,54,0.021,0.013000000000000001
2020-06-26,other,all,20113,0.14300000000000002,112,0.02,0.027
2020-06-26,white,0-17,792,0.073,0,0.0,0.292
2020-06-26,white,18+,23081,0.178,1864,0.328,0.388
2020-06-26,white,18-34,5320,0.126,7,0.11900000000000001,0.302
2020-06-26,white,35-49,4754,0.133,24,0.085,0.325
2020-06-26,white,50-64,5716,0.187,178,0.192,0.43
2020-06-26,white,65-79,4336,0.313,566,0.31,0.54
2020-06-26,white,80+,2955,0.403,1089,0.419,0.5720000000000001
2020-06-26,white,all,23899,0.17,1864,0.328,0.366
2020-06-25,asian,0-17,262,0.025,0,0.0,0.13
2020-06-25,asian,18+,10121,0.08,837,0.149,0.165
2020-06-25,asian,18-34,2305,0.056,4,0.069,0.151
2020-06-25,asian,35-49,2641,0.076,22,0.079,0.179
2020-06-25,asian,50-64,2661,0.089,85,0.094,0.167
2020-06-25,asian,65-79,1422,0.10400000000000001,217,0.12,0.17200000000000001
2020-06-25,asian,80+,1092,0.151,509,0.198,0.17200000000000001
2020-06-25,asian,all,10393,0.075,837,0.149,0.157
2020-06-25,black,0-17,184,0.017,0,0.0,0.054
2020-06-25,black,18+,5901,0.047,527,0.094,0.061
2020-06-25,black,18-34,1471,0.036000000000000004,6,0.10300000000000001,0.065
2020-06-25,black,35-49,1348,0.039,20,0.07200000000000001,0.059000000000000004
2020-06-25,black,50-64,1515,0.051000000000000004,77,0.084,0.064
2020-06-25,black,65-79,1000,0.073,205,0.114,0.055
2020-06-25,black,80+,567,0.078,219,0.085,0.048
2020-06-25,black,all,6094,0.044,527,0.094,0.06
2020-06-25,latino,0-17,7276,0.6910000000000001,0,0.0,0.47900000000000004
2020-06-25,latino,18+,70600,0.557,2308,0.41100000000000003,0.363
2020-06-25,latino,18-34,25409,0.619,39,0.672,0.45
2020-06-25,latino,35-49,21132,0.607,207,0.742,0.41500000000000004
2020-06-25,latino,50-64,16294,0.543,559,0.613,0.322
2020-06-25,latino,65-79,5630,0.41300000000000003,789,0.438,0.218
2020-06-25,latino,80+,2135,0.295,714,0.278,0.196
2020-06-25,latino,all,77926,0.5670000000000001,2309,0.41100000000000003,0.389
2020-06-25,other,0-17,2049,0.194,0,0.0,0.044
2020-06-25,other,18+,17516,0.138,106,0.019,0.022
2020-06-25,other,18-34,6734,0.164,2,0.034,0.032
2020-06-25,other,35-49,5040,0.145,6,0.022,0.021
2020-06-25,other,50-64,3913,0.131,17,0.018000000000000002,0.017
2020-06-25,other,65-79,1308,0.096,33,0.018000000000000002,0.015
2020-06-25,other,80+,521,0.07100000000000001,48,0.018000000000000002,0.013000000000000001
2020-06-25,other,all,19567,0.14300000000000002,106,0.019,0.027
2020-06-25,white,0-17,762,0.07200000000000001,0,0.0,0.292
2020-06-25,white,18+,22553,0.178,1844,0.328,0.388
2020-06-25,white,18-34,5097,0.124,7,0.121,0.302
2020-06-25,white,35-49,4641,0.133,24,0.08600000000000001,0.325
2020-06-25,white,50-64,5615,0.187,174,0.191,0.43
2020-06-25,white,65-79,4271,0.313,557,0.309,0.54
2020-06-25,white,80+,2929,0.404,1082,0.421,0.5720000000000001
2020-06-25,white,all,23339,0.17,1844,0.328,0.366
2020-06-24,asian,0-17,255,0.025,0,0.0,0.13
2020-06-24,asian,18+,10028,0.081,829,0.15,0.165
2020-06-24,asian,18-34,2280,0.057,4,0.069,0.151
2020-06-24,asian,35-49,2603,0.076,22,0.08,0.179
2020-06-24,asian,50-64,2647,0.09,85,0.095,0.167
2020-06-24,asian,65-79,1408,0.105,215,0.121,0.17200000000000001
2020-06-24,asian,80+,1090,0.153,503,0.2,0.17200000000000001
2020-06-24,asian,all,10293,0.076,829,0.15,0.157
2020-06-24,black,0-17,178,0.017,0,0.0,0.054
2020-06-24,black,18+,5794,0.047,519,0.094,0.061
2020-06-24,black,18-34,1436,0.036000000000000004,6,0.10300000000000001,0.065
2020-06-24,black,35-49,1317,0.039,20,0.073,0.059000000000000004
2020-06-24,black,50-64,1502,0.051000000000000004,77,0.08600000000000001,0.064
2020-06-24,black,65-79,982,0.073,201,0.113,0.055
2020-06-24,black,80+,557,0.078,215,0.085,0.048
2020-06-24,black,all,5981,0.045,519,0.094,0.06
2020-06-24,latino,0-17,7059,0.6890000000000001,0,0.0,0.47900000000000004
2020-06-24,latino,18+,68929,0.556,2264,0.41000000000000003,0.363
2020-06-24,latino,18-34,24742,0.619,39,0.672,0.45
2020-06-24,latino,35-49,20605,0.605,202,0.737,0.41500000000000004
2020-06-24,latino,50-64,15965,0.542,549,0.613,0.322
2020-06-24,latino,65-79,5519,0.41100000000000003,777,0.437,0.218
2020-06-24,latino,80+,2098,0.293,697,0.277,0.196
2020-06-24,latino,all,76036,0.5660000000000001,2265,0.41000000000000003,0.389
2020-06-24,other,0-17,2014,0.196,0,0.0,0.044
2020-06-24,other,18+,17205,0.139,107,0.019,0.022
2020-06-24,other,18-34,6595,0.165,2,0.034,0.032
2020-06-24,other,35-49,4959,0.146,6,0.022,0.021
2020-06-24,other,50-64,3833,0.131,17,0.019,0.017
2020-06-24,other,65-79,1299,0.097,34,0.019,0.015
2020-06-24,other,80+,519,0.07200000000000001,48,0.019,0.013000000000000001
2020-06-24,other,all,19221,0.14300000000000002,107,0.019,0.027
2020-06-24,white,0-17,744,0.073,0,0.0,0.292
2020-06-24,white,18+,22103,0.178,1807,0.327,0.388
2020-06-24,white,18-34,4948,0.124,7,0.121,0.302
2020-06-24,white,35-49,4552,0.134,24,0.088,0.325
2020-06-24,white,50-64,5507,0.187,167,0.187,0.43
2020-06-24,white,65-79,4204,0.313,553,0.311,0.54
2020-06-24,white,80+,2892,0.404,1056,0.419,0.5720000000000001
2020-06-24,white,all,22871,0.17,1807,0.327,0.366
2020-06-23,asian,0-17,247,0.025,0,0.0,0.13
2020-06-23,asian,18+,9852,0.082,807,0.149,0.165
2020-06-23,asian,18-34,2236,0.058,4,0.069,0.151
2020-06-23,asian,35-49,2555,0.077,22,0.082,0.179
2020-06-23,asian,50-64,2609,0.091,83,0.095,0.167
2020-06-23,asian,65-79,1387,0.105,207,0.11900000000000001,0.17200000000000001
2020-06-23,asian,80+,1065,0.152,491,0.198,0.17200000000000001
2020-06-23,asian,all,10109,0.077,807,0.149,0.157
2020-06-23,black,0-17,173,0.017,0,0.0,0.054
2020-06-23,black,18+,5664,0.047,511,0.094,0.061
2020-06-23,black,18-34,1387,0.036000000000000004,6,0.10300000000000001,0.065
2020-06-23,black,35-49,1285,0.039,20,0.074,0.059000000000000004
2020-06-23,black,50-64,1484,0.051000000000000004,75,0.08600000000000001,0.064
2020-06-23,black,65-79,963,0.073,197,0.113,0.055
2020-06-23,black,80+,545,0.077,213,0.08600000000000001,0.048
2020-06-23,black,all,5845,0.045,511,0.094,0.06
2020-06-23,latino,0-17,6694,0.676,0,0.0,0.47900000000000004
2020-06-23,latino,18+,66618,0.551,2224,0.41000000000000003,0.363
2020-06-23,latino,18-34,23814,0.614,39,0.672,0.45
2020-06-23,latino,35-49,19873,0.6000000000000001,198,0.736,0.41500000000000004
2020-06-23,latino,50-64,15509,0.538,537,0.612,0.322
2020-06-23,latino,65-79,5361,0.40800000000000003,764,0.438,0.218
2020-06-23,latino,80+,2061,0.293,686,0.277,0.196
2020-06-23,latino,all,73357,0.56,2225,0.41000000000000003,0.389
2020-06-23,other,0-17,2017,0.203,0,0.0,0.044
2020-06-23,other,18+,17079,0.14100000000000001,105,0.019,0.022
2020-06-23,other,18-34,6528,0.168,2,0.034,0.032
2020-06-23,other,35-49,4929,0.149,5,0.019,0.021
2020-06-23,other,50-64,3827,0.133,18,0.021,0.017
2020-06-23,other,65-79,1282,0.097,32,0.018000000000000002,0.015
2020-06-23,other,80+,513,0.073,48,0.019,0.013000000000000001
2020-06-23,other,all,19099,0.146,105,0.019,0.027
2020-06-23,white,0-17,766,0.077,0,0.0,0.292
2020-06-23,white,18+,21710,0.18,1783,0.328,0.388
2020-06-23,white,18-34,4840,0.125,7,0.121,0.302
2020-06-23,white,35-49,4465,0.135,24,0.089,0.325
2020-06-23,white,50-64,5412,0.188,164,0.187,0.43
2020-06-23,white,65-79,4141,0.315,545,0.312,0.54
2020-06-23,white,80+,2849,0.405,1043,0.42,0.5720000000000001
2020-06-23,white,all,22500,0.17200000000000001,1783,0.328,0.366
2020-06-22,asian,0-17,242,0.025,0,0.0,0.13
2020-06-22,asian,18+,9672,0.083,800,0.149,0.165
2020-06-22,asian,18-34,2176,0.059000000000000004,4,0.069,0.151
2020-06-22,asian,35-49,2513,0.079,22,0.083,0.179
2020-06-22,asian,50-64,2565,0.091,82,0.094,0.167
2020-06-22,asian,65-79,1363,0.106,205,0.11900000000000001,0.17200000000000001
2020-06-22,asian,80+,1055,0.152,487,0.198,0.17200000000000001
2020-06-22,asian,all,9925,0.078,800,0.148,0.157
2020-06-22,black,0-17,161,0.017,0,0.0,0.054
2020-06-22,black,18+,5492,0.047,506,0.094,0.061
2020-06-22,black,18-34,1329,0.036000000000000004,6,0.10300000000000001,0.065
2020-06-22,black,35-49,1224,0.038,20,0.075,0.059000000000000004
2020-06-22,black,50-64,1456,0.052000000000000005,75,0.08600000000000001,0.064
2020-06-22,black,65-79,945,0.073,194,0.112,0.055
2020-06-22,black,80+,538,0.078,211,0.08600000000000001,0.048
2020-06-22,black,all,5661,0.045,506,0.094,0.06
2020-06-22,latino,0-17,6452,0.678,0,0.0,0.47900000000000004
2020-06-22,latino,18+,64851,0.553,2191,0.40700000000000003,0.363
2020-06-22,latino,18-34,23106,0.618,39,0.672,0.45
2020-06-22,latino,35-49,19278,0.602,194,0.732,0.41500000000000004
2020-06-22,latino,50-64,15189,0.54,531,0.612,0.322
2020-06-22,latino,65-79,5250,0.40800000000000003,749,0.434,0.218
2020-06-22,latino,80+,2028,0.292,678,0.275,0.196
2020-06-22,latino,all,71350,0.562,2192,0.40700000000000003,0.389
2020-06-22,other,0-17,1929,0.202,0,0.0,0.044
2020-06-22,other,18+,16197,0.138,100,0.019,0.022
2020-06-22,other,18-34,6136,0.165,2,0.034,0.032
2020-06-22,other,35-49,4689,0.146,5,0.019,0.021
2020-06-22,other,50-64,3635,0.13,17,0.02,0.017
2020-06-22,other,65-79,1235,0.096,29,0.017,0.015
2020-06-22,other,80+,502,0.07200000000000001,47,0.019,0.013000000000000001
2020-06-22,other,all,18129,0.14300000000000002,100,0.019,0.027
2020-06-22,white,0-17,734,0.077,0,0.0,0.292
2020-06-22,white,18+,21127,0.18,1787,0.332,0.388
2020-06-22,white,18-34,4622,0.124,7,0.121,0.302
2020-06-22,white,35-49,4334,0.135,24,0.091,0.325
2020-06-22,white,50-64,5284,0.188,163,0.188,0.43
2020-06-22,white,65-79,4070,0.316,550,0.318,0.54
2020-06-22,white,80+,2817,0.406,1043,0.423,0.5720000000000001
2020-06-22,white,all,21885,0.17200000000000001,1787,0.332,0.366
2020-06-21,asian,0-17,234,0.025,0,0.0,0.13
2020-06-21,asian,18+,9570,0.083,796,0.148,0.165
2020-06-21,asian,18-34,2144,0.059000000000000004,4,0.069,0.151
2020-06-21,asian,35-49,2485,0.08,22,0.083,0.179
2020-06-21,asian,50-64,2540,0.092,81,0.094,0.167
2020-06-21,asian,65-79,1347,0.106,206,0.12,0.17200000000000001
2020-06-21,asian,80+,1054,0.153,483,0.197,0.17200000000000001
2020-06-21,asian,all,9815,0.078,796,0.148,0.157
2020-06-21,black,0-17,157,0.017,0,0.0,0.054
2020-06-21,black,18+,5413,0.047,502,0.094,0.061
2020-06-21,black,18-34,1300,0.036000000000000004,6,0.10300000000000001,0.065
2020-06-21,black,35-49,1202,0.038,20,0.076,0.059000000000000004
2020-06-21,black,50-64,1440,0.052000000000000005,74,0.08600000000000001,0.064
2020-06-21,black,65-79,939,0.074,193,0.112,0.055
2020-06-21,black,80+,532,0.077,209,0.085,0.048
2020-06-21,black,all,5573,0.045,502,0.094,0.06
2020-06-21,latino,0-17,6328,0.683,0,0.0,0.47900000000000004
2020-06-21,latino,18+,64064,0.556,2181,0.40700000000000003,0.363
2020-06-21,latino,18-34,22770,0.624,39,0.672,0.45
2020-06-21,latino,35-49,19046,0.606,193,0.731,0.41500000000000004
2020-06-21,latino,50-64,15044,0.543,528,0.613,0.322
2020-06-21,latino,65-79,5200,0.41000000000000003,747,0.433,0.218
2020-06-21,latino,80+,2004,0.292,674,0.275,0.196
2020-06-21,latino,all,70439,0.5660000000000001,2182,0.40700000000000003,0.389
2020-06-21,other,0-17,1840,0.199,0,0.0,0.044
2020-06-21,other,18+,15275,0.132,100,0.019,0.022
2020-06-21,other,18-34,5753,0.158,2,0.034,0.032
2020-06-21,other,35-49,4405,0.14,5,0.019,0.021
2020-06-21,other,50-64,3459,0.125,16,0.019,0.017
2020-06-21,other,65-79,1177,0.093,30,0.018000000000000002,0.015
2020-06-21,other,80+,481,0.07,47,0.019,0.013000000000000001
2020-06-21,other,all,17118,0.137,100,0.019,0.027
2020-06-21,white,0-17,702,0.076,0,0.0,0.292
2020-06-21,white,18+,20823,0.181,1784,0.333,0.388
2020-06-21,white,18-34,4516,0.124,7,0.121,0.302
2020-06-21,white,35-49,4269,0.136,24,0.091,0.325
2020-06-21,white,50-64,5214,0.188,163,0.189,0.43
2020-06-21,white,65-79,4030,0.317,550,0.319,0.54
2020-06-21,white,80+,2794,0.40700000000000003,1040,0.424,0.5720000000000001
2020-06-21,white,all,21547,0.17300000000000001,1784,0.333,0.366
2020-06-20,asian,0-17,229,0.026000000000000002,0,0.0,0.13
2020-06-20,asian,18+,9496,0.084,796,0.149,0.165
2020-06-20,asian,18-34,2119,0.06,4,0.069,0.151
2020-06-20,asian,35-49,2464,0.08,22,0.084,0.179
2020-06-20,asian,50-64,2520,0.093,81,0.095,0.167
2020-06-20,asian,65-79,1343,0.107,206,0.12,0.17200000000000001
2020-06-20,asian,80+,1050,0.154,483,0.197,0.17200000000000001
2020-06-20,asian,all,9737,0.08,796,0.149,0.157
2020-06-20,black,0-17,146,0.016,0,0.0,0.054
2020-06-20,black,18+,5336,0.047,501,0.094,0.061
2020-06-20,black,18-34,1273,0.036000000000000004,6,0.10300000000000001,0.065
2020-06-20,black,35-49,1174,0.038,20,0.076,0.059000000000000004
2020-06-20,black,50-64,1426,0.052000000000000005,74,0.08700000000000001,0.064
2020-06-20,black,65-79,933,0.074,192,0.112,0.055
2020-06-20,black,80+,530,0.078,209,0.085,0.048
2020-06-20,black,all,5485,0.045,501,0.094,0.06
2020-06-20,latino,0-17,6195,0.6880000000000001,0,0.0,0.47900000000000004
2020-06-20,latino,18+,63144,0.558,2169,0.406,0.363
2020-06-20,latino,18-34,22418,0.628,39,0.672,0.45
2020-06-20,latino,35-49,18767,0.61,192,0.73,0.41500000000000004
2020-06-20,latino,50-64,14843,0.544,522,0.611,0.322
2020-06-20,latino,65-79,5129,0.40900000000000003,745,0.433,0.218
2020-06-20,latino,80+,1987,0.292,671,0.274,0.196
2020-06-20,latino,all,69392,0.5680000000000001,2170,0.406,0.389
2020-06-20,other,0-17,1769,0.197,0,0.0,0.044
2020-06-20,other,18+,14662,0.129,99,0.019,0.022
2020-06-20,other,18-34,5489,0.154,2,0.034,0.032
2020-06-20,other,35-49,4200,0.136,5,0.019,0.021
2020-06-20,other,50-64,3349,0.123,15,0.018000000000000002,0.017
2020-06-20,other,65-79,1152,0.092,30,0.018000000000000002,0.015
2020-06-20,other,80+,472,0.069,47,0.019,0.013000000000000001
2020-06-20,other,all,16434,0.134,99,0.019,0.027
2020-06-20,white,0-17,668,0.074,0,0.0,0.292
2020-06-20,white,18+,20486,0.181,1779,0.333,0.388
2020-06-20,white,18-34,4403,0.123,7,0.121,0.302
2020-06-20,white,35-49,4182,0.136,24,0.091,0.325
2020-06-20,white,50-64,5137,0.188,163,0.191,0.43
2020-06-20,white,65-79,3990,0.318,547,0.318,0.54
2020-06-20,white,80+,2774,0.40700000000000003,1038,0.424,0.5720000000000001
2020-06-20,white,all,21177,0.17300000000000001,1779,0.333,0.366
2020-06-19,asian,0-17,221,0.026000000000000002,0,0.0,0.13
2020-06-19,asian,18+,9372,0.085,787,0.15,0.165
2020-06-19,asian,18-34,2080,0.06,4,0.069,0.151
2020-06-19,asian,35-49,2433,0.081,22,0.085,0.179
2020-06-19,asian,50-64,2505,0.094,81,0.096,0.167
2020-06-19,asian,65-79,1322,0.107,204,0.122,0.17200000000000001
2020-06-19,asian,80+,1032,0.154,476,0.198,0.17200000000000001
2020-06-19,asian,all,9604,0.081,787,0.15,0.157
2020-06-19,black,0-17,139,0.016,0,0.0,0.054
2020-06-19,black,18+,5241,0.047,495,0.095,0.061
2020-06-19,black,18-34,1230,0.035,5,0.08600000000000001,0.065
2020-06-19,black,35-49,1154,0.038,20,0.077,0.059000000000000004
2020-06-19,black,50-64,1409,0.053,74,0.088,0.064
2020-06-19,black,65-79,921,0.075,188,0.112,0.055
2020-06-19,black,80+,527,0.079,208,0.08700000000000001,0.048
2020-06-19,black,all,5384,0.045,495,0.095,0.06
2020-06-19,latino,0-17,6013,0.6890000000000001,0,0.0,0.47900000000000004
2020-06-19,latino,18+,61751,0.558,2114,0.404,0.363
2020-06-19,latino,18-34,21892,0.63,40,0.6900000000000001,0.45
2020-06-19,latino,35-49,18351,0.61,190,0.734,0.41500000000000004
2020-06-19,latino,50-64,14540,0.543,505,0.603,0.322
2020-06-19,latino,65-79,5018,0.40800000000000003,719,0.429,0.218
2020-06-19,latino,80+,1950,0.291,660,0.275,0.196
2020-06-19,latino,all,67818,0.5680000000000001,2115,0.404,0.389
2020-06-19,other,0-17,1699,0.195,0,0.0,0.044
2020-06-19,other,18+,14109,0.127,96,0.019,0.022
2020-06-19,other,18-34,5240,0.151,2,0.034,0.032
2020-06-19,other,35-49,4021,0.133,4,0.016,0.021
2020-06-19,other,50-64,3247,0.122,16,0.02,0.017
2020-06-19,other,65-79,1126,0.092,28,0.017,0.015
2020-06-19,other,80+,475,0.07100000000000001,46,0.019,0.013000000000000001
2020-06-19,other,all,15811,0.132,96,0.019,0.027
2020-06-19,white,0-17,656,0.075,0,0.0,0.292
2020-06-19,white,18+,20100,0.182,1739,0.332,0.388
2020-06-19,white,18-34,4286,0.123,7,0.121,0.302
2020-06-19,white,35-49,4121,0.137,23,0.089,0.325
2020-06-19,white,50-64,5067,0.189,161,0.192,0.43
2020-06-19,white,65-79,3918,0.318,536,0.32,0.54
2020-06-19,white,80+,2708,0.405,1012,0.421,0.5720000000000001
2020-06-19,white,all,20780,0.17400000000000002,1739,0.332,0.366
2020-06-18,asian,0-17,218,0.025,0,0.0,0.13
2020-06-18,asian,18+,9299,0.08600000000000001,780,0.151,0.165
2020-06-18,asian,18-34,2053,0.061,4,0.069,0.151
2020-06-18,asian,35-49,2410,0.082,22,0.08600000000000001,0.179
2020-06-18,asian,50-64,2493,0.095,80,0.096,0.167
2020-06-18,asian,65-79,1316,0.108,201,0.122,0.17200000000000001
2020-06-18,asian,80+,1027,0.155,473,0.199,0.17200000000000001
2020-06-18,asian,all,9527,0.082,780,0.151,0.157
2020-06-18,black,0-17,132,0.016,0,0.0,0.054
2020-06-18,black,18+,5160,0.048,491,0.095,0.061
2020-06-18,black,18-34,1198,0.035,5,0.08600000000000001,0.065
2020-06-18,black,35-49,1138,0.039,20,0.078,0.059000000000000004
2020-06-18,black,50-64,1390,0.053,73,0.088,0.064
2020-06-18,black,65-79,910,0.075,186,0.113,0.055
2020-06-18,black,80+,524,0.079,207,0.08700000000000001,0.048
2020-06-18,black,all,5296,0.045,491,0.095,0.06
2020-06-18,latino,0-17,5836,0.6900000000000001,0,0.0,0.47900000000000004
2020-06-18,latino,18+,60372,0.557,2084,0.403,0.363
2020-06-18,latino,18-34,21303,0.631,40,0.6900000000000001,0.45
2020-06-18,latino,35-49,17952,0.609,188,0.732,0.41500000000000004
2020-06-18,latino,50-64,14266,0.542,498,0.601,0.322
2020-06-18,latino,65-79,4927,0.406,706,0.429,0.218
2020-06-18,latino,80+,1924,0.29,652,0.275,0.196
2020-06-18,latino,all,66261,0.5670000000000001,2085,0.404,0.389
2020-06-18,other,0-17,1633,0.193,0,0.0,0.044
2020-06-18,other,18+,13691,0.126,98,0.019,0.022
2020-06-18,other,18-34,5041,0.149,2,0.034,0.032
2020-06-18,other,35-49,3906,0.132,4,0.016,0.021
2020-06-18,other,50-64,3167,0.121,16,0.02,0.017
2020-06-18,other,65-79,1106,0.092,30,0.018000000000000002,0.015
2020-06-18,other,80+,471,0.07100000000000001,46,0.019,0.013000000000000001
2020-06-18,other,all,15325,0.131,98,0.019,0.027
2020-06-18,white,0-17,639,0.076,0,0.0,0.292
2020-06-18,white,18+,19811,0.183,1712,0.331,0.388
2020-06-18,white,18-34,4190,0.124,7,0.121,0.302
2020-06-18,white,35-49,4059,0.138,23,0.089,0.325
2020-06-18,white,50-64,5007,0.19,161,0.194,0.43
2020-06-18,white,65-79,3875,0.319,524,0.318,0.54
2020-06-18,white,80+,2680,0.404,997,0.42,0.5720000000000001
2020-06-18,white,all,20475,0.17500000000000002,1712,0.331,0.366
2020-06-17,asian,0-17,211,0.025,0,0.0,0.13
2020-06-17,asian,18+,9203,0.08700000000000001,766,0.151,0.165
2020-06-17,asian,18-34,2033,0.062,4,0.07,0.151
2020-06-17,asian,35-49,2381,0.083,21,0.082,0.179
2020-06-17,asian,50-64,2465,0.095,79,0.097,0.167
2020-06-17,asian,65-79,1305,0.109,194,0.12,0.17200000000000001
2020-06-17,asian,80+,1019,0.155,468,0.2,0.17200000000000001
2020-06-17,asian,all,9424,0.083,766,0.151,0.157
2020-06-17,black,0-17,124,0.015,0,0.0,0.054
2020-06-17,black,18+,5074,0.048,484,0.095,0.061
2020-06-17,black,18-34,1169,0.035,5,0.088,0.065
2020-06-17,black,35-49,1117,0.039,20,0.078,0.059000000000000004
2020-06-17,black,50-64,1367,0.053,72,0.088,0.064
2020-06-17,black,65-79,898,0.075,181,0.112,0.055
2020-06-17,black,80+,523,0.08,206,0.088,0.048
2020-06-17,black,all,5202,0.045,484,0.095,0.06
2020-06-17,latino,0-17,5643,0.6930000000000001,0,0.0,0.47900000000000004
2020-06-17,latino,18+,59094,0.557,2056,0.405,0.363
2020-06-17,latino,18-34,20794,0.631,39,0.684,0.45
2020-06-17,latino,35-49,17576,0.61,187,0.733,0.41500000000000004
2020-06-17,latino,50-64,13972,0.541,494,0.605,0.322
2020-06-17,latino,65-79,4853,0.405,695,0.43,0.218
2020-06-17,latino,80+,1899,0.29,641,0.274,0.196
2020-06-17,latino,all,64787,0.5660000000000001,2057,0.405,0.389
2020-06-17,other,0-17,1569,0.192,0,0.0,0.044
2020-06-17,other,18+,13306,0.125,89,0.018000000000000002,0.022
2020-06-17,other,18-34,4887,0.148,2,0.035,0.032
2020-06-17,other,35-49,3792,0.131,4,0.016,0.021
2020-06-17,other,50-64,3077,0.12,15,0.022,0.017
2020-06-17,other,65-79,1090,0.091,28,0.017,0.015
2020-06-17,other,80+,460,0.07,40,0.017,0.013000000000000001
2020-06-17,other,all,14876,0.13,89,0.018000000000000002,0.027
2020-06-17,white,0-17,597,0.073,0,0.0,0.292
2020-06-17,white,18+,19466,0.183,1687,0.332,0.388
2020-06-17,white,18-34,4094,0.124,7,0.123,0.302
2020-06-17,white,35-49,3958,0.137,23,0.09,0.325
2020-06-17,white,50-64,4935,0.191,156,0.191,0.43
2020-06-17,white,65-79,3823,0.319,520,0.321,0.54
2020-06-17,white,80+,2656,0.405,981,0.42,0.5720000000000001
2020-06-17,white,all,20087,0.176,1687,0.332,0.366
2020-06-15,asian,0-17,206,0.027,0,0.0,0.13
2020-06-15,asian,18+,9089,0.08700000000000001,757,0.151,0.165
2020-06-15,asian,18-34,2003,0.062,4,0.07100000000000001,0.151
2020-06-15,asian,35-49,2341,0.083,21,0.084,0.179
2020-06-15,asian,50-64,2448,0.096,78,0.097,0.167
2020-06-15,asian,65-79,1287,0.109,191,0.12,0.17200000000000001
2020-06-15,asian,80+,1010,0.156,463,0.201,0.17200000000000001
2020-06-15,asian,all,9305,0.083,757,0.151,0.157
2020-06-15,black,0-17,115,0.015,0,0.0,0.054
2020-06-15,black,18+,5009,0.048,479,0.096,0.061
2020-06-15,black,18-34,1150,0.036000000000000004,5,0.089,0.065
2020-06-15,black,35-49,1101,0.039,19,0.076,0.059000000000000004
2020-06-15,black,50-64,1347,0.053,72,0.089,0.064
2020-06-15,black,65-79,892,0.076,179,0.112,0.055
2020-06-15,black,80+,519,0.08,204,0.089,0.048
2020-06-15,black,all,5128,0.046,479,0.096,0.06
2020-06-15,latino,0-17,5446,0.6930000000000001,0,0.0,0.47900000000000004
2020-06-15,latino,18+,57708,0.556,2028,0.404,0.363
2020-06-15,latino,18-34,20233,0.631,38,0.679,0.45
2020-06-15,latino,35-49,17147,0.609,185,0.737,0.41500000000000004
2020-06-15,latino,50-64,13686,0.54,485,0.602,0.322
2020-06-15,latino,65-79,4765,0.405,687,0.43,0.218
2020-06-15,latino,80+,1877,0.29,633,0.275,0.196
2020-06-15,latino,all,63202,0.5660000000000001,2029,0.405,0.389
2020-06-15,other,0-17,1503,0.191,0,0.0,0.044
2020-06-15,other,18+,12832,0.123,90,0.018000000000000002,0.022
2020-06-15,other,18-34,4681,0.146,2,0.036000000000000004,0.032
2020-06-15,other,35-49,3669,0.13,3,0.012,0.021
2020-06-15,other,50-64,2984,0.11800000000000001,18,0.022,0.017
2020-06-15,other,65-79,1054,0.09,28,0.018000000000000002,0.015
2020-06-15,other,80+,444,0.069,39,0.017,0.013000000000000001
2020-06-15,other,all,14337,0.128,90,0.018000000000000002,0.027
2020-06-15,white,0-17,584,0.074,0,0.0,0.292
2020-06-15,white,18+,19159,0.185,1660,0.331,0.388
2020-06-15,white,18-34,4022,0.125,7,0.125,0.302
2020-06-15,white,35-49,3895,0.138,23,0.092,0.325
2020-06-15,white,50-64,4869,0.192,152,0.189,0.43
2020-06-15,white,65-79,3756,0.32,513,0.321,0.54
2020-06-15,white,80+,2617,0.405,965,0.419,0.5720000000000001
2020-06-15,white,all,19766,0.177,1660,0.331,0.366
2020-06-14,asian,0-17,200,0.028,0,0.0,0.13
2020-06-14,asian,18+,8933,0.089,747,0.152,0.165
2020-06-14,asian,18-34,1960,0.064,4,0.07100000000000001,0.151
2020-06-14,asian,35-49,2298,0.085,20,0.082,0.179
2020-06-14,asian,50-64,2410,0.098,77,0.097,0.167
2020-06-14,asian,65-79,1274,0.112,189,0.121,0.17200000000000001
2020-06-14,asian,80+,991,0.156,457,0.201,0.17200000000000001
2020-06-14,asian,all,9144,0.085,747,0.152,0.157
2020-06-14,black,0-17,109,0.015,0,0.0,0.054
2020-06-14,black,18+,4886,0.049,471,0.095,0.061
2020-06-14,black,18-34,1113,0.036000000000000004,5,0.089,0.065
2020-06-14,black,35-49,1074,0.04,19,0.078,0.059000000000000004
2020-06-14,black,50-64,1316,0.054,72,0.091,0.064
2020-06-14,black,65-79,874,0.077,178,0.113,0.055
2020-06-14,black,80+,509,0.08,197,0.08700000000000001,0.048
2020-06-14,black,all,4999,0.047,471,0.095,0.06
2020-06-14,latino,0-17,5063,0.6920000000000001,0,0.0,0.47900000000000004
2020-06-14,latino,18+,55266,0.554,1991,0.404,0.363
2020-06-14,latino,18-34,19199,0.628,38,0.679,0.45
2020-06-14,latino,35-49,16437,0.608,181,0.739,0.41500000000000004
2020-06-14,latino,50-64,13187,0.539,476,0.602,0.322
2020-06-14,latino,65-79,4608,0.404,672,0.427,0.218
2020-06-14,latino,80+,1835,0.29,624,0.275,0.196
2020-06-14,latino,all,60377,0.5630000000000001,1992,0.404,0.389
2020-06-14,other,0-17,1391,0.189,0,0.0,0.044
2020-06-14,other,18+,12046,0.121,86,0.017,0.022
2020-06-14,other,18-34,4389,0.14400000000000002,2,0.036000000000000004,0.032
2020-06-14,other,35-49,3413,0.126,3,0.012,0.021
2020-06-14,other,50-64,2812,0.115,15,0.019,0.017
2020-06-14,other,65-79,997,0.08700000000000001,27,0.018000000000000002,0.015
2020-06-14,other,80+,435,0.068,39,0.017,0.013000000000000001
2020-06-14,other,all,13439,0.125,86,0.017,0.027
2020-06-14,white,0-17,555,0.076,0,0.0,0.292
2020-06-14,white,18+,18662,0.187,1639,0.332,0.388
2020-06-14,white,18-34,3890,0.127,7,0.125,0.302
2020-06-14,white,35-49,3801,0.14100000000000001,22,0.09,0.325
2020-06-14,white,50-64,4739,0.194,151,0.191,0.43
2020-06-14,white,65-79,3667,0.321,506,0.322,0.54
2020-06-14,white,80+,2565,0.405,953,0.42,0.5720000000000001
2020-06-14,white,all,19240,0.179,1639,0.332,0.366
2020-06-13,asian,0-17,202,0.028,0,0.0,0.13
2020-06-13,asian,18+,8880,0.09,745,0.152,0.165
2020-06-13,asian,18-34,1951,0.065,4,0.073,0.151
2020-06-13,asian,35-49,2279,0.085,20,0.082,0.179
2020-06-13,asian,50-64,2399,0.099,77,0.098,0.167
2020-06-13,asian,65-79,1262,0.111,188,0.12,0.17200000000000001
2020-06-13,asian,80+,989,0.157,456,0.201,0.17200000000000001
2020-06-13,asian,all,9093,0.08600000000000001,745,0.152,0.157
2020-06-13,black,0-17,104,0.015,0,0.0,0.054
2020-06-13,black,18+,4858,0.049,470,0.096,0.061
2020-06-13,black,18-34,1103,0.037,5,0.091,0.065
2020-06-13,black,35-49,1067,0.04,19,0.078,0.059000000000000004
2020-06-13,black,50-64,1308,0.054,72,0.092,0.064
2020-06-13,black,65-79,872,0.077,177,0.113,0.055
2020-06-13,black,80+,508,0.081,197,0.08700000000000001,0.048
2020-06-13,black,all,4966,0.047,470,0.096,0.06
2020-06-13,latino,0-17,4956,0.6940000000000001,0,0.0,0.47900000000000004
2020-06-13,latino,18+,54694,0.555,1984,0.404,0.363
2020-06-13,latino,18-34,18967,0.631,37,0.673,0.45
2020-06-13,latino,35-49,16251,0.609,180,0.738,0.41500000000000004
2020-06-13,latino,50-64,13067,0.54,473,0.602,0.322
2020-06-13,latino,65-79,4582,0.405,670,0.428,0.218
2020-06-13,latino,80+,1827,0.29,624,0.275,0.196
2020-06-13,latino,all,59702,0.5640000000000001,1985,0.404,0.389
2020-06-13,other,0-17,1333,0.186,0,0.0,0.044
2020-06-13,other,18+,11639,0.11900000000000001,84,0.017,0.022
2020-06-13,other,18-34,4206,0.14,2,0.036000000000000004,0.032
2020-06-13,other,35-49,3309,0.124,3,0.012,0.021
2020-06-13,other,50-64,2732,0.113,14,0.018000000000000002,0.017
2020-06-13,other,65-79,974,0.08600000000000001,27,0.018000000000000002,0.015
2020-06-13,other,80+,418,0.066,38,0.016,0.013000000000000001
2020-06-13,other,all,12974,0.122,84,0.017,0.027
2020-06-13,white,0-17,546,0.076,0,0.0,0.292
2020-06-13,white,18+,18478,0.188,1632,0.332,0.388
2020-06-13,white,18-34,3834,0.128,7,0.127,0.302
2020-06-13,white,35-49,3763,0.14100000000000001,22,0.09,0.325
2020-06-13,white,50-64,4694,0.194,150,0.191,0.43
2020-06-13,white,65-79,3635,0.321,503,0.321,0.54
2020-06-13,white,80+,2552,0.405,950,0.419,0.5720000000000001
2020-06-13,white,all,19045,0.18,1632,0.332,0.366
2020-06-12,asian,0-17,200,0.029,0,0.0,0.13
2020-06-12,asian,18+,8795,0.091,733,0.153,0.165
2020-06-12,asian,18-34,1931,0.066,4,0.077,0.151
2020-06-12,asian,35-49,2260,0.08600000000000001,20,0.084,0.179
2020-06-12,asian,50-64,2377,0.1,76,0.099,0.167
2020-06-12,asian,65-79,1251,0.112,184,0.12,0.17200000000000001
2020-06-12,asian,80+,976,0.158,449,0.203,0.17200000000000001
2020-06-12,asian,all,9006,0.08700000000000001,733,0.153,0.157
2020-06-12,black,0-17,103,0.015,0,0.0,0.054
2020-06-12,black,18+,4799,0.05,458,0.095,0.061
2020-06-12,black,18-34,1090,0.037,5,0.096,0.065
2020-06-12,black,35-49,1057,0.04,19,0.08,0.059000000000000004
2020-06-12,black,50-64,1295,0.054,72,0.094,0.064
2020-06-12,black,65-79,859,0.077,175,0.114,0.055
2020-06-12,black,80+,498,0.081,187,0.085,0.048
2020-06-12,black,all,4906,0.047,458,0.095,0.06
2020-06-12,latino,0-17,4807,0.6940000000000001,0,0.0,0.47900000000000004
2020-06-12,latino,18+,53560,0.554,1940,0.404,0.363
2020-06-12,latino,18-34,18498,0.63,34,0.654,0.45
2020-06-12,latino,35-49,15931,0.608,174,0.734,0.41500000000000004
2020-06-12,latino,50-64,12842,0.539,464,0.603,0.322
2020-06-12,latino,65-79,4497,0.403,655,0.427,0.218
2020-06-12,latino,80+,1792,0.291,613,0.277,0.196
2020-06-12,latino,all,58415,0.5630000000000001,1941,0.404,0.389
2020-06-12,other,0-17,1283,0.186,0,0.0,0.044
2020-06-12,other,18+,11345,0.11800000000000001,80,0.017,0.022
2020-06-12,other,18-34,4086,0.139,2,0.038,0.032
2020-06-12,other,35-49,3227,0.123,4,0.012,0.021
2020-06-12,other,50-64,2681,0.113,12,0.016,0.017
2020-06-12,other,65-79,960,0.08600000000000001,27,0.018000000000000002,0.015
2020-06-12,other,80+,391,0.063,36,0.016,0.013000000000000001
2020-06-12,other,all,12630,0.121,80,0.017,0.027
2020-06-12,white,0-17,531,0.077,0,0.0,0.292
2020-06-12,white,18+,18231,0.188,1594,0.332,0.388
2020-06-12,white,18-34,3779,0.129,7,0.135,0.302
2020-06-12,white,35-49,3714,0.14200000000000002,21,0.089,0.325
2020-06-12,white,50-64,4642,0.195,145,0.189,0.43
2020-06-12,white,65-79,3586,0.322,494,0.322,0.54
2020-06-12,white,80+,2510,0.40700000000000003,927,0.419,0.5720000000000001
2020-06-12,white,all,18783,0.181,1594,0.332,0.366
2020-06-11,asian,0-17,195,0.029,0,0.0,0.13
2020-06-11,asian,18+,8675,0.091,720,0.152,0.165
2020-06-11,asian,18-34,1903,0.067,4,0.077,0.151
2020-06-11,asian,35-49,2233,0.088,19,0.081,0.179
2020-06-11,asian,50-64,2340,0.101,75,0.099,0.167
2020-06-11,asian,65-79,1231,0.112,177,0.116,0.17200000000000001
2020-06-11,asian,80+,968,0.158,445,0.20400000000000001,0.17200000000000001
2020-06-11,asian,all,8880,0.08700000000000001,720,0.151,0.157
2020-06-11,black,0-17,103,0.015,0,0.0,0.054
2020-06-11,black,18+,4725,0.05,458,0.096,0.061
2020-06-11,black,18-34,1064,0.037,5,0.096,0.065
2020-06-11,black,35-49,1038,0.041,19,0.081,0.059000000000000004
2020-06-11,black,50-64,1283,0.055,72,0.095,0.064
2020-06-11,black,65-79,846,0.077,176,0.116,0.055
2020-06-11,black,80+,494,0.081,186,0.085,0.048
2020-06-11,black,all,4832,0.048,458,0.096,0.06
2020-06-11,latino,0-17,4648,0.6950000000000001,0,0.0,0.47900000000000004
2020-06-11,latino,18+,52198,0.552,1911,0.402,0.363
2020-06-11,latino,18-34,17926,0.629,34,0.654,0.45
2020-06-11,latino,35-49,15544,0.607,173,0.733,0.41500000000000004
2020-06-11,latino,50-64,12549,0.537,455,0.598,0.322
2020-06-11,latino,65-79,4416,0.403,651,0.427,0.218
2020-06-11,latino,80+,1763,0.289,598,0.274,0.196
2020-06-11,latino,all,56896,0.562,1912,0.402,0.389
2020-06-11,other,0-17,1224,0.182,0,0.0,0.044
2020-06-11,other,18+,10946,0.115,86,0.018000000000000002,0.022
2020-06-11,other,18-34,3912,0.138,2,0.038,0.032
2020-06-11,other,35-49,3112,0.121,4,0.016,0.021
2020-06-11,other,50-64,2605,0.111,14,0.019,0.017
2020-06-11,other,65-79,933,0.085,28,0.019,0.015
2020-06-11,other,80+,384,0.063,38,0.018000000000000002,0.013000000000000001
2020-06-11,other,all,12172,0.12,86,0.018000000000000002,0.027
2020-06-11,white,0-17,517,0.077,0,0.0,0.292
2020-06-11,white,18+,17992,0.19,1582,0.333,0.388
2020-06-11,white,18-34,3707,0.13,7,0.135,0.302
2020-06-11,white,35-49,3664,0.14300000000000002,21,0.089,0.325
2020-06-11,white,50-64,4596,0.197,145,0.191,0.43
2020-06-11,white,65-79,3540,0.323,491,0.322,0.54
2020-06-11,white,80+,2485,0.40800000000000003,918,0.42,0.5720000000000001
2020-06-11,white,all,18528,0.183,1582,0.332,0.366
2020-06-10,asian,0-17,193,0.03,0,0.0,0.13
2020-06-10,asian,18+,8606,0.093,712,0.151,0.165
2020-06-10,asian,18-34,1888,0.067,4,0.077,0.151
2020-06-10,asian,35-49,2211,0.088,18,0.078,0.179
2020-06-10,asian,50-64,2328,0.10200000000000001,74,0.099,0.167
2020-06-10,asian,65-79,1216,0.112,176,0.117,0.17200000000000001
2020-06-10,asian,80+,963,0.159,440,0.20400000000000001,0.17200000000000001
2020-06-10,asian,all,8809,0.088,712,0.151,0.157
2020-06-10,black,0-17,99,0.015,0,0.0,0.054
2020-06-10,black,18+,4674,0.05,454,0.097,0.061
2020-06-10,black,18-34,1051,0.038,5,0.096,0.065
2020-06-10,black,35-49,1026,0.041,19,0.082,0.059000000000000004
2020-06-10,black,50-64,1269,0.055,71,0.095,0.064
2020-06-10,black,65-79,838,0.077,174,0.116,0.055
2020-06-10,black,80+,490,0.081,185,0.08600000000000001,0.048
2020-06-10,black,all,4777,0.048,454,0.097,0.06
2020-06-10,latino,0-17,4490,0.6920000000000001,0,0.0,0.47900000000000004
2020-06-10,latino,18+,50902,0.548,1887,0.402,0.363
2020-06-10,latino,18-34,17410,0.624,34,0.654,0.45
2020-06-10,latino,35-49,15155,0.604,171,0.74,0.41500000000000004
2020-06-10,latino,50-64,12262,0.534,446,0.598,0.322
2020-06-10,latino,65-79,4338,0.401,645,0.429,0.218
2020-06-10,latino,80+,1737,0.28800000000000003,591,0.274,0.196
2020-06-10,latino,all,55439,0.558,1888,0.402,0.389
2020-06-10,other,0-17,1203,0.186,0,0.0,0.044
2020-06-10,other,18+,10850,0.116,86,0.019,0.022
2020-06-10,other,18-34,3866,0.139,2,0.038,0.032
2020-06-10,other,35-49,3087,0.122,4,0.017,0.021
2020-06-10,other,50-64,2574,0.112,14,0.019,0.017
2020-06-10,other,65-79,938,0.08600000000000001,29,0.02,0.015
2020-06-10,other,80+,385,0.063,37,0.017,0.013000000000000001
2020-06-10,other,all,12056,0.121,86,0.019,0.027
2020-06-10,white,0-17,502,0.077,0,0.0,0.292
2020-06-10,white,18+,17792,0.192,1553,0.331,0.388
2020-06-10,white,18-34,3664,0.131,7,0.135,0.302
2020-06-10,white,35-49,3630,0.145,19,0.082,0.325
2020-06-10,white,50-64,4543,0.198,141,0.189,0.43
2020-06-10,white,65-79,3501,0.323,481,0.32,0.54
2020-06-10,white,80+,2454,0.40700000000000003,905,0.419,0.5720000000000001
2020-06-10,white,all,18312,0.184,1553,0.331,0.366
2020-06-02,asian,0-17,165,0.034,0,0.0,0.13
2020-06-02,asian,18-34,1683,0.074,3,0.068,0.151
2020-06-02,asian,35-49,2036,0.097,17,0.08600000000000001,0.179
2020-06-02,asian,50-64,2150,0.11,69,0.106,0.167
2020-06-02,asian,65-79,1117,0.117,154,0.114,0.17200000000000001
2020-06-02,asian,80+,879,0.166,401,0.20800000000000002,0.17200000000000001
2020-06-02,asian,all,8039,0.097,644,0.154,0.157
2020-06-02,black,0-17,82,0.017,0,0.0,0.054
2020-06-02,black,18-34,918,0.041,4,0.091,0.065
2020-06-02,black,35-49,920,0.044,17,0.08600000000000001,0.059000000000000004
2020-06-02,black,50-64,1160,0.059000000000000004,63,0.097,0.064
2020-06-02,black,65-79,773,0.081,159,0.11900000000000001,0.055
2020-06-02,black,80+,441,0.083,171,0.089,0.048
2020-06-02,black,all,4298,0.052000000000000005,414,0.1,0.06
2020-06-02,latino,0-17,3381,0.6920000000000001,0,0.0,0.47900000000000004
2020-06-02,latino,18-34,13796,0.61,30,0.682,0.45
2020-06-02,latino,35-49,12379,0.59,146,0.741,0.41500000000000004
2020-06-02,latino,50-64,10209,0.518,382,0.59,0.322
2020-06-02,latino,65-79,3717,0.387,559,0.417,0.218
2020-06-02,latino,80+,1459,0.275,514,0.267,0.196
2020-06-02,latino,all,44975,0.541,1631,0.392,0.389
2020-06-02,other,0-17,855,0.17500000000000002,0,0.0,0.044
2020-06-02,other,18-34,2967,0.131,2,0.045,0.032
2020-06-02,other,35-49,2437,0.116,3,0.015,0.021
2020-06-02,other,50-64,2061,0.105,10,0.016,0.017
2020-06-02,other,65-79,796,0.083,26,0.02,0.015
2020-06-02,other,80+,319,0.059000000000000004,31,0.016,0.013000000000000001
2020-06-02,other,all,9437,0.114,72,0.017,0.027
2020-06-02,white,0-17,402,0.082,0,0.0,0.292
2020-06-02,white,18-34,3236,0.14300000000000002,5,0.114,0.302
2020-06-02,white,35-49,3222,0.153,14,0.07100000000000001,0.325
2020-06-02,white,50-64,4116,0.209,124,0.191,0.43
2020-06-02,white,65-79,3191,0.333,442,0.33,0.54
2020-06-02,white,80+,2217,0.417,810,0.42,0.5720000000000001
2020-06-02,white,all,16402,0.197,1395,0.336,0.366
2020-06-01,asian,0-17,159,0.034,0,0.0,0.13
2020-06-01,asian,18-34,1665,0.075,3,0.068,0.151
2020-06-01,asian,35-49,1996,0.097,17,0.092,0.179
2020-06-01,asian,50-64,2125,0.11,67,0.107,0.167
2020-06-01,asian,65-79,1105,0.117,154,0.117,0.17200000000000001
2020-06-01,asian,80+,862,0.165,390,0.20700000000000002,0.17200000000000001
2020-06-01,asian,all,7922,0.098,631,0.155,0.157
2020-06-01,black,0-17,82,0.018000000000000002,0,0.0,0.054
2020-06-01,black,18-34,895,0.041,4,0.091,0.065
2020-06-01,black,35-49,904,0.044,17,0.091,0.059000000000000004
2020-06-01,black,50-64,1139,0.059000000000000004,63,0.1,0.064
2020-06-01,black,65-79,765,0.081,157,0.11900000000000001,0.055
2020-06-01,black,80+,429,0.082,167,0.089,0.048
2020-06-01,black,all,4218,0.052000000000000005,408,0.1,0.06
2020-06-01,latino,0-17,3260,0.6990000000000001,0,0.0,0.47900000000000004
2020-06-01,latino,18-34,13481,0.613,30,0.682,0.45
2020-06-01,latino,35-49,12091,0.591,138,0.742,0.41500000000000004
2020-06-01,latino,50-64,10007,0.519,368,0.584,0.322
2020-06-01,latino,65-79,3649,0.387,542,0.41200000000000003,0.218
2020-06-01,latino,80+,1429,0.274,504,0.268,0.196
2020-06-01,latino,all,43951,0.542,1582,0.39,0.389
2020-06-01,other,0-17,781,0.168,0,0.0,0.044
2020-06-01,other,18-34,2803,0.127,2,0.045,0.032
2020-06-01,other,35-49,2303,0.113,2,0.01,0.021
2020-06-01,other,50-64,1974,0.10300000000000001,10,0.016,0.017
2020-06-01,other,65-79,764,0.08,25,0.019,0.015
2020-06-01,other,80+,308,0.058,31,0.016,0.013000000000000001
2020-06-01,other,all,8935,0.11,70,0.016,0.027
2020-06-01,white,0-17,383,0.082,0,0.0,0.292
2020-06-01,white,18-34,3161,0.14400000000000002,5,0.114,0.302
2020-06-01,white,35-49,3166,0.155,12,0.065,0.325
2020-06-01,white,50-64,4049,0.21,122,0.194,0.43
2020-06-01,white,65-79,3146,0.334,438,0.333,0.54
2020-06-01,white,80+,2194,0.42,792,0.42,0.5720000000000001
2020-06-01,white,all,16114,0.199,1369,0.337,0.366
2020-05-31,asian,0-17,157,0.034,0,0.0,0.13
2020-05-31,asian,18-34,1648,0.076,3,0.07100000000000001,0.151
2020-05-31,asian,35-49,1984,0.098,16,0.08700000000000001,0.179
2020-05-31,asian,50-64,2108,0.11,67,0.108,0.167
2020-05-31,asian,65-79,1094,0.117,154,0.11900000000000001,0.17200000000000001
2020-05-31,asian,80+,853,0.166,384,0.20800000000000002,0.17200000000000001
2020-05-31,asian,all,7854,0.099,624,0.156,0.157
2020-05-31,black,0-17,82,0.018000000000000002,0,0.0,0.054
2020-05-31,black,18-34,882,0.041,3,0.07100000000000001,0.065
2020-05-31,black,35-49,898,0.045,16,0.08700000000000001,0.059000000000000004
2020-05-31,black,50-64,1127,0.059000000000000004,62,0.099,0.064
2020-05-31,black,65-79,757,0.081,155,0.11900000000000001,0.055
2020-05-31,black,80+,422,0.082,163,0.088,0.048
2020-05-31,black,all,4172,0.052000000000000005,399,0.1,0.06
2020-05-31,latino,0-17,3202,0.705,0,0.0,0.47900000000000004
2020-05-31,latino,18-34,13309,0.616,30,0.714,0.45
2020-05-31,latino,35-49,11932,0.593,138,0.75,0.41500000000000004
2020-05-31,latino,50-64,9903,0.521,364,0.582,0.322
2020-05-31,latino,65-79,3616,0.387,536,0.41200000000000003,0.218
2020-05-31,latino,80+,1397,0.272,495,0.268,0.196
2020-05-31,latino,all,43392,0.543,1563,0.39,0.389
2020-05-31,other,0-17,724,0.16,0,0.0,0.044
2020-05-31,other,18-34,2643,0.122,2,0.048,0.032
2020-05-31,other,35-49,2180,0.108,2,0.01,0.021
2020-05-31,other,50-64,1878,0.099,10,0.016,0.017
2020-05-31,other,65-79,745,0.08,26,0.02,0.015
2020-05-31,other,80+,302,0.058,33,0.017,0.013000000000000001
2020-05-31,other,all,8474,0.106,73,0.017,0.027
2020-05-31,white,0-17,374,0.082,0,0.0,0.292
2020-05-31,white,18-34,3132,0.145,4,0.095,0.302
2020-05-31,white,35-49,3137,0.156,12,0.065,0.325
2020-05-31,white,50-64,4009,0.211,122,0.195,0.43
2020-05-31,white,65-79,3121,0.334,431,0.331,0.54
2020-05-31,white,80+,2166,0.421,775,0.419,0.5720000000000001
2020-05-31,white,all,15954,0.2,1344,0.336,0.366
2020-05-30,asian,0-17,155,0.035,0,0.0,0.13
2020-05-30,asian,18-34,1642,0.077,3,0.073,0.151
2020-05-30,asian,35-49,1978,0.099,16,0.08700000000000001,0.179
2020-05-30,asian,50-64,2096,0.111,66,0.107,0.167
2020-05-30,asian,65-79,1093,0.11900000000000001,154,0.12,0.17200000000000001
2020-05-30,asian,80+,848,0.167,380,0.20700000000000002,0.17200000000000001
2020-05-30,asian,all,7821,0.1,619,0.156,0.157
2020-05-30,black,0-17,82,0.019,0,0.0,0.054
2020-05-30,black,18-34,869,0.041,3,0.073,0.065
2020-05-30,black,35-49,889,0.045,16,0.08700000000000001,0.059000000000000004
2020-05-30,black,50-64,1120,0.06,62,0.101,0.064
2020-05-30,black,65-79,753,0.082,154,0.12,0.055
2020-05-30,black,80+,420,0.083,162,0.088,0.048
2020-05-30,black,all,4137,0.053,397,0.1,0.06
2020-05-30,latino,0-17,3159,0.717,0,0.0,0.47900000000000004
2020-05-30,latino,18-34,13121,0.619,29,0.707,0.45
2020-05-30,latino,35-49,11814,0.596,138,0.75,0.41500000000000004
2020-05-30,latino,50-64,9812,0.522,357,0.58,0.322
2020-05-30,latino,65-79,3575,0.387,527,0.40900000000000003,0.218
2020-05-30,latino,80+,1385,0.272,494,0.269,0.196
2020-05-30,latino,all,42897,0.545,1545,0.39,0.389
2020-05-30,other,0-17,638,0.145,0,0.0,0.044
2020-05-30,other,18-34,2466,0.117,2,0.049,0.032
2020-05-30,other,35-49,2046,0.10300000000000001,2,0.01,0.021
2020-05-30,other,50-64,1792,0.096,10,0.016,0.017
2020-05-30,other,65-79,711,0.076,25,0.019,0.015
2020-05-30,other,80+,286,0.056,33,0.018000000000000002,0.013000000000000001
2020-05-30,other,all,7941,0.101,72,0.019,0.027
2020-05-30,white,0-17,373,0.085,0,0.0,0.292
2020-05-30,white,18-34,3113,0.147,4,0.098,0.302
2020-05-30,white,35-49,3111,0.157,12,0.065,0.325
2020-05-30,white,50-64,3986,0.212,120,0.195,0.43
2020-05-30,white,65-79,3098,0.336,428,0.332,0.54
2020-05-30,white,80+,2147,0.422,769,0.418,0.5720000000000001
2020-05-30,white,all,15843,0.201,1333,0.336,0.366
2020-05-29,asian,0-17,149,0.036000000000000004,0,0.0,0.13
2020-05-29,asian,18-34,1617,0.08,3,0.077,0.151
2020-05-29,asian,35-49,1943,0.101,15,0.083,0.179
2020-05-29,asian,50-64,2073,0.114,66,0.108,0.167
2020-05-29,asian,65-79,1076,0.12,147,0.116,0.17200000000000001
2020-05-29,asian,80+,831,0.167,375,0.20800000000000002,0.17200000000000001
2020-05-29,asian,all,7698,0.10200000000000001,606,0.155,0.157
2020-05-29,black,0-17,80,0.02,0,0.0,0.054
2020-05-29,black,18-34,846,0.042,3,0.077,0.065
2020-05-29,black,35-49,873,0.046,15,0.083,0.059000000000000004
2020-05-29,black,50-64,1101,0.06,62,0.10200000000000001,0.064
2020-05-29,black,65-79,738,0.082,151,0.12,0.055
2020-05-29,black,80+,403,0.081,158,0.088,0.048
2020-05-29,black,all,4045,0.053,389,0.1,0.06
2020-05-29,latino,0-17,2977,0.728,0,0.0,0.47900000000000004
2020-05-29,latino,18-34,12626,0.622,28,0.718,0.45
2020-05-29,latino,35-49,11418,0.597,135,0.75,0.41500000000000004
2020-05-29,latino,50-64,9527,0.522,351,0.578,0.322
2020-05-29,latino,65-79,3467,0.386,515,0.40800000000000003,0.218
2020-05-29,latino,80+,1340,0.27,477,0.265,0.196
2020-05-29,latino,all,41386,0.546,1506,0.387,0.389
2020-05-29,other,0-17,540,0.132,0,0.0,0.044
2020-05-29,other,18-34,2231,0.11,2,0.051000000000000004,0.032
2020-05-29,other,35-49,1878,0.098,2,0.012,0.021
2020-05-29,other,50-64,1671,0.092,9,0.014,0.017
2020-05-29,other,65-79,681,0.076,28,0.022,0.015
2020-05-29,other,80+,280,0.056,33,0.018000000000000002,0.013000000000000001
2020-05-29,other,all,7283,0.096,74,0.019,0.027
2020-05-29,white,0-17,342,0.084,0,0.0,0.292
2020-05-29,white,18-34,2974,0.147,3,0.077,0.302
2020-05-29,white,35-49,3010,0.157,13,0.07200000000000001,0.325
2020-05-29,white,50-64,3877,0.212,119,0.196,0.43
2020-05-29,white,65-79,3030,0.337,422,0.334,0.54
2020-05-29,white,80+,2111,0.425,760,0.422,0.5720000000000001
2020-05-29,white,all,15357,0.203,1317,0.338,0.366
2020-05-28,asian,0-17,143,0.037,0,0.0,0.13
2020-05-28,asian,18-34,1554,0.08,3,0.077,0.151
2020-05-28,asian,35-49,1884,0.101,14,0.079,0.179
2020-05-28,asian,50-64,2024,0.114,65,0.111,0.167
2020-05-28,asian,65-79,1055,0.12,144,0.116,0.17200000000000001
2020-05-28,asian,80+,822,0.168,367,0.20800000000000002,0.17200000000000001
2020-05-28,asian,all,7491,0.10200000000000001,593,0.156,0.157
2020-05-28,black,0-17,74,0.019,0,0.0,0.054
2020-05-28,black,18-34,807,0.041,3,0.077,0.065
2020-05-28,black,35-49,849,0.046,15,0.085,0.059000000000000004
2020-05-28,black,50-64,1066,0.06,61,0.10400000000000001,0.064
2020-05-28,black,65-79,718,0.082,148,0.11900000000000001,0.055
2020-05-28,black,80+,396,0.081,156,0.088,0.048
2020-05-28,black,all,3914,0.053,383,0.101,0.06
2020-05-28,latino,0-17,2838,0.734,0,0.0,0.47900000000000004
2020-05-28,latino,18-34,12227,0.625,28,0.718,0.45
2020-05-28,latino,35-49,11087,0.598,131,0.744,0.41500000000000004
2020-05-28,latino,50-64,9266,0.521,332,0.5650000000000001,0.322
2020-05-28,latino,65-79,3375,0.384,505,0.40800000000000003,0.218
2020-05-28,latino,80+,1311,0.269,469,0.266,0.196
2020-05-28,latino,all,40134,0.546,1465,0.385,0.389
2020-05-28,other,0-17,480,0.124,0,0.0,0.044
2020-05-28,other,18-34,2036,0.10400000000000001,2,0.051000000000000004,0.032
2020-05-28,other,35-49,1769,0.095,3,0.017,0.021
2020-05-28,other,50-64,1581,0.09,11,0.018000000000000002,0.017
2020-05-28,other,65-79,661,0.075,29,0.023,0.015
2020-05-28,other,80+,270,0.055,33,0.018000000000000002,0.013000000000000001
2020-05-28,other,all,6799,0.092,78,0.021,0.027
2020-05-28,white,0-17,332,0.08600000000000001,0,0.0,0.292
2020-05-28,white,18-34,2925,0.15,3,0.077,0.302
2020-05-28,white,35-49,2963,0.16,13,0.074,0.325
2020-05-28,white,50-64,3834,0.216,119,0.202,0.43
2020-05-28,white,65-79,2986,0.34,413,0.333,0.54
2020-05-28,white,80+,2081,0.426,741,0.42,0.5720000000000001
2020-05-28,white,all,15132,0.20600000000000002,1289,0.338,0.366
2020-05-27,asian,0-17,141,0.038,0,0.0,0.13
2020-05-27,asian,18-34,1527,0.081,3,0.077,0.151
2020-05-27,asian,35-49,1863,0.10400000000000001,14,0.08,0.179
2020-05-27,asian,50-64,2003,0.115,63,0.111,0.167
2020-05-27,asian,65-79,1042,0.12,141,0.116,0.17200000000000001
2020-05-27,asian,80+,817,0.17,359,0.20700000000000002,0.17200000000000001
2020-05-27,asian,all,7402,0.10300000000000001,580,0.156,0.157
2020-05-27,black,0-17,71,0.019,0,0.0,0.054
2020-05-27,black,18-34,794,0.042,3,0.077,0.065
2020-05-27,black,35-49,830,0.046,15,0.08600000000000001,0.059000000000000004
2020-05-27,black,50-64,1058,0.061,59,0.10400000000000001,0.064
2020-05-27,black,65-79,714,0.083,146,0.12,0.055
2020-05-27,black,80+,393,0.082,154,0.089,0.048
2020-05-27,black,all,3863,0.054,377,0.101,0.06
2020-05-27,latino,0-17,2711,0.737,0,0.0,0.47900000000000004
2020-05-27,latino,18-34,11848,0.627,28,0.718,0.45
2020-05-27,latino,35-49,10758,0.596,128,0.736,0.41500000000000004
2020-05-27,latino,50-64,9022,0.52,318,0.561,0.322
2020-05-27,latino,65-79,3282,0.38,495,0.40700000000000003,0.218
2020-05-27,latino,80+,1281,0.267,465,0.268,0.196
2020-05-27,latino,all,38929,0.545,1434,0.384,0.389
2020-05-27,other,0-17,430,0.117,0,0.0,0.044
2020-05-27,other,18-34,1863,0.098,2,0.051000000000000004,0.032
2020-05-27,other,35-49,1661,0.091,4,0.023,0.021
2020-05-27,other,50-64,1497,0.08700000000000001,10,0.019,0.017
2020-05-27,other,65-79,638,0.074,28,0.023,0.015
2020-05-27,other,80+,261,0.054,35,0.019,0.013000000000000001
2020-05-27,other,all,6352,0.089,79,0.022,0.027
2020-05-27,white,0-17,325,0.088,0,0.0,0.292
2020-05-27,white,18-34,2872,0.152,3,0.077,0.302
2020-05-27,white,35-49,2924,0.162,13,0.075,0.325
2020-05-27,white,50-64,3780,0.218,117,0.20600000000000002,0.43
2020-05-27,white,65-79,2956,0.342,406,0.334,0.54
2020-05-27,white,80+,2047,0.427,721,0.41600000000000004,0.5720000000000001
2020-05-27,white,all,14915,0.209,1260,0.338,0.366
2020-05-22,asian,0-17,119,0.04,0,0.0,0.13
2020-05-22,asian,18-34,1439,0.08700000000000001,3,0.08600000000000001,0.151
2020-05-22,asian,35-49,1766,0.11,12,0.073,0.179
2020-05-22,asian,50-64,1900,0.121,59,0.111,0.167
2020-05-22,asian,65-79,982,0.124,136,0.11900000000000001,0.17200000000000001
2020-05-22,asian,80+,788,0.17500000000000002,338,0.20700000000000002,0.17200000000000001
2020-05-22,asian,all,7004,0.11,548,0.156,0.157
2020-05-22,black,0-17,63,0.022,0,0.0,0.054
2020-05-22,black,18-34,742,0.045,3,0.08600000000000001,0.065
2020-05-22,black,35-49,785,0.049,15,0.091,0.059000000000000004
2020-05-22,black,50-64,986,0.063,58,0.109,0.064
2020-05-22,black,65-79,665,0.084,137,0.12,0.055
2020-05-22,black,80+,373,0.083,144,0.088,0.048
2020-05-22,black,all,3616,0.057,357,0.10200000000000001,0.06
2020-05-22,latino,0-17,2290,0.785,0,0.0,0.47900000000000004
2020-05-22,latino,18-34,10509,0.64,24,0.686,0.45
2020-05-22,latino,35-49,9648,0.602,121,0.738,0.41500000000000004
2020-05-22,latino,50-64,8181,0.521,293,0.55,0.322
2020-05-22,latino,65-79,2988,0.378,458,0.401,0.218
2020-05-22,latino,80+,1176,0.261,433,0.266,0.196
2020-05-22,latino,all,34809,0.548,1329,0.379,0.389
2020-05-22,other,0-17,157,0.054,0,0.0,0.044
2020-05-22,other,18-34,1055,0.064,1,0.029,0.032
2020-05-22,other,35-49,1043,0.065,3,0.018000000000000002,0.021
2020-05-22,other,50-64,1080,0.069,10,0.019,0.017
2020-05-22,other,65-79,506,0.064,30,0.026000000000000002,0.015
2020-05-22,other,80+,226,0.051000000000000004,31,0.019,0.013000000000000001
2020-05-22,other,all,4069,0.064,75,0.022,0.027
2020-05-22,white,0-17,290,0.099,0,0.0,0.292
2020-05-22,white,18-34,2667,0.163,4,0.114,0.302
2020-05-22,white,35-49,2778,0.17300000000000001,13,0.079,0.325
2020-05-22,white,50-64,3562,0.227,113,0.212,0.43
2020-05-22,white,65-79,2764,0.35000000000000003,382,0.334,0.54
2020-05-22,white,80+,1936,0.43,683,0.419,0.5720000000000001
2020-05-22,white,all,14007,0.221,1195,0.341,0.366
2020-05-21,asian,0-17,113,0.041,0,0.0,0.13
2020-05-21,asian,18-34,1416,0.089,3,0.08600000000000001,0.151
2020-05-21,asian,35-49,1745,0.112,11,0.067,0.179
2020-05-21,asian,50-64,1870,0.122,58,0.111,0.167
2020-05-21,asian,65-79,973,0.126,135,0.12,0.17200000000000001
2020-05-21,asian,80+,776,0.176,334,0.20600000000000002,0.17200000000000001
2020-05-21,asian,all,6903,0.112,541,0.157,0.157
2020-05-21,black,0-17,60,0.022,0,0.0,0.054
2020-05-21,black,18-34,731,0.046,3,0.08600000000000001,0.065
2020-05-21,black,35-49,767,0.049,15,0.092,0.059000000000000004
2020-05-21,black,50-64,966,0.063,56,0.107,0.064
2020-05-21,black,65-79,648,0.084,135,0.12,0.055
2020-05-21,black,80+,359,0.081,144,0.089,0.048
2020-05-21,black,all,3533,0.057,353,0.10200000000000001,0.06
2020-05-21,latino,0-17,2160,0.781,0,0.0,0.47900000000000004
2020-05-21,latino,18-34,10151,0.638,24,0.686,0.45
2020-05-21,latino,35-49,9313,0.598,120,0.736,0.41500000000000004
2020-05-21,latino,50-64,7932,0.518,287,0.549,0.322
2020-05-21,latino,65-79,2910,0.376,448,0.4,0.218
2020-05-21,latino,80+,1151,0.261,429,0.266,0.196
2020-05-21,latino,all,33639,0.545,1308,0.378,0.389
2020-05-21,other,0-17,142,0.051000000000000004,0,0.0,0.044
2020-05-21,other,18-34,1006,0.063,1,0.029,0.032
2020-05-21,other,35-49,1004,0.065,4,0.024,0.021
2020-05-21,other,50-64,1047,0.069,10,0.019,0.017
2020-05-21,other,65-79,496,0.064,29,0.025,0.015
2020-05-21,other,80+,218,0.049,31,0.019,0.013000000000000001
2020-05-21,other,all,3916,0.064,75,0.022,0.027
2020-05-21,white,0-17,289,0.105,0,0.0,0.292
2020-05-21,white,18-34,2608,0.164,4,0.114,0.302
2020-05-21,white,35-49,2738,0.176,13,0.08,0.325
2020-05-21,white,50-64,3496,0.228,112,0.214,0.43
2020-05-21,white,65-79,2716,0.35100000000000003,374,0.334,0.54
2020-05-21,white,80+,1905,0.432,677,0.419,0.5720000000000001
2020-05-21,white,all,13762,0.223,1180,0.341,0.366
2020-05-20,asian,0-17,109,0.042,0,0.0,0.13
2020-05-20,asian,18-34,1388,0.091,3,0.08600000000000001,0.151
2020-05-20,asian,35-49,1707,0.113,10,0.064,0.179
2020-05-20,asian,50-64,1834,0.123,56,0.11,0.167
2020-05-20,asian,65-79,961,0.126,134,0.123,0.17200000000000001
2020-05-20,asian,80+,754,0.17500000000000002,332,0.21,0.17200000000000001
2020-05-20,asian,all,6763,0.112,535,0.158,0.157
2020-05-20,black,0-17,56,0.021,0,0.0,0.054
2020-05-20,black,18-34,714,0.046,3,0.08600000000000001,0.065
2020-05-20,black,35-49,754,0.05,14,0.089,0.059000000000000004
2020-05-20,black,50-64,954,0.064,56,0.11,0.064
2020-05-20,black,65-79,635,0.084,130,0.11900000000000001,0.055
2020-05-20,black,80+,350,0.082,141,0.089,0.048
2020-05-20,black,all,3465,0.058,344,0.10200000000000001,0.06
2020-05-20,latino,0-17,2046,0.783,0,0.0,0.47900000000000004
2020-05-20,latino,18-34,9824,0.638,24,0.686,0.45
2020-05-20,latino,35-49,9070,0.599,117,0.741,0.41500000000000004
2020-05-20,latino,50-64,7751,0.518,278,0.544,0.322
2020-05-20,latino,65-79,2842,0.375,434,0.398,0.218
2020-05-20,latino,80+,1111,0.259,418,0.264,0.196
2020-05-20,latino,all,32662,0.544,1271,0.376,0.389
2020-05-20,other,0-17,131,0.051000000000000004,0,0.0,0.044
2020-05-20,other,18-34,956,0.062,1,0.029,0.032
2020-05-20,other,35-49,940,0.063,4,0.026000000000000002,0.021
2020-05-20,other,50-64,990,0.067,10,0.02,0.017
2020-05-20,other,65-79,479,0.064,29,0.027,0.015
2020-05-20,other,80+,218,0.05,29,0.018000000000000002,0.013000000000000001
2020-05-20,other,all,3717,0.062,73,0.022,0.027
2020-05-20,white,0-17,272,0.10400000000000001,0,0.0,0.292
2020-05-20,white,18-34,2526,0.164,4,0.114,0.302
2020-05-20,white,35-49,2681,0.177,13,0.082,0.325
2020-05-20,white,50-64,3427,0.229,111,0.217,0.43
2020-05-20,white,65-79,2664,0.35100000000000003,364,0.334,0.54
2020-05-20,white,80+,1858,0.433,666,0.42,0.5720000000000001
2020-05-20,white,all,13437,0.224,1158,0.343,0.366
2020-05-19,asian,0-17,106,0.042,0,0.0,0.13
2020-05-19,asian,18-34,1365,0.092,3,0.088,0.151
2020-05-19,asian,35-49,1678,0.114,10,0.064,0.179
2020-05-19,asian,50-64,1814,0.124,54,0.109,0.167
2020-05-19,asian,65-79,948,0.127,131,0.123,0.17200000000000001
2020-05-19,asian,80+,745,0.176,325,0.21,0.17200000000000001
2020-05-19,asian,all,6666,0.114,523,0.159,0.157
2020-05-19,black,0-17,54,0.022,0,0.0,0.054
2020-05-19,black,18-34,697,0.047,3,0.088,0.065
2020-05-19,black,35-49,750,0.051000000000000004,14,0.09,0.059000000000000004
2020-05-19,black,50-64,944,0.065,55,0.111,0.064
2020-05-19,black,65-79,624,0.084,124,0.117,0.055
2020-05-19,black,80+,348,0.082,139,0.09,0.048
2020-05-19,black,all,3418,0.059000000000000004,335,0.10200000000000001,0.06
2020-05-19,latino,0-17,1920,0.777,0,0.0,0.47900000000000004
2020-05-19,latino,18-34,9399,0.632,23,0.676,0.45
2020-05-19,latino,35-49,8772,0.595,115,0.737,0.41500000000000004
2020-05-19,latino,50-64,7483,0.514,268,0.541,0.322
2020-05-19,latino,65-79,2761,0.371,422,0.398,0.218
2020-05-19,latino,80+,1082,0.256,407,0.263,0.196
2020-05-19,latino,all,31432,0.539,1235,0.375,0.389
2020-05-19,other,0-17,131,0.053,0,0.0,0.044
2020-05-19,other,18-34,942,0.063,1,0.029,0.032
2020-05-19,other,35-49,914,0.063,4,0.026000000000000002,0.021
2020-05-19,other,50-64,973,0.067,10,0.02,0.017
2020-05-19,other,65-79,475,0.065,33,0.031,0.015
2020-05-19,other,80+,208,0.049,27,0.017,0.013000000000000001
2020-05-19,other,all,3645,0.063,75,0.023,0.027
2020-05-19,white,0-17,261,0.106,0,0.0,0.292
2020-05-19,white,18-34,2464,0.166,4,0.11800000000000001,0.302
2020-05-19,white,35-49,2624,0.178,13,0.083,0.325
2020-05-19,white,50-64,3356,0.23,108,0.218,0.43
2020-05-19,white,65-79,2628,0.353,349,0.33,0.54
2020-05-19,white,80+,1843,0.436,651,0.42,0.5720000000000001
2020-05-19,white,all,13185,0.226,1125,0.342,0.366
2020-05-18,asian,0-17,105,0.045,0,0.0,0.13
2020-05-18,asian,18-34,1336,0.093,3,0.094,0.151
2020-05-18,asian,35-49,1646,0.115,10,0.065,0.179
2020-05-18,asian,50-64,1784,0.126,53,0.112,0.167
2020-05-18,asian,65-79,936,0.128,125,0.124,0.17200000000000001
2020-05-18,asian,80+,729,0.176,311,0.20600000000000002,0.17200000000000001
2020-05-18,asian,all,6545,0.116,502,0.157,0.157
2020-05-18,black,0-17,51,0.022,0,0.0,0.054
2020-05-18,black,18-34,672,0.047,3,0.094,0.065
2020-05-18,black,35-49,731,0.051000000000000004,14,0.092,0.059000000000000004
2020-05-18,black,50-64,923,0.065,52,0.11,0.064
2020-05-18,black,65-79,613,0.084,118,0.117,0.055
2020-05-18,black,80+,343,0.083,136,0.09,0.048
2020-05-18,black,all,3334,0.059000000000000004,323,0.10200000000000001,0.06
2020-05-18,latino,0-17,1797,0.769,0,0.0,0.47900000000000004
2020-05-18,latino,18-34,9077,0.63,21,0.656,0.45
2020-05-18,latino,35-49,8482,0.591,112,0.732,0.41500000000000004
2020-05-18,latino,50-64,7265,0.51,254,0.538,0.322
2020-05-18,latino,65-79,2697,0.369,403,0.398,0.218
2020-05-18,latino,80+,1059,0.256,397,0.263,0.196
2020-05-18,latino,all,30391,0.535,1187,0.374,0.389
2020-05-18,other,0-17,130,0.056,0,0.0,0.044
2020-05-18,other,18-34,915,0.063,1,0.031,0.032
2020-05-18,other,35-49,910,0.064,4,0.026000000000000002,0.021
2020-05-18,other,50-64,972,0.068,11,0.023,0.017
2020-05-18,other,65-79,464,0.064,30,0.03,0.015
2020-05-18,other,80+,206,0.05,24,0.015,0.013000000000000001
2020-05-18,other,all,3599,0.064,70,0.022,0.027
2020-05-18,white,0-17,254,0.109,0,0.0,0.292
2020-05-18,white,18-34,2417,0.168,4,0.125,0.302
2020-05-18,white,35-49,2582,0.18,13,0.085,0.325
2020-05-18,white,50-64,3300,0.232,102,0.216,0.43
2020-05-18,white,65-79,2595,0.355,336,0.332,0.54
2020-05-18,white,80+,1802,0.435,641,0.425,0.5720000000000001
2020-05-18,white,all,12960,0.228,1096,0.34500000000000003,0.366
2020-05-17,asian,0-17,105,0.047,0,0.0,0.13
2020-05-17,asian,18-34,1322,0.094,3,0.094,0.151
2020-05-17,asian,35-49,1630,0.116,10,0.067,0.179
2020-05-17,asian,50-64,1769,0.127,54,0.114,0.167
2020-05-17,asian,65-79,929,0.13,125,0.125,0.17200000000000001
2020-05-17,asian,80+,725,0.177,308,0.20600000000000002,0.17200000000000001
2020-05-17,asian,all,6489,0.117,500,0.159,0.157
2020-05-17,black,0-17,49,0.022,0,0.0,0.054
2020-05-17,black,18-34,653,0.047,3,0.094,0.065
2020-05-17,black,35-49,716,0.051000000000000004,14,0.093,0.059000000000000004
2020-05-17,black,50-64,906,0.065,52,0.11,0.064
2020-05-17,black,65-79,603,0.084,117,0.117,0.055
2020-05-17,black,80+,339,0.083,135,0.09,0.048
2020-05-17,black,all,3267,0.059000000000000004,321,0.10200000000000001,0.06
2020-05-17,latino,0-17,1741,0.777,0,0.0,0.47900000000000004
2020-05-17,latino,18-34,8842,0.63,21,0.656,0.45
2020-05-17,latino,35-49,8268,0.59,110,0.733,0.41500000000000004
2020-05-17,latino,50-64,7117,0.51,253,0.537,0.322
2020-05-17,latino,65-79,2663,0.37,394,0.395,0.218
2020-05-17,latino,80+,1049,0.256,395,0.264,0.196
2020-05-17,latino,all,29693,0.534,1173,0.373,0.389
2020-05-17,other,0-17,119,0.052000000000000005,0,0.0,0.044
2020-05-17,other,18-34,898,0.065,1,0.031,0.032
2020-05-17,other,35-49,893,0.064,4,0.026000000000000002,0.021
2020-05-17,other,50-64,938,0.068,11,0.023,0.017
2020-05-17,other,65-79,452,0.063,30,0.03,0.015
2020-05-17,other,80+,206,0.05,25,0.016,0.013000000000000001
2020-05-17,other,all,3508,0.063,71,0.022,0.027
2020-05-17,white,0-17,227,0.101,0,0.0,0.292
2020-05-17,white,18-34,2324,0.166,4,0.125,0.302
2020-05-17,white,35-49,2505,0.179,12,0.08,0.325
2020-05-17,white,50-64,3212,0.23,101,0.214,0.43
2020-05-17,white,65-79,2547,0.354,332,0.333,0.54
2020-05-17,white,80+,1773,0.433,631,0.422,0.5720000000000001
2020-05-17,white,all,12598,0.227,1080,0.343,0.366
2020-05-16,asian,0-17,95,0.044,0,0.0,0.13
2020-05-16,asian,18-34,1282,0.093,3,0.097,0.151
2020-05-16,asian,35-49,1596,0.116,10,0.068,0.179
2020-05-16,asian,50-64,1725,0.125,53,0.116,0.167
2020-05-16,asian,65-79,910,0.129,124,0.127,0.17200000000000001
2020-05-16,asian,80+,712,0.177,305,0.211,0.17200000000000001
2020-05-16,asian,all,6330,0.116,496,0.162,0.157
2020-05-16,black,0-17,48,0.022,0,0.0,0.054
2020-05-16,black,18-34,643,0.047,3,0.097,0.065
2020-05-16,black,35-49,708,0.051000000000000004,14,0.095,0.059000000000000004
2020-05-16,black,50-64,898,0.065,50,0.109,0.064
2020-05-16,black,65-79,592,0.084,114,0.117,0.055
2020-05-16,black,80+,331,0.083,130,0.09,0.048
2020-05-16,black,all,3221,0.059000000000000004,311,0.10200000000000001,0.06
2020-05-16,latino,0-17,1707,0.782,0,0.0,0.47900000000000004
2020-05-16,latino,18-34,8678,0.63,20,0.645,0.45
2020-05-16,latino,35-49,8138,0.59,107,0.728,0.41500000000000004
2020-05-16,latino,50-64,7021,0.511,247,0.537,0.322
2020-05-16,latino,65-79,2618,0.37,382,0.393,0.218
2020-05-16,latino,80+,1033,0.258,381,0.264,0.196
2020-05-16,latino,all,29208,0.535,1137,0.372,0.389
2020-05-16,other,0-17,108,0.049,0,0.0,0.044
2020-05-16,other,18-34,881,0.064,2,0.064,0.032
2020-05-16,other,35-49,864,0.062,4,0.028,0.021
2020-05-16,other,50-64,919,0.067,11,0.023,0.017
2020-05-16,other,65-79,445,0.063,31,0.032,0.015
2020-05-16,other,80+,198,0.049,26,0.018000000000000002,0.013000000000000001
2020-05-16,other,all,3418,0.063,74,0.025,0.027
2020-05-16,white,0-17,226,0.10300000000000001,0,0.0,0.292
2020-05-16,white,18-34,2299,0.167,3,0.097,0.302
2020-05-16,white,35-49,2493,0.181,12,0.082,0.325
2020-05-16,white,50-64,3183,0.232,99,0.215,0.43
2020-05-16,white,65-79,2514,0.355,322,0.331,0.54
2020-05-16,white,80+,1728,0.432,603,0.417,0.5720000000000001
2020-05-16,white,all,12452,0.228,1039,0.34,0.366
2020-05-15,asian,0-17,87,0.043000000000000003,0,0.0,0.13
2020-05-15,asian,18-34,1218,0.092,3,0.10300000000000001,0.151
2020-05-15,asian,35-49,1547,0.116,10,0.069,0.179
2020-05-15,asian,50-64,1672,0.126,52,0.116,0.167
2020-05-15,asian,65-79,893,0.129,123,0.128,0.17200000000000001
2020-05-15,asian,80+,691,0.177,300,0.213,0.17200000000000001
2020-05-15,asian,all,6118,0.116,489,0.163,0.157
2020-05-15,black,0-17,47,0.023,0,0.0,0.054
2020-05-15,black,18-34,638,0.048,3,0.10300000000000001,0.065
2020-05-15,black,35-49,694,0.052000000000000005,14,0.096,0.059000000000000004
2020-05-15,black,50-64,887,0.067,48,0.107,0.064
2020-05-15,black,65-79,585,0.084,112,0.117,0.055
2020-05-15,black,80+,326,0.084,127,0.09,0.048
2020-05-15,black,all,3178,0.06,304,0.10200000000000001,0.06
2020-05-15,latino,0-17,1575,0.782,0,0.0,0.47900000000000004
2020-05-15,latino,18-34,8256,0.625,18,0.621,0.45
2020-05-15,latino,35-49,7803,0.586,106,0.726,0.41500000000000004
2020-05-15,latino,50-64,6750,0.507,242,0.538,0.322
2020-05-15,latino,65-79,2545,0.367,376,0.392,0.218
2020-05-15,latino,80+,1000,0.256,368,0.262,0.196
2020-05-15,latino,all,27943,0.53,1110,0.371,0.389
2020-05-15,other,0-17,104,0.051000000000000004,0,0.0,0.044
2020-05-15,other,18-34,863,0.065,2,0.068,0.032
2020-05-15,other,35-49,841,0.063,4,0.028,0.021
2020-05-15,other,50-64,901,0.068,10,0.021,0.017
2020-05-15,other,65-79,435,0.063,29,0.03,0.015
2020-05-15,other,80+,187,0.048,24,0.017,0.013000000000000001
2020-05-15,other,all,3333,0.063,69,0.023,0.027
2020-05-15,white,0-17,202,0.1,0,0.0,0.292
2020-05-15,white,18-34,2234,0.169,3,0.10300000000000001,0.302
2020-05-15,white,35-49,2433,0.183,12,0.082,0.325
2020-05-15,white,50-64,3107,0.233,98,0.218,0.43
2020-05-15,white,65-79,2471,0.357,320,0.333,0.54
2020-05-15,white,80+,1697,0.435,588,0.418,0.5720000000000001
2020-05-15,white,all,12153,0.23,1021,0.341,0.366
2020-05-14,asian,0-17,80,0.042,0,0.0,0.13
2020-05-14,asian,18-34,1177,0.092,3,0.111,0.151
2020-05-14,asian,35-49,1498,0.116,11,0.078,0.179
2020-05-14,asian,50-64,1627,0.126,53,0.121,0.167
2020-05-14,asian,65-79,873,0.129,117,0.127,0.17200000000000001
2020-05-14,asian,80+,676,0.178,295,0.218,0.17200000000000001
2020-05-14,asian,all,5941,0.116,480,0.167,0.157
2020-05-14,black,0-17,44,0.023,0,0.0,0.054
2020-05-14,black,18-34,594,0.047,4,0.148,0.065
2020-05-14,black,35-49,661,0.051000000000000004,14,0.099,0.059000000000000004
2020-05-14,black,50-64,851,0.066,47,0.107,0.064
2020-05-14,black,65-79,567,0.084,110,0.11900000000000001,0.055
2020-05-14,black,80+,308,0.081,117,0.08600000000000001,0.048
2020-05-14,black,all,3026,0.059000000000000004,292,0.101,0.06
2020-05-14,latino,0-17,1491,0.779,0,0.0,0.47900000000000004
2020-05-14,latino,18-34,7899,0.621,16,0.593,0.45
2020-05-14,latino,35-49,7530,0.583,102,0.723,0.41500000000000004
2020-05-14,latino,50-64,6506,0.503,234,0.533,0.322
2020-05-14,latino,65-79,2466,0.365,360,0.389,0.218
2020-05-14,latino,80+,972,0.256,348,0.257,0.196
2020-05-14,latino,all,26880,0.526,1060,0.367,0.389
2020-05-14,other,0-17,103,0.054,0,0.0,0.044
2020-05-14,other,18-34,852,0.067,1,0.037,0.032
2020-05-14,other,35-49,826,0.063,3,0.021,0.021
2020-05-14,other,50-64,893,0.069,9,0.02,0.017
2020-05-14,other,65-79,420,0.062,27,0.028,0.015
2020-05-14,other,80+,183,0.048,24,0.017,0.013000000000000001
2020-05-14,other,all,3280,0.065,64,0.023,0.027
2020-05-14,white,0-17,197,0.10300000000000001,0,0.0,0.292
2020-05-14,white,18-34,2199,0.17300000000000001,3,0.111,0.302
2020-05-14,white,35-49,2392,0.185,11,0.078,0.325
2020-05-14,white,50-64,3062,0.23700000000000002,96,0.219,0.43
2020-05-14,white,65-79,2433,0.36,312,0.337,0.54
2020-05-14,white,80+,1665,0.438,569,0.421,0.5720000000000001
2020-05-14,white,all,11956,0.234,991,0.343,0.366
