date,county,fips,confirmed_cases,deaths,new_confirmed_cases,new_deaths
2020-01-26,Alameda,001,0,0,,
2020-01-31,Alameda,001,0,0,0,0
2020-02-02,Alameda,001,0,0,0,0
2020-02-20,Alameda,001,0,0,0,0
2020-02-21,Alameda,001,0,0,0,0
2020-02-26,Alameda,001,0,0,0,0
2020-02-28,Alameda,001,0,0,0,0
2020-02-29,Alameda,001,0,0,0,0
2020-03-01,Alameda,001,1,0,1,0
2020-03-02,Alameda,001,1,0,0,0
2020-03-03,Alameda,001,2,0,1,0
2020-03-04,Alameda,001,2,0,0,0
2020-03-05,Alameda,001,2,0,0,0
2020-03-06,Alameda,001,3,0,1,0
2020-03-07,Alameda,001,3,0,0,0
2020-03-08,Alameda,001,3,0,0,0
2020-03-09,Alameda,001,3,0,0,0
2020-03-10,Alameda,001,5,0,2,0
2020-03-11,Alameda,001,5,0,0,0
2020-03-12,Alameda,001,9,0,4,0
2020-03-13,Alameda,001,9,0,0,0
2020-03-14,Alameda,001,10,0,1,0
2020-03-15,Alameda,001,18,0,8,0
2020-03-16,Alameda,001,21,0,3,0
2020-03-17,Alameda,001,30,0,9,0
2020-03-18,Alameda,001,34,0,4,0
2020-03-19,Alameda,001,38,0,4,0
2020-03-20,Alameda,001,50,0,12,0
2020-03-21,Alameda,001,71,0,21,0
2020-03-22,Alameda,001,105,0,34,0
2020-03-23,Alameda,001,122,1,17,1
2020-03-24,Alameda,001,135,2,13,1
2020-03-25,Alameda,001,135,2,0,0
2020-03-26,Alameda,001,178,4,43,2
2020-03-27,Alameda,001,220,4,42,0
2020-03-28,Alameda,001,256,6,36,2
2020-03-29,Alameda,001,270,7,14,1
2020-03-30,Alameda,001,283,7,13,0
2020-03-31,Alameda,001,313,7,30,0
2020-04-01,Alameda,001,359,8,46,1
2020-04-02,Alameda,001,396,9,37,1
2020-04-03,Alameda,001,443,12,47,3
2020-04-04,Alameda,001,537,12,94,0
2020-04-05,Alameda,001,566,12,29,0
2020-04-06,Alameda,001,588,13,22,1
2020-04-07,Alameda,001,634,15,46,2
2020-04-08,Alameda,001,674,16,40,1
2020-04-09,Alameda,001,715,17,41,1
2020-04-10,Alameda,001,768,20,53,3
2020-04-11,Alameda,001,808,21,40,1
2020-04-12,Alameda,001,845,23,37,2
2020-04-13,Alameda,001,888,23,43,0
2020-04-14,Alameda,001,887,23,-1,0
2020-04-15,Alameda,001,964,36,77,13
2020-04-16,Alameda,001,1009,39,45,3
2020-04-17,Alameda,001,1063,40,54,1
2020-04-18,Alameda,001,1114,41,51,1
2020-03-30,Alpine,003,1,0,,
2020-03-31,Alpine,003,1,0,0,0
2020-04-01,Alpine,003,1,0,0,0
2020-04-02,Alpine,003,1,0,0,0
2020-04-03,Alpine,003,1,0,0,0
2020-04-04,Alpine,003,1,0,0,0
2020-04-05,Alpine,003,1,0,0,0
2020-04-06,Alpine,003,1,0,0,0
2020-04-07,Alpine,003,1,0,0,0
2020-04-08,Alpine,003,1,0,0,0
2020-04-09,Alpine,003,1,0,0,0
2020-04-10,Alpine,003,1,0,0,0
2020-04-11,Alpine,003,1,0,0,0
2020-04-12,Alpine,003,1,0,0,0
2020-04-13,Alpine,003,1,0,0,0
2020-04-14,Alpine,003,1,0,0,0
2020-04-15,Alpine,003,1,0,0,0
2020-04-16,Alpine,003,1,0,0,0
2020-04-17,Alpine,003,1,0,0,0
2020-04-18,Alpine,003,1,0,0,0
2020-03-13,Amador,005,1,0,,
2020-03-14,Amador,005,1,0,0,0
2020-03-15,Amador,005,1,0,0,0
2020-03-16,Amador,005,1,0,0,0
2020-03-17,Amador,005,1,0,0,0
2020-03-18,Amador,005,1,0,0,0
2020-03-19,Amador,005,1,0,0,0
2020-03-20,Amador,005,1,0,0,0
2020-03-21,Amador,005,2,0,1,0
2020-03-22,Amador,005,2,0,0,0
2020-03-23,Amador,005,2,0,0,0
2020-03-24,Amador,005,2,0,0,0
2020-03-25,Amador,005,2,0,0,0
2020-03-26,Amador,005,2,0,0,0
2020-03-27,Amador,005,2,0,0,0
2020-03-28,Amador,005,2,0,0,0
2020-03-29,Amador,005,2,0,0,0
2020-03-30,Amador,005,2,0,0,0
2020-03-31,Amador,005,2,0,0,0
2020-04-01,Amador,005,3,0,1,0
2020-04-02,Amador,005,3,0,0,0
2020-04-03,Amador,005,3,0,0,0
2020-04-04,Amador,005,3,0,0,0
2020-04-05,Amador,005,3,0,0,0
2020-04-06,Amador,005,3,0,0,0
2020-04-07,Amador,005,3,0,0,0
2020-04-08,Amador,005,3,0,0,0
2020-04-09,Amador,005,7,0,4,0
2020-04-10,Amador,005,7,0,0,0
2020-04-11,Amador,005,7,0,0,0
2020-04-12,Amador,005,7,0,0,0
2020-04-13,Amador,005,7,0,0,0
2020-04-14,Amador,005,7,0,0,0
2020-04-15,Amador,005,7,0,0,0
2020-04-16,Amador,005,7,0,0,0
2020-04-17,Amador,005,7,0,0,0
2020-04-18,Amador,005,7,0,0,0
2020-03-21,Butte,007,1,0,,
2020-03-22,Butte,007,2,0,1,0
2020-03-23,Butte,007,3,0,1,0
2020-03-24,Butte,007,4,0,1,0
2020-03-25,Butte,007,4,0,0,0
2020-03-26,Butte,007,5,0,1,0
2020-03-27,Butte,007,5,0,0,0
2020-03-28,Butte,007,5,0,0,0
2020-03-29,Butte,007,5,0,0,0
2020-03-30,Butte,007,8,0,3,0
2020-03-31,Butte,007,8,0,0,0
2020-04-01,Butte,007,9,0,1,0
2020-04-02,Butte,007,10,0,1,0
2020-04-03,Butte,007,11,0,1,0
2020-04-04,Butte,007,11,0,0,0
2020-04-05,Butte,007,11,0,0,0
2020-04-06,Butte,007,12,0,1,0
2020-04-07,Butte,007,13,0,1,0
2020-04-08,Butte,007,13,0,0,0
2020-04-09,Butte,007,13,0,0,0
2020-04-10,Butte,007,14,0,1,0
2020-04-11,Butte,007,14,0,0,0
2020-04-12,Butte,007,14,0,0,0
2020-04-13,Butte,007,15,0,1,0
2020-04-14,Butte,007,16,0,1,0
2020-04-15,Butte,007,16,0,0,0
2020-04-16,Butte,007,16,0,0,0
2020-04-17,Butte,007,16,0,0,0
2020-04-18,Butte,007,16,0,0,0
2020-01-26,Calaveras,009,0,0,,
2020-01-31,Calaveras,009,0,0,0,0
2020-02-02,Calaveras,009,0,0,0,0
2020-02-20,Calaveras,009,0,0,0,0
2020-02-21,Calaveras,009,0,0,0,0
2020-02-26,Calaveras,009,0,0,0,0
2020-02-28,Calaveras,009,0,0,0,0
2020-02-29,Calaveras,009,0,0,0,0
2020-03-01,Calaveras,009,0,0,0,0
2020-03-02,Calaveras,009,0,0,0,0
2020-03-03,Calaveras,009,0,0,0,0
2020-03-04,Calaveras,009,0,0,0,0
2020-03-05,Calaveras,009,0,0,0,0
2020-03-06,Calaveras,009,0,0,0,0
2020-03-07,Calaveras,009,0,0,0,0
2020-03-08,Calaveras,009,0,0,0,0
2020-03-09,Calaveras,009,0,0,0,0
2020-03-10,Calaveras,009,2,0,2,0
2020-03-11,Calaveras,009,2,0,0,0
2020-03-12,Calaveras,009,2,0,0,0
2020-03-13,Calaveras,009,2,0,0,0
2020-03-14,Calaveras,009,2,0,0,0
2020-03-15,Calaveras,009,2,0,0,0
2020-03-16,Calaveras,009,2,0,0,0
2020-03-17,Calaveras,009,2,0,0,0
2020-03-18,Calaveras,009,2,0,0,0
2020-03-19,Calaveras,009,2,0,0,0
2020-03-20,Calaveras,009,2,0,0,0
2020-03-21,Calaveras,009,2,0,0,0
2020-03-22,Calaveras,009,2,0,0,0
2020-03-23,Calaveras,009,2,0,0,0
2020-03-24,Calaveras,009,2,0,0,0
2020-03-25,Calaveras,009,2,0,0,0
2020-03-26,Calaveras,009,3,0,1,0
2020-03-27,Calaveras,009,3,0,0,0
2020-03-28,Calaveras,009,3,0,0,0
2020-03-29,Calaveras,009,3,0,0,0
2020-03-30,Calaveras,009,3,0,0,0
2020-03-31,Calaveras,009,3,0,0,0
2020-04-01,Calaveras,009,3,0,0,0
2020-04-02,Calaveras,009,3,0,0,0
2020-04-03,Calaveras,009,4,0,1,0
2020-04-04,Calaveras,009,4,0,0,0
2020-04-05,Calaveras,009,4,0,0,0
2020-04-06,Calaveras,009,5,0,1,0
2020-04-07,Calaveras,009,5,0,0,0
2020-04-08,Calaveras,009,5,0,0,0
2020-04-09,Calaveras,009,8,0,3,0
2020-04-10,Calaveras,009,8,0,0,0
2020-04-11,Calaveras,009,8,0,0,0
2020-04-12,Calaveras,009,8,0,0,0
2020-04-13,Calaveras,009,9,0,1,0
2020-04-14,Calaveras,009,9,0,0,0
2020-04-15,Calaveras,009,11,0,2,0
2020-04-16,Calaveras,009,11,0,0,0
2020-04-17,Calaveras,009,12,0,1,0
2020-04-18,Calaveras,009,12,0,0,0
2020-03-27,Colusa,011,1,0,,
2020-03-28,Colusa,011,1,0,0,0
2020-03-29,Colusa,011,1,0,0,0
2020-03-30,Colusa,011,1,0,0,0
2020-03-31,Colusa,011,1,0,0,0
2020-04-01,Colusa,011,1,0,0,0
2020-04-02,Colusa,011,1,0,0,0
2020-04-03,Colusa,011,2,0,1,0
2020-04-04,Colusa,011,2,0,0,0
2020-04-05,Colusa,011,2,0,0,0
2020-04-06,Colusa,011,3,0,1,0
2020-04-07,Colusa,011,3,0,0,0
2020-04-08,Colusa,011,3,0,0,0
2020-04-09,Colusa,011,3,0,0,0
2020-04-10,Colusa,011,3,0,0,0
2020-04-11,Colusa,011,3,0,0,0
2020-04-12,Colusa,011,3,0,0,0
2020-04-13,Colusa,011,3,0,0,0
2020-04-14,Colusa,011,3,0,0,0
2020-04-15,Colusa,011,3,0,0,0
2020-04-16,Colusa,011,3,0,0,0
2020-04-17,Colusa,011,3,0,0,0
2020-04-18,Colusa,011,3,0,0,0
2020-01-26,Contra Costa,013,0,0,,
2020-01-31,Contra Costa,013,0,0,0,0
2020-02-02,Contra Costa,013,0,0,0,0
2020-02-20,Contra Costa,013,0,0,0,0
2020-02-21,Contra Costa,013,0,0,0,0
2020-02-26,Contra Costa,013,0,0,0,0
2020-02-28,Contra Costa,013,0,0,0,0
2020-02-29,Contra Costa,013,0,0,0,0
2020-03-01,Contra Costa,013,0,0,0,0
2020-03-02,Contra Costa,013,0,0,0,0
2020-03-03,Contra Costa,013,1,0,1,0
2020-03-04,Contra Costa,013,1,0,0,0
2020-03-05,Contra Costa,013,1,0,0,0
2020-03-06,Contra Costa,013,4,0,3,0
2020-03-07,Contra Costa,013,4,0,0,0
2020-03-08,Contra Costa,013,9,0,5,0
2020-03-09,Contra Costa,013,9,0,0,0
2020-03-10,Contra Costa,013,10,0,1,0
2020-03-11,Contra Costa,013,10,0,0,0
2020-03-12,Contra Costa,013,17,0,7,0
2020-03-13,Contra Costa,013,25,0,8,0
2020-03-14,Contra Costa,013,29,0,4,0
2020-03-15,Contra Costa,013,29,0,0,0
2020-03-16,Contra Costa,013,34,0,5,0
2020-03-17,Contra Costa,013,39,0,5,0
2020-03-18,Contra Costa,013,41,0,2,0
2020-03-19,Contra Costa,013,42,0,1,0
2020-03-20,Contra Costa,013,46,1,4,1
2020-03-21,Contra Costa,013,51,1,5,0
2020-03-22,Contra Costa,013,61,1,10,0
2020-03-23,Contra Costa,013,71,1,10,0
2020-03-24,Contra Costa,013,86,1,15,0
2020-03-25,Contra Costa,013,108,1,22,0
2020-03-26,Contra Costa,013,131,1,23,0
2020-03-27,Contra Costa,013,151,2,20,1
2020-03-28,Contra Costa,013,168,3,17,1
2020-03-29,Contra Costa,013,175,3,7,0
2020-03-30,Contra Costa,013,187,3,12,0
2020-03-31,Contra Costa,013,222,3,35,0
2020-04-01,Contra Costa,013,250,3,28,0
2020-04-02,Contra Costa,013,276,3,26,0
2020-04-03,Contra Costa,013,307,5,31,2
2020-04-04,Contra Costa,013,353,5,46,0
2020-04-05,Contra Costa,013,386,6,33,1
2020-04-06,Contra Costa,013,417,7,31,1
2020-04-07,Contra Costa,013,442,7,25,0
2020-04-08,Contra Costa,013,462,7,20,0
2020-04-09,Contra Costa,013,484,8,22,1
2020-04-10,Contra Costa,013,511,9,27,1
2020-04-11,Contra Costa,013,530,11,19,2
2020-04-12,Contra Costa,013,539,11,9,0
2020-04-13,Contra Costa,013,552,11,13,0
2020-04-14,Contra Costa,013,600,12,48,1
2020-04-15,Contra Costa,013,615,14,15,2
2020-04-16,Contra Costa,013,631,16,16,2
2020-04-17,Contra Costa,013,648,19,17,3
2020-04-18,Contra Costa,013,685,19,37,0
2020-04-02,Del Norte,015,1,0,,
2020-04-03,Del Norte,015,1,0,0,0
2020-04-04,Del Norte,015,2,0,1,0
2020-04-05,Del Norte,015,2,0,0,0
2020-04-06,Del Norte,015,2,0,0,0
2020-04-07,Del Norte,015,2,0,0,0
2020-04-08,Del Norte,015,2,0,0,0
2020-04-09,Del Norte,015,2,0,0,0
2020-04-10,Del Norte,015,2,0,0,0
2020-04-11,Del Norte,015,2,0,0,0
2020-04-12,Del Norte,015,2,0,0,0
2020-04-13,Del Norte,015,2,0,0,0
2020-04-14,Del Norte,015,2,0,0,0
2020-04-15,Del Norte,015,2,0,0,0
2020-04-16,Del Norte,015,2,0,0,0
2020-04-17,Del Norte,015,2,0,0,0
2020-04-18,Del Norte,015,2,0,0,0
2020-03-20,El Dorado,017,2,0,,
2020-03-21,El Dorado,017,2,0,0,0
2020-03-22,El Dorado,017,2,0,0,0
2020-03-23,El Dorado,017,2,0,0,0
2020-03-24,El Dorado,017,3,0,1,0
2020-03-25,El Dorado,017,3,0,0,0
2020-03-26,El Dorado,017,9,0,6,0
2020-03-27,El Dorado,017,12,0,3,0
2020-03-28,El Dorado,017,12,0,0,0
2020-03-29,El Dorado,017,12,0,0,0
2020-03-30,El Dorado,017,15,0,3,0
2020-03-31,El Dorado,017,18,0,3,0
2020-04-01,El Dorado,017,18,0,0,0
2020-04-02,El Dorado,017,19,0,1,0
2020-04-03,El Dorado,017,22,0,3,0
2020-04-04,El Dorado,017,22,0,0,0
2020-04-05,El Dorado,017,22,0,0,0
2020-04-06,El Dorado,017,25,0,3,0
2020-04-07,El Dorado,017,28,0,3,0
2020-04-08,El Dorado,017,29,0,1,0
2020-04-09,El Dorado,017,30,0,1,0
2020-04-10,El Dorado,017,32,0,2,0
2020-04-11,El Dorado,017,32,0,0,0
2020-04-12,El Dorado,017,32,0,0,0
2020-04-13,El Dorado,017,34,0,2,0
2020-04-14,El Dorado,017,35,0,1,0
2020-04-15,El Dorado,017,35,0,0,0
2020-04-16,El Dorado,017,35,0,0,0
2020-04-17,El Dorado,017,36,0,1,0
2020-04-18,El Dorado,017,36,0,0,0
2020-03-07,Fresno,019,1,0,,
2020-03-08,Fresno,019,1,0,0,0
2020-03-09,Fresno,019,1,0,0,0
2020-03-10,Fresno,019,1,0,0,0
2020-03-11,Fresno,019,1,0,0,0
2020-03-12,Fresno,019,1,0,0,0
2020-03-13,Fresno,019,1,0,0,0
2020-03-14,Fresno,019,2,0,1,0
2020-03-15,Fresno,019,2,0,0,0
2020-03-16,Fresno,019,2,0,0,0
2020-03-17,Fresno,019,2,0,0,0
2020-03-18,Fresno,019,3,0,1,0
2020-03-19,Fresno,019,3,0,0,0
2020-03-20,Fresno,019,6,0,3,0
2020-03-21,Fresno,019,6,0,0,0
2020-03-22,Fresno,019,6,0,0,0
2020-03-23,Fresno,019,13,0,7,0
2020-03-24,Fresno,019,18,0,5,0
2020-03-25,Fresno,019,19,0,1,0
2020-03-26,Fresno,019,27,0,8,0
2020-03-27,Fresno,019,31,0,4,0
2020-03-28,Fresno,019,43,0,12,0
2020-03-29,Fresno,019,43,0,0,0
2020-03-30,Fresno,019,53,0,10,0
2020-03-31,Fresno,019,68,0,15,0
2020-04-01,Fresno,019,82,0,14,0
2020-04-02,Fresno,019,94,0,12,0
2020-04-03,Fresno,019,100,1,6,1
2020-04-04,Fresno,019,103,1,3,0
2020-04-05,Fresno,019,108,1,5,0
2020-04-06,Fresno,019,124,2,16,1
2020-04-07,Fresno,019,146,3,22,1
2020-04-08,Fresno,019,156,3,10,0
2020-04-09,Fresno,019,173,3,17,0
2020-04-10,Fresno,019,191,5,18,2
2020-04-11,Fresno,019,201,5,10,0
2020-04-12,Fresno,019,201,5,0,0
2020-04-13,Fresno,019,222,5,21,0
2020-04-14,Fresno,019,251,7,29,2
2020-04-15,Fresno,019,265,7,14,0
2020-04-16,Fresno,019,295,7,30,0
2020-04-17,Fresno,019,311,7,16,0
2020-04-18,Fresno,019,315,7,4,0
2020-03-27,Glenn,021,1,0,,
2020-03-28,Glenn,021,1,0,0,0
2020-03-29,Glenn,021,1,0,0,0
2020-03-30,Glenn,021,2,0,1,0
2020-03-31,Glenn,021,2,0,0,0
2020-04-01,Glenn,021,2,0,0,0
2020-04-02,Glenn,021,2,0,0,0
2020-04-03,Glenn,021,2,0,0,0
2020-04-04,Glenn,021,2,0,0,0
2020-04-05,Glenn,021,2,0,0,0
2020-04-06,Glenn,021,2,0,0,0
2020-04-07,Glenn,021,2,0,0,0
2020-04-08,Glenn,021,2,0,0,0
2020-04-09,Glenn,021,2,0,0,0
2020-04-10,Glenn,021,3,0,1,0
2020-04-11,Glenn,021,3,0,0,0
2020-04-12,Glenn,021,3,0,0,0
2020-04-13,Glenn,021,4,0,1,0
2020-04-14,Glenn,021,4,0,0,0
2020-04-15,Glenn,021,4,0,0,0
2020-04-16,Glenn,021,4,0,0,0
2020-04-17,Glenn,021,4,0,0,0
2020-04-18,Glenn,021,4,0,0,0
2020-01-26,Humboldt,023,0,0,,
2020-01-31,Humboldt,023,0,0,0,0
2020-02-02,Humboldt,023,0,0,0,0
2020-02-20,Humboldt,023,1,0,1,0
2020-02-21,Humboldt,023,1,0,0,0
2020-02-22,Humboldt,023,1,0,0,0
2020-02-23,Humboldt,023,1,0,0,0
2020-02-24,Humboldt,023,1,0,0,0
2020-02-25,Humboldt,023,1,0,0,0
2020-02-26,Humboldt,023,1,0,0,0
2020-02-27,Humboldt,023,1,0,0,0
2020-02-28,Humboldt,023,1,0,0,0
2020-02-29,Humboldt,023,1,0,0,0
2020-03-01,Humboldt,023,1,0,0,0
2020-03-02,Humboldt,023,1,0,0,0
2020-03-03,Humboldt,023,1,0,0,0
2020-03-04,Humboldt,023,1,0,0,0
2020-03-05,Humboldt,023,1,0,0,0
2020-03-06,Humboldt,023,1,0,0,0
2020-03-07,Humboldt,023,1,0,0,0
2020-03-08,Humboldt,023,1,0,0,0
2020-03-09,Humboldt,023,1,0,0,0
2020-03-10,Humboldt,023,1,0,0,0
2020-03-11,Humboldt,023,1,0,0,0
2020-03-12,Humboldt,023,1,0,0,0
2020-03-13,Humboldt,023,1,0,0,0
2020-03-14,Humboldt,023,1,0,0,0
2020-03-15,Humboldt,023,1,0,0,0
2020-03-16,Humboldt,023,1,0,0,0
2020-03-17,Humboldt,023,1,0,0,0
2020-03-18,Humboldt,023,1,0,0,0
2020-03-19,Humboldt,023,1,0,0,0
2020-03-20,Humboldt,023,2,0,1,0
2020-03-21,Humboldt,023,2,0,0,0
2020-03-22,Humboldt,023,2,0,0,0
2020-03-23,Humboldt,023,2,0,0,0
2020-03-24,Humboldt,023,5,0,3,0
2020-03-25,Humboldt,023,10,0,5,0
2020-03-26,Humboldt,023,12,0,2,0
2020-03-27,Humboldt,023,14,0,2,0
2020-03-28,Humboldt,023,18,0,4,0
2020-03-29,Humboldt,023,18,0,0,0
2020-03-30,Humboldt,023,21,0,3,0
2020-03-31,Humboldt,023,27,0,6,0
2020-04-01,Humboldt,023,28,0,1,0
2020-04-02,Humboldt,023,37,0,9,0
2020-04-03,Humboldt,023,40,0,3,0
2020-04-04,Humboldt,023,44,0,4,0
2020-04-05,Humboldt,023,44,0,0,0
2020-04-06,Humboldt,023,49,0,5,0
2020-04-07,Humboldt,023,50,0,1,0
2020-04-08,Humboldt,023,50,0,0,0
2020-04-09,Humboldt,023,50,0,0,0
2020-04-10,Humboldt,023,50,0,0,0
2020-04-11,Humboldt,023,50,0,0,0
2020-04-12,Humboldt,023,50,0,0,0
2020-04-13,Humboldt,023,50,0,0,0
2020-04-14,Humboldt,023,51,0,1,0
2020-04-15,Humboldt,023,52,0,1,0
2020-04-16,Humboldt,023,52,0,0,0
2020-04-17,Humboldt,023,52,0,0,0
2020-04-18,Humboldt,023,52,0,0,0
2020-03-11,Imperial,025,2,0,,
2020-03-12,Imperial,025,2,0,0,0
2020-03-13,Imperial,025,2,0,0,0
2020-03-14,Imperial,025,2,0,0,0
2020-03-15,Imperial,025,2,0,0,0
2020-03-16,Imperial,025,2,0,0,0
2020-03-17,Imperial,025,2,0,0,0
2020-03-18,Imperial,025,2,0,0,0
2020-03-19,Imperial,025,4,0,2,0
2020-03-20,Imperial,025,4,0,0,0
2020-03-21,Imperial,025,6,0,2,0
2020-03-22,Imperial,025,6,0,0,0
2020-03-23,Imperial,025,6,0,0,0
2020-03-24,Imperial,025,9,0,3,0
2020-03-25,Imperial,025,9,0,0,0
2020-03-26,Imperial,025,17,0,8,0
2020-03-27,Imperial,025,21,0,4,0
2020-03-28,Imperial,025,25,0,4,0
2020-03-29,Imperial,025,25,0,0,0
2020-03-30,Imperial,025,33,0,8,0
2020-03-31,Imperial,025,38,0,5,0
2020-04-01,Imperial,025,43,0,5,0
2020-04-02,Imperial,025,50,1,7,1
2020-04-03,Imperial,025,55,1,5,0
2020-04-04,Imperial,025,55,1,0,0
2020-04-05,Imperial,025,65,2,10,1
2020-04-06,Imperial,025,68,3,3,1
2020-04-07,Imperial,025,73,3,5,0
2020-04-08,Imperial,025,75,3,2,0
2020-04-09,Imperial,025,79,3,4,0
2020-04-10,Imperial,025,79,3,0,0
2020-04-11,Imperial,025,87,3,8,0
2020-04-12,Imperial,025,87,3,0,0
2020-04-13,Imperial,025,100,3,13,0
2020-04-14,Imperial,025,117,3,17,0
2020-04-15,Imperial,025,127,3,10,0
2020-04-16,Imperial,025,143,3,16,0
2020-04-17,Imperial,025,155,3,12,0
2020-04-18,Imperial,025,155,3,0,0
2020-03-25,Inyo,027,1,0,,
2020-03-26,Inyo,027,2,0,1,0
2020-03-27,Inyo,027,5,0,3,0
2020-03-28,Inyo,027,5,0,0,0
2020-03-29,Inyo,027,8,0,3,0
2020-03-30,Inyo,027,8,0,0,0
2020-03-31,Inyo,027,8,0,0,0
2020-04-01,Inyo,027,9,0,1,0
2020-04-02,Inyo,027,10,0,1,0
2020-04-03,Inyo,027,10,0,0,0
2020-04-04,Inyo,027,10,0,0,0
2020-04-05,Inyo,027,11,0,1,0
2020-04-06,Inyo,027,11,0,0,0
2020-04-07,Inyo,027,11,0,0,0
2020-04-08,Inyo,027,11,0,0,0
2020-04-09,Inyo,027,11,0,0,0
2020-04-10,Inyo,027,12,0,1,0
2020-04-11,Inyo,027,12,0,0,0
2020-04-12,Inyo,027,12,0,0,0
2020-04-13,Inyo,027,12,0,0,0
2020-04-14,Inyo,027,12,0,0,0
2020-04-15,Inyo,027,17,0,5,0
2020-04-16,Inyo,027,17,0,0,0
2020-04-17,Inyo,027,18,0,1,0
2020-04-18,Inyo,027,18,0,0,0
2020-03-17,Kern,029,1,0,,
2020-03-18,Kern,029,0,0,-1,0
2020-03-19,Kern,029,3,0,3,0
2020-03-20,Kern,029,3,0,0,0
2020-03-21,Kern,029,4,0,1,0
2020-03-22,Kern,029,4,0,0,0
2020-03-23,Kern,029,12,0,8,0
2020-03-24,Kern,029,14,0,2,0
2020-03-25,Kern,029,23,0,9,0
2020-03-26,Kern,029,32,0,9,0
2020-03-27,Kern,029,40,1,8,1
2020-03-28,Kern,029,46,1,6,0
2020-03-29,Kern,029,50,1,4,0
2020-03-30,Kern,029,74,1,24,0
2020-03-31,Kern,029,98,1,24,0
2020-04-01,Kern,029,126,1,28,0
2020-04-02,Kern,029,155,1,29,0
2020-04-03,Kern,029,194,2,39,1
2020-04-04,Kern,029,205,2,11,0
2020-04-05,Kern,029,225,2,20,0
2020-04-06,Kern,029,246,2,21,0
2020-04-07,Kern,029,261,2,15,0
2020-04-08,Kern,029,303,2,42,0
2020-04-09,Kern,029,330,3,27,1
2020-04-10,Kern,029,363,3,33,0
2020-04-11,Kern,029,369,3,6,0
2020-04-12,Kern,029,396,3,27,0
2020-04-13,Kern,029,446,3,50,0
2020-04-14,Kern,029,516,3,70,0
2020-04-15,Kern,029,553,3,37,0
2020-04-16,Kern,029,565,3,12,0
2020-04-17,Kern,029,578,3,13,0
2020-04-18,Kern,029,610,3,32,0
2020-03-27,Kings,031,1,0,,
2020-03-28,Kings,031,2,0,1,0
2020-03-29,Kings,031,2,0,0,0
2020-03-30,Kings,031,3,0,1,0
2020-03-31,Kings,031,4,0,1,0
2020-04-01,Kings,031,5,0,1,0
2020-04-02,Kings,031,5,0,0,0
2020-04-03,Kings,031,5,0,0,0
2020-04-04,Kings,031,5,0,0,0
2020-04-05,Kings,031,5,0,0,0
2020-04-06,Kings,031,5,0,0,0
2020-04-07,Kings,031,5,0,0,0
2020-04-08,Kings,031,8,0,3,0
2020-04-09,Kings,031,8,0,0,0
2020-04-10,Kings,031,9,0,1,0
2020-04-11,Kings,031,10,1,1,1
2020-04-12,Kings,031,10,1,0,0
2020-04-13,Kings,031,12,1,2,0
2020-04-14,Kings,031,13,1,1,0
2020-04-15,Kings,031,13,1,0,0
2020-04-16,Kings,031,18,1,5,0
2020-04-17,Kings,031,20,1,2,0
2020-04-18,Kings,031,28,1,8,0
2020-04-05,Lake,033,1,0,,
2020-04-06,Lake,033,2,0,1,0
2020-04-07,Lake,033,2,0,0,0
2020-04-08,Lake,033,3,0,1,0
2020-04-09,Lake,033,3,0,0,0
2020-04-10,Lake,033,4,0,1,0
2020-04-11,Lake,033,4,0,0,0
2020-04-12,Lake,033,4,0,0,0
2020-04-13,Lake,033,4,0,0,0
2020-04-14,Lake,033,5,0,1,0
2020-04-15,Lake,033,5,0,0,0
2020-04-16,Lake,033,6,0,1,0
2020-04-17,Lake,033,6,0,0,0
2020-04-18,Lake,033,6,0,0,0
2020-01-26,Los Angeles,037,1,0,,
2020-01-27,Los Angeles,037,1,0,0,0
2020-01-28,Los Angeles,037,1,0,0,0
2020-01-29,Los Angeles,037,1,0,0,0
2020-01-30,Los Angeles,037,1,0,0,0
2020-01-31,Los Angeles,037,1,0,0,0
2020-02-01,Los Angeles,037,1,0,0,0
2020-02-02,Los Angeles,037,1,0,0,0
2020-02-03,Los Angeles,037,1,0,0,0
2020-02-04,Los Angeles,037,1,0,0,0
2020-02-05,Los Angeles,037,1,0,0,0
2020-02-06,Los Angeles,037,1,0,0,0
2020-02-07,Los Angeles,037,1,0,0,0
2020-02-08,Los Angeles,037,1,0,0,0
2020-02-09,Los Angeles,037,1,0,0,0
2020-02-10,Los Angeles,037,1,0,0,0
2020-02-11,Los Angeles,037,1,0,0,0
2020-02-12,Los Angeles,037,1,0,0,0
2020-02-13,Los Angeles,037,1,0,0,0
2020-02-14,Los Angeles,037,1,0,0,0
2020-02-15,Los Angeles,037,1,0,0,0
2020-02-16,Los Angeles,037,1,0,0,0
2020-02-17,Los Angeles,037,1,0,0,0
2020-02-18,Los Angeles,037,1,0,0,0
2020-02-19,Los Angeles,037,1,0,0,0
2020-02-20,Los Angeles,037,1,0,0,0
2020-02-21,Los Angeles,037,1,0,0,0
2020-02-22,Los Angeles,037,1,0,0,0
2020-02-23,Los Angeles,037,1,0,0,0
2020-02-24,Los Angeles,037,1,0,0,0
2020-02-25,Los Angeles,037,1,0,0,0
2020-02-26,Los Angeles,037,1,0,0,0
2020-02-27,Los Angeles,037,1,0,0,0
2020-02-28,Los Angeles,037,1,0,0,0
2020-02-29,Los Angeles,037,1,0,0,0
2020-03-01,Los Angeles,037,1,0,0,0
2020-03-02,Los Angeles,037,1,0,0,0
2020-03-03,Los Angeles,037,1,0,0,0
2020-03-04,Los Angeles,037,7,0,6,0
2020-03-05,Los Angeles,037,11,0,4,0
2020-03-06,Los Angeles,037,13,0,2,0
2020-03-07,Los Angeles,037,14,0,1,0
2020-03-08,Los Angeles,037,14,0,0,0
2020-03-09,Los Angeles,037,19,0,5,0
2020-03-10,Los Angeles,037,20,0,1,0
2020-03-11,Los Angeles,037,29,1,9,1
2020-03-12,Los Angeles,037,32,1,3,0
2020-03-13,Los Angeles,037,40,1,8,0
2020-03-14,Los Angeles,037,54,1,14,0
2020-03-15,Los Angeles,037,69,1,15,0
2020-03-16,Los Angeles,037,94,1,25,0
2020-03-17,Los Angeles,037,147,1,53,0
2020-03-18,Los Angeles,037,192,1,45,0
2020-03-19,Los Angeles,037,231,2,39,1
2020-03-20,Los Angeles,037,295,2,64,0
2020-03-21,Los Angeles,037,353,4,58,2
2020-03-22,Los Angeles,037,411,5,58,1
2020-03-23,Los Angeles,037,543,8,132,3
2020-03-24,Los Angeles,037,670,10,127,2
2020-03-25,Los Angeles,037,814,13,144,3
2020-03-26,Los Angeles,037,1230,21,416,8
2020-03-27,Los Angeles,037,1482,26,252,5
2020-03-28,Los Angeles,037,1818,32,336,6
2020-03-29,Los Angeles,037,2147,37,329,5
2020-03-30,Los Angeles,037,2505,44,358,7
2020-03-31,Los Angeles,037,3037,54,532,10
2020-04-01,Los Angeles,037,3528,66,491,12
2020-04-02,Los Angeles,037,4071,80,543,14
2020-04-03,Los Angeles,037,4605,93,534,13
2020-04-04,Los Angeles,037,5325,119,720,26
2020-04-05,Los Angeles,037,5955,132,630,13
2020-04-06,Los Angeles,037,6391,147,436,15
2020-04-07,Los Angeles,037,6944,173,553,26
2020-04-08,Los Angeles,037,7573,200,629,27
2020-04-09,Los Angeles,037,7984,225,411,25
2020-04-10,Los Angeles,037,8453,244,469,19
2020-04-11,Los Angeles,037,8889,267,436,23
2020-04-12,Los Angeles,037,9197,300,308,33
2020-04-13,Los Angeles,037,9480,326,283,26
2020-04-14,Los Angeles,037,10075,366,595,40
2020-04-15,Los Angeles,037,10517,405,442,39
2020-04-16,Los Angeles,037,10895,457,378,52
2020-04-17,Los Angeles,037,11421,501,526,44
2020-04-18,Los Angeles,037,12051,577,630,76
2020-03-07,Madera,039,1,0,,
2020-03-08,Madera,039,1,0,0,0
2020-03-09,Madera,039,1,0,0,0
2020-03-10,Madera,039,1,0,0,0
2020-03-11,Madera,039,1,0,0,0
2020-03-12,Madera,039,1,0,0,0
2020-03-13,Madera,039,1,0,0,0
2020-03-14,Madera,039,1,0,0,0
2020-03-15,Madera,039,1,0,0,0
2020-03-16,Madera,039,1,0,0,0
2020-03-17,Madera,039,1,0,0,0
2020-03-18,Madera,039,1,0,0,0
2020-03-19,Madera,039,2,0,1,0
2020-03-20,Madera,039,3,0,1,0
2020-03-21,Madera,039,3,0,0,0
2020-03-22,Madera,039,3,0,0,0
2020-03-23,Madera,039,6,0,3,0
2020-03-24,Madera,039,6,0,0,0
2020-03-25,Madera,039,7,0,1,0
2020-03-26,Madera,039,10,1,3,1
2020-03-27,Madera,039,11,1,1,0
2020-03-28,Madera,039,15,1,4,0
2020-03-29,Madera,039,18,1,3,0
2020-03-30,Madera,039,21,1,3,0
2020-03-31,Madera,039,23,1,2,0
2020-04-01,Madera,039,25,1,2,0
2020-04-02,Madera,039,28,1,3,0
2020-04-03,Madera,039,28,1,0,0
2020-04-04,Madera,039,28,1,0,0
2020-04-05,Madera,039,28,1,0,0
2020-04-06,Madera,039,28,1,0,0
2020-04-07,Madera,039,28,1,0,0
2020-04-08,Madera,039,28,1,0,0
2020-04-09,Madera,039,30,2,2,1
2020-04-10,Madera,039,32,2,2,0
2020-04-11,Madera,039,32,2,0,0
2020-04-12,Madera,039,33,2,1,0
2020-04-13,Madera,039,33,2,0,0
2020-04-14,Madera,039,33,2,0,0
2020-04-15,Madera,039,33,2,0,0
2020-04-16,Madera,039,33,2,0,0
2020-04-17,Madera,039,33,2,0,0
2020-04-18,Madera,039,34,2,1,0
2020-01-26,Marin,041,0,0,,
2020-01-31,Marin,041,0,0,0,0
2020-02-02,Marin,041,0,0,0,0
2020-02-20,Marin,041,0,0,0,0
2020-02-21,Marin,041,0,0,0,0
2020-02-26,Marin,041,0,0,0,0
2020-02-28,Marin,041,0,0,0,0
2020-02-29,Marin,041,0,0,0,0
2020-03-01,Marin,041,0,0,0,0
2020-03-02,Marin,041,0,0,0,0
2020-03-03,Marin,041,0,0,0,0
2020-03-04,Marin,041,0,0,0,0
2020-03-05,Marin,041,0,0,0,0
2020-03-06,Marin,041,0,0,0,0
2020-03-07,Marin,041,0,0,0,0
2020-03-08,Marin,041,0,0,0,0
2020-03-09,Marin,041,1,0,1,0
2020-03-10,Marin,041,1,0,0,0
2020-03-11,Marin,041,3,0,2,0
2020-03-12,Marin,041,3,0,0,0
2020-03-13,Marin,041,3,0,0,0
2020-03-14,Marin,041,5,0,2,0
2020-03-15,Marin,041,9,0,4,0
2020-03-16,Marin,041,11,0,2,0
2020-03-17,Marin,041,15,0,4,0
2020-03-18,Marin,041,15,0,0,0
2020-03-19,Marin,041,25,0,10,0
2020-03-20,Marin,041,38,0,13,0
2020-03-21,Marin,041,38,0,0,0
2020-03-22,Marin,041,38,0,0,0
2020-03-23,Marin,041,47,0,9,0
2020-03-24,Marin,041,53,0,6,0
2020-03-25,Marin,041,60,0,7,0
2020-03-26,Marin,041,65,0,5,0
2020-03-27,Marin,041,69,1,4,1
2020-03-28,Marin,041,74,1,5,0
2020-03-29,Marin,041,93,1,19,0
2020-03-30,Marin,041,98,4,5,3
2020-03-31,Marin,041,107,5,9,1
2020-04-01,Marin,041,108,6,1,1
2020-04-02,Marin,041,118,6,10,0
2020-04-03,Marin,041,131,6,13,0
2020-04-04,Marin,041,137,7,6,1
2020-04-05,Marin,041,141,7,4,0
2020-04-06,Marin,041,143,9,2,2
2020-04-07,Marin,041,148,10,5,1
2020-04-08,Marin,041,149,10,1,0
2020-04-09,Marin,041,154,10,5,0
2020-04-10,Marin,041,153,10,-1,0
2020-04-11,Marin,041,153,10,0,0
2020-04-12,Marin,041,164,10,11,0
2020-04-13,Marin,041,170,10,6,0
2020-04-14,Marin,041,171,10,1,0
2020-04-15,Marin,041,184,10,13,0
2020-04-16,Marin,041,187,10,3,0
2020-04-17,Marin,041,187,10,0,0
2020-04-18,Marin,041,189,10,2,0
2020-03-18,Mendocino,045,1,0,,
2020-03-19,Mendocino,045,1,0,0,0
2020-03-20,Mendocino,045,1,0,0,0
2020-03-21,Mendocino,045,1,0,0,0
2020-03-22,Mendocino,045,1,0,0,0
2020-03-23,Mendocino,045,1,0,0,0
2020-03-24,Mendocino,045,2,0,1,0
2020-03-25,Mendocino,045,2,0,0,0
2020-03-26,Mendocino,045,2,0,0,0
2020-03-27,Mendocino,045,2,0,0,0
2020-03-28,Mendocino,045,3,0,1,0
2020-03-29,Mendocino,045,4,0,1,0
2020-03-30,Mendocino,045,4,0,0,0
2020-03-31,Mendocino,045,4,0,0,0
2020-04-01,Mendocino,045,4,0,0,0
2020-04-02,Mendocino,045,4,0,0,0
2020-04-03,Mendocino,045,4,0,0,0
2020-04-04,Mendocino,045,4,0,0,0
2020-04-05,Mendocino,045,4,0,0,0
2020-04-06,Mendocino,045,4,0,0,0
2020-04-07,Mendocino,045,4,0,0,0
2020-04-08,Mendocino,045,4,0,0,0
2020-04-09,Mendocino,045,4,0,0,0
2020-04-10,Mendocino,045,4,0,0,0
2020-04-11,Mendocino,045,4,0,0,0
2020-04-12,Mendocino,045,4,0,0,0
2020-04-13,Mendocino,045,4,0,0,0
2020-04-14,Mendocino,045,4,0,0,0
2020-04-15,Mendocino,045,4,0,0,0
2020-04-16,Mendocino,045,4,0,0,0
2020-04-17,Mendocino,045,5,0,1,0
2020-04-18,Mendocino,045,5,0,0,0
2020-03-22,Merced,047,1,0,,
2020-03-23,Merced,047,1,0,0,0
2020-03-24,Merced,047,1,0,0,0
2020-03-25,Merced,047,2,0,1,0
2020-03-26,Merced,047,4,0,2,0
2020-03-27,Merced,047,7,0,3,0
2020-03-28,Merced,047,8,0,1,0
2020-03-29,Merced,047,9,0,1,0
2020-03-30,Merced,047,10,0,1,0
2020-03-31,Merced,047,10,0,0,0
2020-04-01,Merced,047,12,0,2,0
2020-04-02,Merced,047,16,0,4,0
2020-04-03,Merced,047,19,0,3,0
2020-04-04,Merced,047,27,0,8,0
2020-04-05,Merced,047,29,1,2,1
2020-04-06,Merced,047,29,1,0,0
2020-04-07,Merced,047,34,1,5,0
2020-04-08,Merced,047,40,3,6,2
2020-04-09,Merced,047,52,3,12,0
2020-04-10,Merced,047,59,3,7,0
2020-04-11,Merced,047,64,3,5,0
2020-04-12,Merced,047,65,3,1,0
2020-04-13,Merced,047,69,3,4,0
2020-04-14,Merced,047,74,3,5,0
2020-04-15,Merced,047,78,3,4,0
2020-04-16,Merced,047,82,3,4,0
2020-04-17,Merced,047,85,3,3,0
2020-04-18,Merced,047,87,3,2,0
2020-03-21,Mono,051,1,0,,
2020-03-22,Mono,051,1,0,0,0
2020-03-23,Mono,051,1,0,0,0
2020-03-24,Mono,051,2,0,1,0
2020-03-25,Mono,051,4,0,2,0
2020-03-26,Mono,051,6,0,2,0
2020-03-27,Mono,051,8,0,2,0
2020-03-28,Mono,051,11,0,3,0
2020-03-29,Mono,051,13,0,2,0
2020-03-30,Mono,051,13,0,0,0
2020-03-31,Mono,051,13,1,0,1
2020-04-01,Mono,051,18,1,5,0
2020-04-02,Mono,051,18,1,0,0
2020-04-03,Mono,051,19,1,1,0
2020-04-04,Mono,051,19,1,0,0
2020-04-05,Mono,051,19,1,0,0
2020-04-06,Mono,051,19,1,0,0
2020-04-07,Mono,051,19,1,0,0
2020-04-08,Mono,051,20,1,1,0
2020-04-09,Mono,051,20,1,0,0
2020-04-10,Mono,051,21,1,1,0
2020-04-11,Mono,051,21,1,0,0
2020-04-12,Mono,051,23,1,2,0
2020-04-13,Mono,051,23,1,0,0
2020-04-14,Mono,051,23,1,0,0
2020-04-15,Mono,051,23,1,0,0
2020-04-16,Mono,051,23,1,0,0
2020-04-17,Mono,051,23,1,0,0
2020-04-18,Mono,051,23,1,0,0
2020-03-17,Monterey,053,2,0,,
2020-03-18,Monterey,053,2,0,0,0
2020-03-19,Monterey,053,2,0,0,0
2020-03-20,Monterey,053,5,0,3,0
2020-03-21,Monterey,053,11,1,6,1
2020-03-22,Monterey,053,14,1,3,0
2020-03-23,Monterey,053,20,1,6,0
2020-03-24,Monterey,053,24,1,4,0
2020-03-25,Monterey,053,24,1,0,0
2020-03-26,Monterey,053,27,1,3,0
2020-03-27,Monterey,053,27,1,0,0
2020-03-28,Monterey,053,34,1,7,0
2020-03-29,Monterey,053,36,1,2,0
2020-03-30,Monterey,053,40,1,4,0
2020-03-31,Monterey,053,42,2,2,1
2020-04-01,Monterey,053,48,2,6,0
2020-04-02,Monterey,053,53,2,5,0
2020-04-03,Monterey,053,57,2,4,0
2020-04-04,Monterey,053,62,2,5,0
2020-04-05,Monterey,053,62,2,0,0
2020-04-06,Monterey,053,63,2,1,0
2020-04-07,Monterey,053,64,2,1,0
2020-04-08,Monterey,053,69,3,5,1
2020-04-09,Monterey,053,71,3,2,0
2020-04-10,Monterey,053,79,3,8,0
2020-04-11,Monterey,053,82,3,3,0
2020-04-12,Monterey,053,87,3,5,0
2020-04-13,Monterey,053,87,3,0,0
2020-04-14,Monterey,053,100,3,13,0
2020-04-15,Monterey,053,103,3,3,0
2020-04-16,Monterey,053,119,3,16,0
2020-04-17,Monterey,053,119,3,0,0
2020-04-18,Monterey,053,136,3,17,0
2020-03-22,Napa,055,2,0,,
2020-03-23,Napa,055,2,0,0,0
2020-03-24,Napa,055,3,0,1,0
2020-03-25,Napa,055,6,0,3,0
2020-03-26,Napa,055,7,0,1,0
2020-03-27,Napa,055,8,0,1,0
2020-03-28,Napa,055,10,0,2,0
2020-03-29,Napa,055,14,0,4,0
2020-03-30,Napa,055,14,0,0,0
2020-03-31,Napa,055,15,1,1,1
2020-04-01,Napa,055,18,1,3,0
2020-04-02,Napa,055,18,1,0,0
2020-04-03,Napa,055,20,2,2,1
2020-04-04,Napa,055,20,2,0,0
2020-04-05,Napa,055,20,2,0,0
2020-04-06,Napa,055,22,2,2,0
2020-04-07,Napa,055,23,2,1,0
2020-04-08,Napa,055,25,2,2,0
2020-04-09,Napa,055,28,2,3,0
2020-04-10,Napa,055,32,2,4,0
2020-04-11,Napa,055,34,2,2,0
2020-04-12,Napa,055,34,2,0,0
2020-04-13,Napa,055,34,2,0,0
2020-04-14,Napa,055,38,2,4,0
2020-04-15,Napa,055,38,2,0,0
2020-04-16,Napa,055,39,2,1,0
2020-04-17,Napa,055,44,2,5,0
2020-04-18,Napa,055,47,2,3,0
2020-03-16,Nevada,057,1,0,,
2020-03-17,Nevada,057,1,0,0,0
2020-03-18,Nevada,057,1,0,0,0
2020-03-19,Nevada,057,1,0,0,0
2020-03-20,Nevada,057,1,0,0,0
2020-03-21,Nevada,057,1,0,0,0
2020-03-22,Nevada,057,1,0,0,0
2020-03-23,Nevada,057,3,0,2,0
2020-03-24,Nevada,057,4,0,1,0
2020-03-25,Nevada,057,7,0,3,0
2020-03-26,Nevada,057,8,0,1,0
2020-03-27,Nevada,057,8,0,0,0
2020-03-28,Nevada,057,12,0,4,0
2020-03-29,Nevada,057,17,0,5,0
2020-03-30,Nevada,057,21,0,4,0
2020-03-31,Nevada,057,26,0,5,0
2020-04-01,Nevada,057,26,0,0,0
2020-04-02,Nevada,057,30,0,4,0
2020-04-03,Nevada,057,31,1,1,1
2020-04-04,Nevada,057,31,1,0,0
2020-04-05,Nevada,057,31,1,0,0
2020-04-06,Nevada,057,32,1,1,0
2020-04-07,Nevada,057,34,1,2,0
2020-04-08,Nevada,057,34,1,0,0
2020-04-09,Nevada,057,34,1,0,0
2020-04-10,Nevada,057,34,1,0,0
2020-04-11,Nevada,057,34,1,0,0
2020-04-12,Nevada,057,34,1,0,0
2020-04-13,Nevada,057,34,1,0,0
2020-04-14,Nevada,057,34,1,0,0
2020-04-15,Nevada,057,34,1,0,0
2020-04-16,Nevada,057,34,1,0,0
2020-04-17,Nevada,057,36,1,2,0
2020-04-18,Nevada,057,36,1,0,0
2020-01-26,Orange,059,1,0,,
2020-01-27,Orange,059,1,0,0,0
2020-01-28,Orange,059,1,0,0,0
2020-01-29,Orange,059,1,0,0,0
2020-01-30,Orange,059,1,0,0,0
2020-01-31,Orange,059,1,0,0,0
2020-02-01,Orange,059,1,0,0,0
2020-02-02,Orange,059,1,0,0,0
2020-02-03,Orange,059,1,0,0,0
2020-02-04,Orange,059,1,0,0,0
2020-02-05,Orange,059,1,0,0,0
2020-02-06,Orange,059,1,0,0,0
2020-02-07,Orange,059,1,0,0,0
2020-02-08,Orange,059,1,0,0,0
2020-02-09,Orange,059,1,0,0,0
2020-02-10,Orange,059,1,0,0,0
2020-02-11,Orange,059,1,0,0,0
2020-02-12,Orange,059,1,0,0,0
2020-02-13,Orange,059,1,0,0,0
2020-02-14,Orange,059,1,0,0,0
2020-02-15,Orange,059,1,0,0,0
2020-02-16,Orange,059,1,0,0,0
2020-02-17,Orange,059,1,0,0,0
2020-02-18,Orange,059,1,0,0,0
2020-02-19,Orange,059,1,0,0,0
2020-02-20,Orange,059,1,0,0,0
2020-02-21,Orange,059,1,0,0,0
2020-02-22,Orange,059,1,0,0,0
2020-02-23,Orange,059,1,0,0,0
2020-02-24,Orange,059,1,0,0,0
2020-02-25,Orange,059,1,0,0,0
2020-02-26,Orange,059,1,0,0,0
2020-02-27,Orange,059,1,0,0,0
2020-02-28,Orange,059,1,0,0,0
2020-02-29,Orange,059,1,0,0,0
2020-03-01,Orange,059,1,0,0,0
2020-03-02,Orange,059,1,0,0,0
2020-03-03,Orange,059,3,0,2,0
2020-03-04,Orange,059,3,0,0,0
2020-03-05,Orange,059,3,0,0,0
2020-03-06,Orange,059,4,0,1,0
2020-03-07,Orange,059,4,0,0,0
2020-03-08,Orange,059,4,0,0,0
2020-03-09,Orange,059,5,0,1,0
2020-03-10,Orange,059,5,0,0,0
2020-03-11,Orange,059,6,0,1,0
2020-03-12,Orange,059,6,0,0,0
2020-03-13,Orange,059,6,0,0,0
2020-03-14,Orange,059,14,0,8,0
2020-03-15,Orange,059,17,0,3,0
2020-03-16,Orange,059,22,0,5,0
2020-03-17,Orange,059,29,0,7,0
2020-03-18,Orange,059,41,0,12,0
2020-03-19,Orange,059,51,0,10,0
2020-03-20,Orange,059,64,0,13,0
2020-03-21,Orange,059,77,0,13,0
2020-03-22,Orange,059,94,0,17,0
2020-03-23,Orange,059,122,0,28,0
2020-03-24,Orange,059,147,1,25,1
2020-03-25,Orange,059,184,1,37,0
2020-03-26,Orange,059,248,1,64,0
2020-03-27,Orange,059,316,3,68,2
2020-03-28,Orange,059,395,4,79,1
2020-03-29,Orange,059,420,4,25,0
2020-03-30,Orange,059,455,4,35,0
2020-03-31,Orange,059,494,7,39,3
2020-04-01,Orange,059,598,10,104,3
2020-04-02,Orange,059,653,13,55,3
2020-04-03,Orange,059,710,13,57,0
2020-04-04,Orange,059,782,14,72,1
2020-04-05,Orange,059,831,14,49,0
2020-04-06,Orange,059,881,14,50,0
2020-04-07,Orange,059,931,15,50,1
2020-04-08,Orange,059,1016,17,85,2
2020-04-09,Orange,059,1079,17,63,0
2020-04-10,Orange,059,1138,17,59,0
2020-04-11,Orange,059,1221,18,83,1
2020-04-12,Orange,059,1277,19,56,1
2020-04-13,Orange,059,1283,19,6,0
2020-04-14,Orange,059,1299,19,16,0
2020-04-15,Orange,059,1376,22,77,3
2020-04-16,Orange,059,1425,25,49,3
2020-04-17,Orange,059,1501,28,76,3
2020-04-18,Orange,059,1556,32,55,4
2020-01-26,Placer,061,0,0,,
2020-01-31,Placer,061,0,0,0,0
2020-02-02,Placer,061,0,0,0,0
2020-02-20,Placer,061,0,0,0,0
2020-02-21,Placer,061,0,0,0,0
2020-02-26,Placer,061,0,0,0,0
2020-02-28,Placer,061,0,0,0,0
2020-02-29,Placer,061,0,0,0,0
2020-03-01,Placer,061,0,0,0,0
2020-03-02,Placer,061,1,0,1,0
2020-03-03,Placer,061,2,0,1,0
2020-03-04,Placer,061,2,1,0,1
2020-03-05,Placer,061,2,1,0,0
2020-03-06,Placer,061,5,1,3,0
2020-03-07,Placer,061,5,1,0,0
2020-03-08,Placer,061,5,1,0,0
2020-03-09,Placer,061,5,1,0,0
2020-03-10,Placer,061,7,1,2,0
2020-03-11,Placer,061,7,1,0,0
2020-03-12,Placer,061,7,1,0,0
2020-03-13,Placer,061,7,1,0,0
2020-03-14,Placer,061,8,1,1,0
2020-03-15,Placer,061,8,1,0,0
2020-03-16,Placer,061,8,1,0,0
2020-03-17,Placer,061,8,1,0,0
2020-03-18,Placer,061,9,1,1,0
2020-03-19,Placer,061,9,1,0,0
2020-03-20,Placer,061,9,1,0,0
2020-03-21,Placer,061,12,1,3,0
2020-03-22,Placer,061,12,1,0,0
2020-03-23,Placer,061,20,1,8,0
2020-03-24,Placer,061,26,1,6,0
2020-03-25,Placer,061,30,1,4,0
2020-03-26,Placer,061,30,1,0,0
2020-03-27,Placer,061,41,1,11,0
2020-03-28,Placer,061,44,1,3,0
2020-03-29,Placer,061,53,2,9,1
2020-03-30,Placer,061,57,2,4,0
2020-03-31,Placer,061,67,2,10,0
2020-04-01,Placer,061,78,2,11,0
2020-04-02,Placer,061,90,2,12,0
2020-04-03,Placer,061,97,2,7,0
2020-04-04,Placer,061,101,2,4,0
2020-04-05,Placer,061,103,3,2,1
2020-04-06,Placer,061,106,3,3,0
2020-04-07,Placer,061,115,3,9,0
2020-04-08,Placer,061,117,4,2,1
2020-04-09,Placer,061,120,4,3,0
2020-04-10,Placer,061,123,4,3,0
2020-04-11,Placer,061,124,4,1,0
2020-04-12,Placer,061,124,4,0,0
2020-04-13,Placer,061,127,5,3,1
2020-04-14,Placer,061,128,5,1,0
2020-04-15,Placer,061,129,7,1,2
2020-04-16,Placer,061,130,8,1,1
2020-04-17,Placer,061,130,8,0,0
2020-04-18,Placer,061,131,8,1,0
2020-03-31,Plumas,063,1,0,,
2020-04-01,Plumas,063,1,0,0,0
2020-04-02,Plumas,063,2,0,1,0
2020-04-03,Plumas,063,2,0,0,0
2020-04-04,Plumas,063,3,0,1,0
2020-04-05,Plumas,063,3,0,0,0
2020-04-06,Plumas,063,3,0,0,0
2020-04-07,Plumas,063,3,0,0,0
2020-04-08,Plumas,063,3,0,0,0
2020-04-09,Plumas,063,3,0,0,0
2020-04-10,Plumas,063,4,0,1,0
2020-04-11,Plumas,063,4,0,0,0
2020-04-12,Plumas,063,4,0,0,0
2020-04-13,Plumas,063,4,0,0,0
2020-04-14,Plumas,063,4,0,0,0
2020-04-15,Plumas,063,4,0,0,0
2020-04-16,Plumas,063,4,0,0,0
2020-04-17,Plumas,063,4,0,0,0
2020-04-18,Plumas,063,4,0,0,0
2020-01-26,Riverside,065,0,0,,
2020-01-31,Riverside,065,0,0,0,0
2020-02-02,Riverside,065,0,0,0,0
2020-02-20,Riverside,065,0,0,0,0
2020-02-21,Riverside,065,0,0,0,0
2020-02-26,Riverside,065,0,0,0,0
2020-02-28,Riverside,065,0,0,0,0
2020-02-29,Riverside,065,0,0,0,0
2020-03-01,Riverside,065,0,0,0,0
2020-03-02,Riverside,065,0,0,0,0
2020-03-03,Riverside,065,0,0,0,0
2020-03-04,Riverside,065,0,0,0,0
2020-03-05,Riverside,065,0,0,0,0
2020-03-06,Riverside,065,0,0,0,0
2020-03-07,Riverside,065,2,0,2,0
2020-03-08,Riverside,065,2,0,0,0
2020-03-09,Riverside,065,6,0,4,0
2020-03-10,Riverside,065,6,0,0,0
2020-03-11,Riverside,065,7,0,1,0
2020-03-12,Riverside,065,8,0,1,0
2020-03-13,Riverside,065,12,0,4,0
2020-03-14,Riverside,065,14,0,2,0
2020-03-15,Riverside,065,14,0,0,0
2020-03-16,Riverside,065,15,2,1,2
2020-03-17,Riverside,065,16,3,1,1
2020-03-18,Riverside,065,16,3,0,0
2020-03-19,Riverside,065,22,3,6,0
2020-03-20,Riverside,065,28,4,6,1
2020-03-21,Riverside,065,30,5,2,1
2020-03-22,Riverside,065,45,6,15,1
2020-03-23,Riverside,065,48,6,3,0
2020-03-24,Riverside,065,59,6,11,0
2020-03-25,Riverside,065,107,8,48,2
2020-03-26,Riverside,065,107,8,0,0
2020-03-27,Riverside,065,185,8,78,0
2020-03-28,Riverside,065,195,8,10,0
2020-03-29,Riverside,065,233,8,38,0
2020-03-30,Riverside,065,291,9,58,1
2020-03-31,Riverside,065,371,13,80,4
2020-04-01,Riverside,065,429,13,58,0
2020-04-02,Riverside,065,493,14,64,1
2020-04-03,Riverside,065,638,15,145,1
2020-04-04,Riverside,065,665,18,27,3
2020-04-05,Riverside,065,799,19,134,1
2020-04-06,Riverside,065,946,25,147,6
2020-04-07,Riverside,065,1016,28,70,3
2020-04-08,Riverside,065,1179,32,163,4
2020-04-09,Riverside,065,1280,33,101,1
2020-04-10,Riverside,065,1350,39,70,6
2020-04-11,Riverside,065,1431,41,81,2
2020-04-12,Riverside,065,1619,41,188,0
2020-04-13,Riverside,065,1751,50,132,9
2020-04-14,Riverside,065,1961,50,210,0
2020-04-15,Riverside,065,2105,54,144,4
2020-04-16,Riverside,065,2264,59,159,5
2020-04-17,Riverside,065,2457,69,193,10
2020-04-18,Riverside,065,2602,74,145,5
2020-01-26,Sacramento,067,0,0,,
2020-01-31,Sacramento,067,0,0,0,0
2020-02-02,Sacramento,067,0,0,0,0
2020-02-20,Sacramento,067,0,0,0,0
2020-02-21,Sacramento,067,1,0,1,0
2020-02-22,Sacramento,067,1,0,0,0
2020-02-23,Sacramento,067,1,0,0,0
2020-02-24,Sacramento,067,1,0,0,0
2020-02-25,Sacramento,067,1,0,0,0
2020-02-26,Sacramento,067,1,0,0,0
2020-02-27,Sacramento,067,1,0,0,0
2020-02-28,Sacramento,067,1,0,0,0
2020-02-29,Sacramento,067,1,0,0,0
2020-03-01,Sacramento,067,1,0,0,0
2020-03-02,Sacramento,067,1,0,0,0
2020-03-03,Sacramento,067,1,0,0,0
2020-03-04,Sacramento,067,1,0,0,0
2020-03-05,Sacramento,067,3,0,2,0
2020-03-06,Sacramento,067,3,0,0,0
2020-03-07,Sacramento,067,3,0,0,0
2020-03-08,Sacramento,067,3,0,0,0
2020-03-09,Sacramento,067,10,0,7,0
2020-03-10,Sacramento,067,10,1,0,1
2020-03-11,Sacramento,067,10,1,0,0
2020-03-12,Sacramento,067,17,1,7,0
2020-03-13,Sacramento,067,17,1,0,0
2020-03-14,Sacramento,067,29,1,12,0
2020-03-15,Sacramento,067,32,1,3,0
2020-03-16,Sacramento,067,33,2,1,1
2020-03-17,Sacramento,067,40,2,7,0
2020-03-18,Sacramento,067,40,2,0,0
2020-03-19,Sacramento,067,45,3,5,1
2020-03-20,Sacramento,067,53,3,8,0
2020-03-21,Sacramento,067,53,3,0,0
2020-03-22,Sacramento,067,53,3,0,0
2020-03-23,Sacramento,067,88,4,35,1
2020-03-24,Sacramento,067,88,4,0,0
2020-03-25,Sacramento,067,113,5,25,1
2020-03-26,Sacramento,067,113,5,0,0
2020-03-27,Sacramento,067,164,6,51,1
2020-03-28,Sacramento,067,164,6,0,0
2020-03-29,Sacramento,067,164,6,0,0
2020-03-30,Sacramento,067,224,7,60,1
2020-03-31,Sacramento,067,224,7,0,0
2020-04-01,Sacramento,067,314,9,90,2
2020-04-02,Sacramento,067,341,9,27,0
2020-04-03,Sacramento,067,390,10,49,1
2020-04-04,Sacramento,067,390,10,0,0
2020-04-05,Sacramento,067,442,16,52,6
2020-04-06,Sacramento,067,462,18,20,2
2020-04-07,Sacramento,067,525,21,63,3
2020-04-08,Sacramento,067,580,22,55,1
2020-04-09,Sacramento,067,613,22,33,0
2020-04-10,Sacramento,067,653,24,40,2
2020-04-11,Sacramento,067,699,26,46,2
2020-04-12,Sacramento,067,707,26,8,0
2020-04-13,Sacramento,067,739,27,32,1
2020-04-14,Sacramento,067,816,28,77,1
2020-04-15,Sacramento,067,853,32,37,4
2020-04-16,Sacramento,067,879,32,26,0
2020-04-17,Sacramento,067,896,32,17,0
2020-04-18,Sacramento,067,914,33,18,1
2020-01-26,San Benito,069,0,0,,
2020-01-31,San Benito,069,0,0,0,0
2020-02-02,San Benito,069,2,0,2,0
2020-02-03,San Benito,069,2,0,0,0
2020-02-04,San Benito,069,2,0,0,0
2020-02-05,San Benito,069,2,0,0,0
2020-02-06,San Benito,069,2,0,0,0
2020-02-07,San Benito,069,2,0,0,0
2020-02-08,San Benito,069,2,0,0,0
2020-02-09,San Benito,069,2,0,0,0
2020-02-10,San Benito,069,2,0,0,0
2020-02-11,San Benito,069,2,0,0,0
2020-02-12,San Benito,069,2,0,0,0
2020-02-13,San Benito,069,2,0,0,0
2020-02-14,San Benito,069,2,0,0,0
2020-02-15,San Benito,069,2,0,0,0
2020-02-16,San Benito,069,2,0,0,0
2020-02-17,San Benito,069,2,0,0,0
2020-02-18,San Benito,069,2,0,0,0
2020-02-19,San Benito,069,2,0,0,0
2020-02-20,San Benito,069,2,0,0,0
2020-02-21,San Benito,069,2,0,0,0
2020-02-22,San Benito,069,2,0,0,0
2020-02-23,San Benito,069,2,0,0,0
2020-02-24,San Benito,069,2,0,0,0
2020-02-25,San Benito,069,2,0,0,0
2020-02-26,San Benito,069,2,0,0,0
2020-02-27,San Benito,069,2,0,0,0
2020-02-28,San Benito,069,2,0,0,0
2020-02-29,San Benito,069,2,0,0,0
2020-03-01,San Benito,069,2,0,0,0
2020-03-02,San Benito,069,2,0,0,0
2020-03-03,San Benito,069,2,0,0,0
2020-03-04,San Benito,069,2,0,0,0
2020-03-05,San Benito,069,2,0,0,0
2020-03-06,San Benito,069,2,0,0,0
2020-03-07,San Benito,069,2,0,0,0
2020-03-08,San Benito,069,2,0,0,0
2020-03-09,San Benito,069,2,0,0,0
2020-03-10,San Benito,069,2,0,0,0
2020-03-11,San Benito,069,2,0,0,0
2020-03-12,San Benito,069,2,0,0,0
2020-03-13,San Benito,069,3,0,1,0
2020-03-14,San Benito,069,3,0,0,0
2020-03-15,San Benito,069,3,0,0,0
2020-03-16,San Benito,069,3,1,0,1
2020-03-17,San Benito,069,4,1,1,0
2020-03-18,San Benito,069,5,1,1,0
2020-03-19,San Benito,069,5,1,0,0
2020-03-20,San Benito,069,5,1,0,0
2020-03-21,San Benito,069,5,1,0,0
2020-03-22,San Benito,069,6,1,1,0
2020-03-23,San Benito,069,6,1,0,0
2020-03-24,San Benito,069,7,1,1,0
2020-03-25,San Benito,069,9,1,2,0
2020-03-26,San Benito,069,12,1,3,0
2020-03-27,San Benito,069,14,1,2,0
2020-03-28,San Benito,069,14,1,0,0
2020-03-29,San Benito,069,14,1,0,0
2020-03-30,San Benito,069,17,1,3,0
2020-03-31,San Benito,069,21,1,4,0
2020-04-01,San Benito,069,23,1,2,0
2020-04-02,San Benito,069,23,1,0,0
2020-04-03,San Benito,069,23,2,0,1
2020-04-04,San Benito,069,23,2,0,0
2020-04-05,San Benito,069,23,2,0,0
2020-04-06,San Benito,069,30,2,7,0
2020-04-07,San Benito,069,31,2,1,0
2020-04-08,San Benito,069,33,2,2,0
2020-04-09,San Benito,069,34,2,1,0
2020-04-10,San Benito,069,35,2,1,0
2020-04-11,San Benito,069,35,2,0,0
2020-04-12,San Benito,069,35,2,0,0
2020-04-13,San Benito,069,38,2,3,0
2020-04-14,San Benito,069,39,2,1,0
2020-04-15,San Benito,069,41,2,2,0
2020-04-16,San Benito,069,42,2,1,0
2020-04-17,San Benito,069,44,2,2,0
2020-04-18,San Benito,069,44,2,0,0
2020-03-15,San Bernardino,071,1,0,,
2020-03-16,San Bernardino,071,2,0,1,0
2020-03-17,San Bernardino,071,3,0,1,0
2020-03-18,San Bernardino,071,5,0,2,0
2020-03-19,San Bernardino,071,5,0,0,0
2020-03-20,San Bernardino,071,9,0,4,0
2020-03-21,San Bernardino,071,10,0,1,0
2020-03-22,San Bernardino,071,17,0,7,0
2020-03-23,San Bernardino,071,17,0,0,0
2020-03-24,San Bernardino,071,38,1,21,1
2020-03-25,San Bernardino,071,54,2,16,1
2020-03-26,San Bernardino,071,55,3,1,1
2020-03-27,San Bernardino,071,64,3,9,0
2020-03-28,San Bernardino,071,76,3,12,0
2020-03-29,San Bernardino,071,111,3,35,0
2020-03-30,San Bernardino,071,111,3,0,0
2020-03-31,San Bernardino,071,183,6,72,3
2020-04-01,San Bernardino,071,254,6,71,0
2020-04-02,San Bernardino,071,304,8,50,2
2020-04-03,San Bernardino,071,353,13,49,5
2020-04-04,San Bernardino,071,372,13,19,0
2020-04-05,San Bernardino,071,373,13,1,0
2020-04-06,San Bernardino,071,530,16,157,3
2020-04-07,San Bernardino,071,547,17,17,1
2020-04-08,San Bernardino,071,641,20,94,3
2020-04-09,San Bernardino,071,729,24,88,4
2020-04-10,San Bernardino,071,810,25,81,1
2020-04-11,San Bernardino,071,810,25,0,0
2020-04-12,San Bernardino,071,887,31,77,6
2020-04-13,San Bernardino,071,977,31,90,0
2020-04-14,San Bernardino,071,977,31,0,0
2020-04-15,San Bernardino,071,996,39,19,8
2020-04-16,San Bernardino,071,1032,47,36,8
2020-04-17,San Bernardino,071,1096,55,64,8
2020-04-18,San Bernardino,071,1219,57,123,2
2020-01-26,San Diego,073,0,0,,
2020-01-31,San Diego,073,0,0,0,0
2020-02-02,San Diego,073,0,0,0,0
2020-02-20,San Diego,073,0,0,0,0
2020-02-21,San Diego,073,0,0,0,0
2020-02-26,San Diego,073,0,0,0,0
2020-02-28,San Diego,073,0,0,0,0
2020-02-29,San Diego,073,0,0,0,0
2020-03-01,San Diego,073,0,0,0,0
2020-03-02,San Diego,073,0,0,0,0
2020-03-03,San Diego,073,0,0,0,0
2020-03-04,San Diego,073,0,0,0,0
2020-03-05,San Diego,073,0,0,0,0
2020-03-06,San Diego,073,0,0,0,0
2020-03-07,San Diego,073,0,0,0,0
2020-03-08,San Diego,073,1,0,1,0
2020-03-09,San Diego,073,2,0,1,0
2020-03-10,San Diego,073,2,0,0,0
2020-03-11,San Diego,073,4,0,2,0
2020-03-12,San Diego,073,5,0,1,0
2020-03-13,San Diego,073,10,0,5,0
2020-03-14,San Diego,073,19,0,9,0
2020-03-15,San Diego,073,25,0,6,0
2020-03-16,San Diego,073,37,0,12,0
2020-03-17,San Diego,073,50,0,13,0
2020-03-18,San Diego,073,59,0,9,0
2020-03-19,San Diego,073,70,0,11,0
2020-03-20,San Diego,073,100,0,30,0
2020-03-21,San Diego,073,118,0,18,0
2020-03-22,San Diego,073,143,1,25,1
2020-03-23,San Diego,073,197,1,54,0
2020-03-24,San Diego,073,232,2,35,1
2020-03-25,San Diego,073,283,2,51,0
2020-03-26,San Diego,073,341,3,58,1
2020-03-27,San Diego,073,417,6,76,3
2020-03-28,San Diego,073,488,7,71,1
2020-03-29,San Diego,073,519,7,31,0
2020-03-30,San Diego,073,603,7,84,0
2020-03-31,San Diego,073,734,9,131,2
2020-04-01,San Diego,073,849,15,115,6
2020-04-02,San Diego,073,966,16,117,1
2020-04-03,San Diego,073,1112,17,146,1
2020-04-04,San Diego,073,1209,18,97,1
2020-04-05,San Diego,073,1326,19,117,1
2020-04-06,San Diego,073,1404,19,78,0
2020-04-07,San Diego,073,1454,31,50,12
2020-04-08,San Diego,073,1530,36,76,5
2020-04-09,San Diego,073,1628,40,98,4
2020-04-10,San Diego,073,1693,44,65,4
2020-04-11,San Diego,073,1761,45,68,1
2020-04-12,San Diego,073,1804,45,43,0
2020-04-13,San Diego,073,1847,47,43,2
2020-04-14,San Diego,073,1930,53,83,6
2020-04-15,San Diego,073,2012,60,82,7
2020-04-16,San Diego,073,2087,63,75,3
2020-04-17,San Diego,073,2158,70,71,7
2020-04-18,San Diego,073,2213,71,55,1
2020-01-26,San Francisco,075,0,0,,
2020-01-31,San Francisco,075,0,0,0,0
2020-02-02,San Francisco,075,0,0,0,0
2020-02-20,San Francisco,075,0,0,0,0
2020-02-21,San Francisco,075,0,0,0,0
2020-02-26,San Francisco,075,0,0,0,0
2020-02-28,San Francisco,075,0,0,0,0
2020-02-29,San Francisco,075,0,0,0,0
2020-03-01,San Francisco,075,0,0,0,0
2020-03-02,San Francisco,075,0,0,0,0
2020-03-03,San Francisco,075,0,0,0,0
2020-03-04,San Francisco,075,0,0,0,0
2020-03-05,San Francisco,075,2,0,2,0
2020-03-06,San Francisco,075,2,0,0,0
2020-03-07,San Francisco,075,8,0,6,0
2020-03-08,San Francisco,075,8,0,0,0
2020-03-09,San Francisco,075,13,0,5,0
2020-03-10,San Francisco,075,14,0,1,0
2020-03-11,San Francisco,075,14,0,0,0
2020-03-12,San Francisco,075,18,0,4,0
2020-03-13,San Francisco,075,23,0,5,0
2020-03-14,San Francisco,075,28,0,5,0
2020-03-15,San Francisco,075,37,0,9,0
2020-03-16,San Francisco,075,40,0,3,0
2020-03-17,San Francisco,075,43,0,3,0
2020-03-18,San Francisco,075,51,0,8,0
2020-03-19,San Francisco,075,70,0,19,0
2020-03-20,San Francisco,075,76,0,6,0
2020-03-21,San Francisco,075,84,0,8,0
2020-03-22,San Francisco,075,108,0,24,0
2020-03-23,San Francisco,075,131,0,23,0
2020-03-24,San Francisco,075,152,1,21,1
2020-03-25,San Francisco,075,178,1,26,0
2020-03-26,San Francisco,075,223,2,45,1
2020-03-27,San Francisco,075,279,3,56,1
2020-03-28,San Francisco,075,308,4,29,1
2020-03-29,San Francisco,075,340,5,32,1
2020-03-30,San Francisco,075,374,6,34,1
2020-03-31,San Francisco,075,397,6,23,0
2020-04-01,San Francisco,075,434,7,37,1
2020-04-02,San Francisco,075,450,7,16,0
2020-04-03,San Francisco,075,497,7,47,0
2020-04-04,San Francisco,075,529,8,32,1
2020-04-05,San Francisco,075,568,8,39,0
2020-04-06,San Francisco,075,583,9,15,1
2020-04-07,San Francisco,075,622,9,39,0
2020-04-08,San Francisco,075,676,10,54,1
2020-04-09,San Francisco,075,724,10,48,0
2020-04-10,San Francisco,075,797,13,73,3
2020-04-11,San Francisco,075,857,13,60,0
2020-04-12,San Francisco,075,872,14,15,1
2020-04-13,San Francisco,075,957,15,85,1
2020-04-14,San Francisco,075,987,15,30,0
2020-04-15,San Francisco,075,1013,17,26,2
2020-04-16,San Francisco,075,1019,17,6,0
2020-04-17,San Francisco,075,1058,20,39,3
2020-04-18,San Francisco,075,1137,20,79,0
2020-03-13,San Joaquin,077,8,0,,
2020-03-14,San Joaquin,077,8,0,0,0
2020-03-15,San Joaquin,077,8,0,0,0
2020-03-16,San Joaquin,077,9,0,1,0
2020-03-17,San Joaquin,077,13,0,4,0
2020-03-18,San Joaquin,077,14,2,1,2
2020-03-19,San Joaquin,077,17,2,3,0
2020-03-20,San Joaquin,077,20,2,3,0
2020-03-21,San Joaquin,077,31,2,11,0
2020-03-22,San Joaquin,077,41,2,10,0
2020-03-23,San Joaquin,077,51,2,10,0
2020-03-24,San Joaquin,077,60,2,9,0
2020-03-25,San Joaquin,077,71,3,11,1
2020-03-26,San Joaquin,077,83,3,12,0
2020-03-27,San Joaquin,077,93,4,10,1
2020-03-28,San Joaquin,077,108,4,15,0
2020-03-29,San Joaquin,077,121,5,13,1
2020-03-30,San Joaquin,077,136,6,15,1
2020-03-31,San Joaquin,077,151,8,15,2
2020-04-01,San Joaquin,077,161,8,10,0
2020-04-02,San Joaquin,077,178,10,17,2
2020-04-03,San Joaquin,077,185,11,7,1
2020-04-04,San Joaquin,077,191,11,6,0
2020-04-05,San Joaquin,077,203,11,12,0
2020-04-06,San Joaquin,077,212,11,9,0
2020-04-07,San Joaquin,077,223,13,11,2
2020-04-08,San Joaquin,077,237,14,14,1
2020-04-09,San Joaquin,077,245,14,8,0
2020-04-10,San Joaquin,077,257,14,12,0
2020-04-11,San Joaquin,077,260,15,3,1
2020-04-12,San Joaquin,077,273,16,13,1
2020-04-13,San Joaquin,077,309,17,36,1
2020-04-14,San Joaquin,077,335,17,26,0
2020-04-15,San Joaquin,077,364,17,29,0
2020-04-16,San Joaquin,077,369,17,5,0
2020-04-17,San Joaquin,077,398,17,29,0
2020-04-18,San Joaquin,077,410,17,12,0
2020-03-14,San Luis Obispo,079,1,0,,
2020-03-15,San Luis Obispo,079,2,0,1,0
2020-03-16,San Luis Obispo,079,3,0,1,0
2020-03-17,San Luis Obispo,079,6,0,3,0
2020-03-18,San Luis Obispo,079,7,0,1,0
2020-03-19,San Luis Obispo,079,13,0,6,0
2020-03-20,San Luis Obispo,079,16,0,3,0
2020-03-21,San Luis Obispo,079,21,0,5,0
2020-03-22,San Luis Obispo,079,27,0,6,0
2020-03-23,San Luis Obispo,079,33,0,6,0
2020-03-24,San Luis Obispo,079,42,0,9,0
2020-03-25,San Luis Obispo,079,46,0,4,0
2020-03-26,San Luis Obispo,079,54,0,8,0
2020-03-27,San Luis Obispo,079,59,0,5,0
2020-03-28,San Luis Obispo,079,67,0,8,0
2020-03-29,San Luis Obispo,079,71,0,4,0
2020-03-30,San Luis Obispo,079,77,0,6,0
2020-03-31,San Luis Obispo,079,80,0,3,0
2020-04-01,San Luis Obispo,079,83,0,3,0
2020-04-02,San Luis Obispo,079,89,0,6,0
2020-04-03,San Luis Obispo,079,93,0,4,0
2020-04-04,San Luis Obispo,079,93,0,0,0
2020-04-05,San Luis Obispo,079,95,1,2,1
2020-04-06,San Luis Obispo,079,95,1,0,0
2020-04-07,San Luis Obispo,079,99,1,4,0
2020-04-08,San Luis Obispo,079,102,1,3,0
2020-04-09,San Luis Obispo,079,104,1,2,0
2020-04-10,San Luis Obispo,079,107,1,3,0
2020-04-11,San Luis Obispo,079,110,1,3,0
2020-04-12,San Luis Obispo,079,114,1,4,0
2020-04-13,San Luis Obispo,079,117,1,3,0
2020-04-14,San Luis Obispo,079,120,1,3,0
2020-04-15,San Luis Obispo,079,124,1,4,0
2020-04-16,San Luis Obispo,079,125,1,1,0
2020-04-17,San Luis Obispo,079,127,1,2,0
2020-04-18,San Luis Obispo,079,131,1,4,0
2020-01-26,San Mateo,081,0,0,,
2020-01-31,San Mateo,081,0,0,0,0
2020-02-02,San Mateo,081,0,0,0,0
2020-02-20,San Mateo,081,0,0,0,0
2020-02-21,San Mateo,081,0,0,0,0
2020-02-26,San Mateo,081,0,0,0,0
2020-02-28,San Mateo,081,0,0,0,0
2020-02-29,San Mateo,081,1,0,1,0
2020-03-01,San Mateo,081,1,0,0,0
2020-03-02,San Mateo,081,2,0,1,0
2020-03-03,San Mateo,081,2,0,0,0
2020-03-04,San Mateo,081,2,0,0,0
2020-03-05,San Mateo,081,2,0,0,0
2020-03-06,San Mateo,081,2,0,0,0
2020-03-07,San Mateo,081,2,0,0,0
2020-03-08,San Mateo,081,2,0,0,0
2020-03-09,San Mateo,081,9,0,7,0
2020-03-10,San Mateo,081,9,0,0,0
2020-03-11,San Mateo,081,15,0,6,0
2020-03-12,San Mateo,081,20,0,5,0
2020-03-13,San Mateo,081,20,0,0,0
2020-03-14,San Mateo,081,32,0,12,0
2020-03-15,San Mateo,081,32,1,0,1
2020-03-16,San Mateo,081,42,1,10,0
2020-03-17,San Mateo,081,64,1,22,0
2020-03-18,San Mateo,081,80,1,16,0
2020-03-19,San Mateo,081,89,1,9,0
2020-03-20,San Mateo,081,100,1,11,0
2020-03-21,San Mateo,081,110,1,10,0
2020-03-22,San Mateo,081,117,1,7,0
2020-03-23,San Mateo,081,142,1,25,0
2020-03-24,San Mateo,081,161,2,19,1
2020-03-25,San Mateo,081,165,5,4,3
2020-03-26,San Mateo,081,195,5,30,0
2020-03-27,San Mateo,081,239,6,44,1
2020-03-28,San Mateo,081,274,6,35,0
2020-03-29,San Mateo,081,277,6,3,0
2020-03-30,San Mateo,081,309,10,32,4
2020-03-31,San Mateo,081,388,10,79,0
2020-04-01,San Mateo,081,388,10,0,0
2020-04-02,San Mateo,081,453,10,65,0
2020-04-03,San Mateo,081,486,13,33,3
2020-04-04,San Mateo,081,538,13,52,0
2020-04-05,San Mateo,081,555,13,17,0
2020-04-06,San Mateo,081,579,13,24,0
2020-04-07,San Mateo,081,589,21,10,8
2020-04-08,San Mateo,081,617,21,28,0
2020-04-09,San Mateo,081,633,21,16,0
2020-04-10,San Mateo,081,638,21,5,0
2020-04-11,San Mateo,081,652,21,14,0
2020-04-12,San Mateo,081,652,21,0,0
2020-04-13,San Mateo,081,701,21,49,0
2020-04-14,San Mateo,081,747,21,46,0
2020-04-15,San Mateo,081,767,28,20,7
2020-04-16,San Mateo,081,797,28,30,0
2020-04-17,San Mateo,081,838,28,41,0
2020-04-18,San Mateo,081,838,28,0,0
2020-03-15,Santa Barbara,083,1,0,,
2020-03-16,Santa Barbara,083,1,0,0,0
2020-03-17,Santa Barbara,083,2,0,1,0
2020-03-18,Santa Barbara,083,3,0,1,0
2020-03-19,Santa Barbara,083,8,0,5,0
2020-03-20,Santa Barbara,083,9,0,1,0
2020-03-21,Santa Barbara,083,13,0,4,0
2020-03-22,Santa Barbara,083,18,0,5,0
2020-03-23,Santa Barbara,083,18,0,0,0
2020-03-24,Santa Barbara,083,24,0,6,0
2020-03-25,Santa Barbara,083,26,0,2,0
2020-03-26,Santa Barbara,083,32,0,6,0
2020-03-27,Santa Barbara,083,47,0,15,0
2020-03-28,Santa Barbara,083,64,0,17,0
2020-03-29,Santa Barbara,083,68,0,4,0
2020-03-30,Santa Barbara,083,88,0,20,0
2020-03-31,Santa Barbara,083,99,0,11,0
2020-04-01,Santa Barbara,083,111,1,12,1
2020-04-02,Santa Barbara,083,139,1,28,0
2020-04-03,Santa Barbara,083,152,1,13,0
2020-04-04,Santa Barbara,083,168,1,16,0
2020-04-05,Santa Barbara,083,174,2,6,1
2020-04-06,Santa Barbara,083,192,2,18,0
2020-04-07,Santa Barbara,083,218,2,26,0
2020-04-08,Santa Barbara,083,228,2,10,0
2020-04-09,Santa Barbara,083,243,2,15,0
2020-04-10,Santa Barbara,083,260,2,17,0
2020-04-11,Santa Barbara,083,264,2,4,0
2020-04-12,Santa Barbara,083,267,2,3,0
2020-04-13,Santa Barbara,083,284,2,17,0
2020-04-14,Santa Barbara,083,313,2,29,0
2020-04-15,Santa Barbara,083,334,2,21,0
2020-04-16,Santa Barbara,083,354,3,20,1
2020-04-17,Santa Barbara,083,373,3,19,0
2020-04-18,Santa Barbara,083,385,4,12,1
2020-01-26,Santa Clara,085,0,0,,
2020-01-31,Santa Clara,085,1,0,1,0
2020-02-01,Santa Clara,085,1,0,0,0
2020-02-02,Santa Clara,085,2,0,1,0
2020-02-03,Santa Clara,085,2,0,0,0
2020-02-04,Santa Clara,085,2,0,0,0
2020-02-05,Santa Clara,085,2,0,0,0
2020-02-06,Santa Clara,085,2,0,0,0
2020-02-07,Santa Clara,085,2,0,0,0
2020-02-08,Santa Clara,085,2,0,0,0
2020-02-09,Santa Clara,085,2,0,0,0
2020-02-10,Santa Clara,085,2,0,0,0
2020-02-11,Santa Clara,085,2,0,0,0
2020-02-12,Santa Clara,085,2,0,0,0
2020-02-13,Santa Clara,085,2,0,0,0
2020-02-14,Santa Clara,085,2,0,0,0
2020-02-15,Santa Clara,085,2,0,0,0
2020-02-16,Santa Clara,085,2,0,0,0
2020-02-17,Santa Clara,085,2,0,0,0
2020-02-18,Santa Clara,085,2,0,0,0
2020-02-19,Santa Clara,085,2,0,0,0
2020-02-20,Santa Clara,085,2,0,0,0
2020-02-21,Santa Clara,085,2,0,0,0
2020-02-22,Santa Clara,085,2,0,0,0
2020-02-23,Santa Clara,085,2,0,0,0
2020-02-24,Santa Clara,085,2,0,0,0
2020-02-25,Santa Clara,085,2,0,0,0
2020-02-26,Santa Clara,085,2,0,0,0
2020-02-27,Santa Clara,085,2,0,0,0
2020-02-28,Santa Clara,085,3,0,1,0
2020-02-29,Santa Clara,085,4,0,1,0
2020-03-01,Santa Clara,085,7,0,3,0
2020-03-02,Santa Clara,085,9,0,2,0
2020-03-03,Santa Clara,085,11,0,2,0
2020-03-04,Santa Clara,085,14,0,3,0
2020-03-05,Santa Clara,085,20,0,6,0
2020-03-06,Santa Clara,085,24,0,4,0
2020-03-07,Santa Clara,085,32,0,8,0
2020-03-08,Santa Clara,085,37,0,5,0
2020-03-09,Santa Clara,085,43,1,6,1
2020-03-10,Santa Clara,085,45,1,2,0
2020-03-11,Santa Clara,085,48,1,3,0
2020-03-12,Santa Clara,085,66,1,18,0
2020-03-13,Santa Clara,085,79,2,13,1
2020-03-14,Santa Clara,085,91,2,12,0
2020-03-15,Santa Clara,085,114,2,23,0
2020-03-16,Santa Clara,085,138,4,24,2
2020-03-17,Santa Clara,085,155,5,17,1
2020-03-18,Santa Clara,085,175,6,20,1
2020-03-19,Santa Clara,085,189,6,14,0
2020-03-20,Santa Clara,085,196,8,7,2
2020-03-21,Santa Clara,085,263,8,67,0
2020-03-22,Santa Clara,085,302,10,39,2
2020-03-23,Santa Clara,085,321,13,19,3
2020-03-24,Santa Clara,085,375,16,54,3
2020-03-25,Santa Clara,085,542,19,167,3
2020-03-26,Santa Clara,085,542,19,0,0
2020-03-27,Santa Clara,085,574,20,32,1
2020-03-28,Santa Clara,085,591,25,17,5
2020-03-29,Santa Clara,085,646,25,55,0
2020-03-30,Santa Clara,085,848,28,202,3
2020-03-31,Santa Clara,085,890,30,42,2
2020-04-01,Santa Clara,085,956,32,66,2
2020-04-02,Santa Clara,085,1019,36,63,4
2020-04-03,Santa Clara,085,1094,38,75,2
2020-04-04,Santa Clara,085,1148,39,54,1
2020-04-05,Santa Clara,085,1207,39,59,0
2020-04-06,Santa Clara,085,1224,42,17,3
2020-04-07,Santa Clara,085,1285,43,61,1
2020-04-08,Santa Clara,085,1380,46,95,3
2020-04-09,Santa Clara,085,1442,47,62,1
2020-04-10,Santa Clara,085,1484,50,42,3
2020-04-11,Santa Clara,085,1566,51,82,1
2020-04-12,Santa Clara,085,1621,54,55,3
2020-04-13,Santa Clara,085,1666,60,45,6
2020-04-14,Santa Clara,085,1666,60,0,0
2020-04-15,Santa Clara,085,1793,65,127,5
2020-04-16,Santa Clara,085,1833,69,40,4
2020-04-17,Santa Clara,085,1870,73,37,4
2020-04-18,Santa Clara,085,1870,73,0,0
2020-01-26,Santa Cruz,087,0,0,,
2020-01-31,Santa Cruz,087,0,0,0,0
2020-02-02,Santa Cruz,087,0,0,0,0
2020-02-20,Santa Cruz,087,0,0,0,0
2020-02-21,Santa Cruz,087,0,0,0,0
2020-02-26,Santa Cruz,087,0,0,0,0
2020-02-28,Santa Cruz,087,0,0,0,0
2020-02-29,Santa Cruz,087,0,0,0,0
2020-03-01,Santa Cruz,087,0,0,0,0
2020-03-02,Santa Cruz,087,0,0,0,0
2020-03-03,Santa Cruz,087,0,0,0,0
2020-03-04,Santa Cruz,087,0,0,0,0
2020-03-05,Santa Cruz,087,0,0,0,0
2020-03-06,Santa Cruz,087,0,0,0,0
2020-03-07,Santa Cruz,087,1,0,1,0
2020-03-08,Santa Cruz,087,1,0,0,0
2020-03-09,Santa Cruz,087,2,0,1,0
2020-03-10,Santa Cruz,087,2,0,0,0
2020-03-11,Santa Cruz,087,4,0,2,0
2020-03-12,Santa Cruz,087,4,0,0,0
2020-03-13,Santa Cruz,087,7,0,3,0
2020-03-14,Santa Cruz,087,7,0,0,0
2020-03-15,Santa Cruz,087,7,0,0,0
2020-03-16,Santa Cruz,087,9,0,2,0
2020-03-17,Santa Cruz,087,13,0,4,0
2020-03-18,Santa Cruz,087,13,0,0,0
2020-03-19,Santa Cruz,087,14,0,1,0
2020-03-20,Santa Cruz,087,15,0,1,0
2020-03-21,Santa Cruz,087,15,0,0,0
2020-03-22,Santa Cruz,087,15,0,0,0
2020-03-23,Santa Cruz,087,22,0,7,0
2020-03-24,Santa Cruz,087,24,0,2,0
2020-03-25,Santa Cruz,087,25,0,1,0
2020-03-26,Santa Cruz,087,32,0,7,0
2020-03-27,Santa Cruz,087,34,0,2,0
2020-03-28,Santa Cruz,087,39,0,5,0
2020-03-29,Santa Cruz,087,44,1,5,1
2020-03-30,Santa Cruz,087,45,1,1,0
2020-03-31,Santa Cruz,087,49,1,4,0
2020-04-01,Santa Cruz,087,54,1,5,0
2020-04-02,Santa Cruz,087,57,1,3,0
2020-04-03,Santa Cruz,087,59,1,2,0
2020-04-04,Santa Cruz,087,62,1,3,0
2020-04-05,Santa Cruz,087,69,1,7,0
2020-04-06,Santa Cruz,087,71,1,2,0
2020-04-07,Santa Cruz,087,76,1,5,0
2020-04-08,Santa Cruz,087,76,1,0,0
2020-04-09,Santa Cruz,087,80,1,4,0
2020-04-10,Santa Cruz,087,82,1,2,0
2020-04-11,Santa Cruz,087,82,1,0,0
2020-04-12,Santa Cruz,087,88,1,6,0
2020-04-13,Santa Cruz,087,91,1,3,0
2020-04-14,Santa Cruz,087,91,2,0,1
2020-04-15,Santa Cruz,087,96,2,5,0
2020-04-16,Santa Cruz,087,96,2,0,0
2020-04-17,Santa Cruz,087,98,2,2,0
2020-04-18,Santa Cruz,087,101,2,3,0
2020-01-26,Shasta,089,0,0,,
2020-01-31,Shasta,089,0,0,0,0
2020-02-02,Shasta,089,0,0,0,0
2020-02-20,Shasta,089,0,0,0,0
2020-02-21,Shasta,089,0,0,0,0
2020-02-26,Shasta,089,0,0,0,0
2020-02-28,Shasta,089,0,0,0,0
2020-02-29,Shasta,089,0,0,0,0
2020-03-01,Shasta,089,0,0,0,0
2020-03-02,Shasta,089,0,0,0,0
2020-03-03,Shasta,089,0,0,0,0
2020-03-04,Shasta,089,0,0,0,0
2020-03-05,Shasta,089,0,0,0,0
2020-03-06,Shasta,089,0,0,0,0
2020-03-07,Shasta,089,0,0,0,0
2020-03-08,Shasta,089,1,0,1,0
2020-03-09,Shasta,089,1,0,0,0
2020-03-10,Shasta,089,1,0,0,0
2020-03-11,Shasta,089,1,0,0,0
2020-03-12,Shasta,089,1,0,0,0
2020-03-13,Shasta,089,1,0,0,0
2020-03-14,Shasta,089,1,0,0,0
2020-03-15,Shasta,089,1,0,0,0
2020-03-16,Shasta,089,1,0,0,0
2020-03-17,Shasta,089,1,0,0,0
2020-03-18,Shasta,089,1,0,0,0
2020-03-19,Shasta,089,1,0,0,0
2020-03-20,Shasta,089,1,0,0,0
2020-03-21,Shasta,089,1,0,0,0
2020-03-22,Shasta,089,2,0,1,0
2020-03-23,Shasta,089,3,0,1,0
2020-03-24,Shasta,089,3,0,0,0
2020-03-25,Shasta,089,3,1,0,1
2020-03-26,Shasta,089,3,1,0,0
2020-03-27,Shasta,089,3,1,0,0
2020-03-28,Shasta,089,4,1,1,0
2020-03-29,Shasta,089,4,1,0,0
2020-03-30,Shasta,089,6,1,2,0
2020-03-31,Shasta,089,7,1,1,0
2020-04-01,Shasta,089,7,1,0,0
2020-04-02,Shasta,089,11,1,4,0
2020-04-03,Shasta,089,12,2,1,1
2020-04-04,Shasta,089,17,2,5,0
2020-04-05,Shasta,089,20,3,3,1
2020-04-06,Shasta,089,21,3,1,0
2020-04-07,Shasta,089,23,3,2,0
2020-04-08,Shasta,089,24,3,1,0
2020-04-09,Shasta,089,24,3,0,0
2020-04-10,Shasta,089,24,3,0,0
2020-04-11,Shasta,089,24,3,0,0
2020-04-12,Shasta,089,24,3,0,0
2020-04-13,Shasta,089,25,3,1,0
2020-04-14,Shasta,089,25,3,0,0
2020-04-15,Shasta,089,25,3,0,0
2020-04-16,Shasta,089,26,3,1,0
2020-04-17,Shasta,089,26,3,0,0
2020-04-18,Shasta,089,26,3,0,0
2020-03-21,Siskiyou,093,2,0,,
2020-03-22,Siskiyou,093,2,0,0,0
2020-03-23,Siskiyou,093,3,0,1,0
2020-03-24,Siskiyou,093,3,0,0,0
2020-03-25,Siskiyou,093,3,0,0,0
2020-03-26,Siskiyou,093,3,0,0,0
2020-03-27,Siskiyou,093,3,0,0,0
2020-03-28,Siskiyou,093,3,0,0,0
2020-03-29,Siskiyou,093,3,0,0,0
2020-03-30,Siskiyou,093,3,0,0,0
2020-03-31,Siskiyou,093,3,0,0,0
2020-04-01,Siskiyou,093,3,0,0,0
2020-04-02,Siskiyou,093,3,0,0,0
2020-04-03,Siskiyou,093,3,0,0,0
2020-04-04,Siskiyou,093,3,0,0,0
2020-04-05,Siskiyou,093,3,0,0,0
2020-04-06,Siskiyou,093,4,0,1,0
2020-04-07,Siskiyou,093,4,0,0,0
2020-04-08,Siskiyou,093,4,0,0,0
2020-04-09,Siskiyou,093,4,0,0,0
2020-04-10,Siskiyou,093,5,0,1,0
2020-04-11,Siskiyou,093,5,0,0,0
2020-04-12,Siskiyou,093,5,0,0,0
2020-04-13,Siskiyou,093,5,0,0,0
2020-04-14,Siskiyou,093,5,0,0,0
2020-04-15,Siskiyou,093,5,0,0,0
2020-04-16,Siskiyou,093,5,0,0,0
2020-04-17,Siskiyou,093,5,0,0,0
2020-04-18,Siskiyou,093,5,0,0,0
2020-01-26,Solano,095,0,0,,
2020-01-31,Solano,095,0,0,0,0
2020-02-02,Solano,095,0,0,0,0
2020-02-20,Solano,095,0,0,0,0
2020-02-21,Solano,095,0,0,0,0
2020-02-26,Solano,095,1,0,1,0
2020-02-27,Solano,095,1,0,0,0
2020-02-28,Solano,095,2,0,1,0
2020-02-29,Solano,095,2,0,0,0
2020-03-01,Solano,095,3,0,1,0
2020-03-02,Solano,095,3,0,0,0
2020-03-03,Solano,095,3,0,0,0
2020-03-04,Solano,095,3,0,0,0
2020-03-05,Solano,095,3,0,0,0
2020-03-06,Solano,095,3,0,0,0
2020-03-07,Solano,095,3,0,0,0
2020-03-08,Solano,095,3,0,0,0
2020-03-09,Solano,095,6,0,3,0
2020-03-10,Solano,095,6,0,0,0
2020-03-11,Solano,095,6,0,0,0
2020-03-12,Solano,095,6,0,0,0
2020-03-13,Solano,095,6,0,0,0
2020-03-14,Solano,095,6,0,0,0
2020-03-15,Solano,095,6,0,0,0
2020-03-16,Solano,095,9,0,3,0
2020-03-17,Solano,095,8,0,-1,0
2020-03-18,Solano,095,8,0,0,0
2020-03-19,Solano,095,10,0,2,0
2020-03-20,Solano,095,13,0,3,0
2020-03-21,Solano,095,14,0,1,0
2020-03-22,Solano,095,14,0,0,0
2020-03-23,Solano,095,21,0,7,0
2020-03-24,Solano,095,24,0,3,0
2020-03-25,Solano,095,31,0,7,0
2020-03-26,Solano,095,34,0,3,0
2020-03-27,Solano,095,34,0,0,0
2020-03-28,Solano,095,34,0,0,0
2020-03-29,Solano,095,34,0,0,0
2020-03-30,Solano,095,43,0,9,0
2020-03-31,Solano,095,49,0,6,0
2020-04-01,Solano,095,54,0,5,0
2020-04-02,Solano,095,61,1,7,1
2020-04-03,Solano,095,73,1,12,0
2020-04-04,Solano,095,73,1,0,0
2020-04-05,Solano,095,73,1,0,0
2020-04-06,Solano,095,88,1,15,0
2020-04-07,Solano,095,99,2,11,1
2020-04-08,Solano,095,112,2,13,0
2020-04-09,Solano,095,115,2,3,0
2020-04-10,Solano,095,121,2,6,0
2020-04-11,Solano,095,121,2,0,0
2020-04-12,Solano,095,121,2,0,0
2020-04-13,Solano,095,135,2,14,0
2020-04-14,Solano,095,140,2,5,0
2020-04-15,Solano,095,141,2,1,0
2020-04-16,Solano,095,156,2,15,0
2020-04-17,Solano,095,169,2,13,0
2020-04-18,Solano,095,169,2,0,0
2020-01-26,Sonoma,097,0,0,,
2020-01-31,Sonoma,097,0,0,0,0
2020-02-02,Sonoma,097,0,0,0,0
2020-02-20,Sonoma,097,0,0,0,0
2020-02-21,Sonoma,097,0,0,0,0
2020-02-26,Sonoma,097,0,0,0,0
2020-02-28,Sonoma,097,0,0,0,0
2020-02-29,Sonoma,097,0,0,0,0
2020-03-01,Sonoma,097,0,0,0,0
2020-03-02,Sonoma,097,1,0,1,0
2020-03-03,Sonoma,097,1,0,0,0
2020-03-04,Sonoma,097,2,0,1,0
2020-03-05,Sonoma,097,2,0,0,0
2020-03-06,Sonoma,097,2,0,0,0
2020-03-07,Sonoma,097,2,0,0,0
2020-03-08,Sonoma,097,2,0,0,0
2020-03-09,Sonoma,097,2,0,0,0
2020-03-10,Sonoma,097,2,0,0,0
2020-03-11,Sonoma,097,2,0,0,0
2020-03-12,Sonoma,097,2,0,0,0
2020-03-13,Sonoma,097,2,0,0,0
2020-03-14,Sonoma,097,4,0,2,0
2020-03-15,Sonoma,097,4,0,0,0
2020-03-16,Sonoma,097,7,0,3,0
2020-03-17,Sonoma,097,9,0,2,0
2020-03-18,Sonoma,097,9,0,0,0
2020-03-19,Sonoma,097,11,0,2,0
2020-03-20,Sonoma,097,22,1,11,1
2020-03-21,Sonoma,097,24,1,2,0
2020-03-22,Sonoma,097,27,1,3,0
2020-03-23,Sonoma,097,29,1,2,0
2020-03-24,Sonoma,097,34,1,5,0
2020-03-25,Sonoma,097,39,1,5,0
2020-03-26,Sonoma,097,49,1,10,0
2020-03-27,Sonoma,097,54,1,5,0
2020-03-28,Sonoma,097,54,1,0,0
2020-03-29,Sonoma,097,58,1,4,0
2020-03-30,Sonoma,097,73,1,15,0
2020-03-31,Sonoma,097,85,1,12,0
2020-04-01,Sonoma,097,91,1,6,0
2020-04-02,Sonoma,097,95,1,4,0
2020-04-03,Sonoma,097,105,1,10,0
2020-04-04,Sonoma,097,107,1,2,0
2020-04-05,Sonoma,097,107,1,0,0
2020-04-06,Sonoma,097,115,1,8,0
2020-04-07,Sonoma,097,120,1,5,0
2020-04-08,Sonoma,097,136,1,16,0
2020-04-09,Sonoma,097,142,1,6,0
2020-04-10,Sonoma,097,145,2,3,1
2020-04-11,Sonoma,097,145,2,0,0
2020-04-12,Sonoma,097,147,2,2,0
2020-04-13,Sonoma,097,152,2,5,0
2020-04-14,Sonoma,097,160,2,8,0
2020-04-15,Sonoma,097,163,2,3,0
2020-04-16,Sonoma,097,172,2,9,0
2020-04-17,Sonoma,097,180,2,8,0
2020-04-18,Sonoma,097,180,2,0,0
2020-01-26,Stanislaus,099,0,0,,
2020-01-31,Stanislaus,099,0,0,0,0
2020-02-02,Stanislaus,099,0,0,0,0
2020-02-20,Stanislaus,099,0,0,0,0
2020-02-21,Stanislaus,099,0,0,0,0
2020-02-26,Stanislaus,099,0,0,0,0
2020-02-28,Stanislaus,099,0,0,0,0
2020-02-29,Stanislaus,099,0,0,0,0
2020-03-01,Stanislaus,099,0,0,0,0
2020-03-02,Stanislaus,099,0,0,0,0
2020-03-03,Stanislaus,099,0,0,0,0
2020-03-04,Stanislaus,099,0,0,0,0
2020-03-05,Stanislaus,099,0,0,0,0
2020-03-06,Stanislaus,099,0,0,0,0
2020-03-07,Stanislaus,099,0,0,0,0
2020-03-08,Stanislaus,099,0,0,0,0
2020-03-09,Stanislaus,099,0,0,0,0
2020-03-10,Stanislaus,099,0,0,0,0
2020-03-11,Stanislaus,099,2,0,2,0
2020-03-12,Stanislaus,099,2,0,0,0
2020-03-13,Stanislaus,099,2,0,0,0
2020-03-14,Stanislaus,099,2,0,0,0
2020-03-15,Stanislaus,099,2,0,0,0
2020-03-16,Stanislaus,099,3,0,1,0
2020-03-17,Stanislaus,099,3,0,0,0
2020-03-18,Stanislaus,099,5,0,2,0
2020-03-19,Stanislaus,099,5,0,0,0
2020-03-20,Stanislaus,099,5,0,0,0
2020-03-21,Stanislaus,099,5,0,0,0
2020-03-22,Stanislaus,099,8,0,3,0
2020-03-23,Stanislaus,099,10,0,2,0
2020-03-24,Stanislaus,099,11,0,1,0
2020-03-25,Stanislaus,099,12,0,1,0
2020-03-26,Stanislaus,099,17,0,5,0
2020-03-27,Stanislaus,099,23,0,6,0
2020-03-28,Stanislaus,099,29,0,6,0
2020-03-29,Stanislaus,099,31,0,2,0
2020-03-30,Stanislaus,099,33,0,2,0
2020-03-31,Stanislaus,099,40,0,7,0
2020-04-01,Stanislaus,099,44,0,4,0
2020-04-02,Stanislaus,099,51,0,7,0
2020-04-03,Stanislaus,099,58,0,7,0
2020-04-04,Stanislaus,099,65,0,7,0
2020-04-05,Stanislaus,099,71,0,6,0
2020-04-06,Stanislaus,099,81,0,10,0
2020-04-07,Stanislaus,099,90,0,9,0
2020-04-08,Stanislaus,099,95,0,5,0
2020-04-09,Stanislaus,099,103,0,8,0
2020-04-10,Stanislaus,099,116,1,13,1
2020-04-11,Stanislaus,099,121,2,5,1
2020-04-12,Stanislaus,099,131,2,10,0
2020-04-13,Stanislaus,099,146,2,15,0
2020-04-14,Stanislaus,099,163,4,17,2
2020-04-15,Stanislaus,099,177,4,14,0
2020-04-16,Stanislaus,099,187,4,10,0
2020-04-17,Stanislaus,099,206,4,19,0
2020-04-18,Stanislaus,099,221,4,15,0
2020-03-25,Sutter,101,2,0,,
2020-03-26,Sutter,101,2,0,0,0
2020-03-27,Sutter,101,2,0,0,0
2020-03-28,Sutter,101,6,0,4,0
2020-03-29,Sutter,101,6,0,0,0
2020-03-30,Sutter,101,9,0,3,0
2020-03-31,Sutter,101,10,0,1,0
2020-04-01,Sutter,101,14,1,4,1
2020-04-02,Sutter,101,14,1,0,0
2020-04-03,Sutter,101,16,1,2,0
2020-04-04,Sutter,101,16,1,0,0
2020-04-05,Sutter,101,16,2,0,1
2020-04-06,Sutter,101,17,2,1,0
2020-04-07,Sutter,101,19,2,2,0
2020-04-08,Sutter,101,20,2,1,0
2020-04-09,Sutter,101,22,2,2,0
2020-04-10,Sutter,101,22,2,0,0
2020-04-11,Sutter,101,22,2,0,0
2020-04-12,Sutter,101,22,2,0,0
2020-04-13,Sutter,101,23,2,1,0
2020-04-14,Sutter,101,24,2,1,0
2020-04-15,Sutter,101,24,2,0,0
2020-04-16,Sutter,101,24,2,0,0
2020-04-17,Sutter,101,25,2,1,0
2020-04-18,Sutter,101,25,2,0,0
2020-04-01,Tehama,103,1,0,,
2020-04-02,Tehama,103,1,0,0,0
2020-04-03,Tehama,103,1,0,0,0
2020-04-04,Tehama,103,1,0,0,0
2020-04-05,Tehama,103,1,0,0,0
2020-04-06,Tehama,103,1,0,0,0
2020-04-07,Tehama,103,1,0,0,0
2020-04-08,Tehama,103,1,0,0,0
2020-04-09,Tehama,103,1,0,0,0
2020-04-10,Tehama,103,1,0,0,0
2020-04-11,Tehama,103,1,0,0,0
2020-04-12,Tehama,103,1,0,0,0
2020-04-13,Tehama,103,1,0,0,0
2020-04-14,Tehama,103,1,1,0,1
2020-04-15,Tehama,103,1,1,0,0
2020-04-16,Tehama,103,1,1,0,0
2020-04-17,Tehama,103,1,1,0,0
2020-04-18,Tehama,103,1,1,0,0
2020-03-11,Tulare,107,1,0,,
2020-03-12,Tulare,107,1,0,0,0
2020-03-13,Tulare,107,1,0,0,0
2020-03-14,Tulare,107,2,0,1,0
2020-03-15,Tulare,107,3,0,1,0
2020-03-16,Tulare,107,3,0,0,0
2020-03-17,Tulare,107,3,0,0,0
2020-03-18,Tulare,107,5,0,2,0
2020-03-19,Tulare,107,7,0,2,0
2020-03-20,Tulare,107,11,0,4,0
2020-03-21,Tulare,107,11,0,0,0
2020-03-22,Tulare,107,12,0,1,0
2020-03-23,Tulare,107,16,0,4,0
2020-03-24,Tulare,107,17,0,1,0
2020-03-25,Tulare,107,18,0,1,0
2020-03-26,Tulare,107,20,0,2,0
2020-03-27,Tulare,107,24,0,4,0
2020-03-28,Tulare,107,29,1,5,1
2020-03-29,Tulare,107,35,1,6,0
2020-03-30,Tulare,107,43,1,8,0
2020-03-31,Tulare,107,45,1,2,0
2020-04-01,Tulare,107,59,2,14,1
2020-04-02,Tulare,107,74,2,15,0
2020-04-03,Tulare,107,81,3,7,1
2020-04-04,Tulare,107,107,5,26,2
2020-04-05,Tulare,107,116,5,9,0
2020-04-06,Tulare,107,135,6,19,1
2020-04-07,Tulare,107,157,6,22,0
2020-04-08,Tulare,107,168,9,11,3
2020-04-09,Tulare,107,187,10,19,1
2020-04-10,Tulare,107,203,11,16,1
2020-04-11,Tulare,107,227,11,24,0
2020-04-12,Tulare,107,227,11,0,0
2020-04-13,Tulare,107,264,13,37,2
2020-04-14,Tulare,107,296,13,32,0
2020-04-15,Tulare,107,352,15,56,2
2020-04-16,Tulare,107,372,17,20,2
2020-04-17,Tulare,107,382,17,10,0
2020-04-18,Tulare,107,397,17,15,0
2020-03-30,Tuolumne,109,1,0,,
2020-03-31,Tuolumne,109,1,0,0,0
2020-04-01,Tuolumne,109,1,0,0,0
2020-04-02,Tuolumne,109,1,0,0,0
2020-04-03,Tuolumne,109,1,0,0,0
2020-04-04,Tuolumne,109,1,0,0,0
2020-04-05,Tuolumne,109,1,0,0,0
2020-04-06,Tuolumne,109,1,0,0,0
2020-04-07,Tuolumne,109,1,0,0,0
2020-04-08,Tuolumne,109,1,0,0,0
2020-04-09,Tuolumne,109,1,0,0,0
2020-04-10,Tuolumne,109,1,0,0,0
2020-04-11,Tuolumne,109,1,0,0,0
2020-04-12,Tuolumne,109,1,0,0,0
2020-04-13,Tuolumne,109,1,0,0,0
2020-04-14,Tuolumne,109,2,0,1,0
2020-04-15,Tuolumne,109,2,0,0,0
2020-04-16,Tuolumne,109,2,0,0,0
2020-04-17,Tuolumne,109,2,0,0,0
2020-04-18,Tuolumne,109,2,0,0,0
2020-01-26,Ventura,111,0,0,,
2020-01-31,Ventura,111,0,0,0,0
2020-02-02,Ventura,111,0,0,0,0
2020-02-20,Ventura,111,0,0,0,0
2020-02-21,Ventura,111,0,0,0,0
2020-02-26,Ventura,111,0,0,0,0
2020-02-28,Ventura,111,0,0,0,0
2020-02-29,Ventura,111,0,0,0,0
2020-03-01,Ventura,111,0,0,0,0
2020-03-02,Ventura,111,0,0,0,0
2020-03-03,Ventura,111,0,0,0,0
2020-03-04,Ventura,111,0,0,0,0
2020-03-05,Ventura,111,0,0,0,0
2020-03-06,Ventura,111,1,0,1,0
2020-03-07,Ventura,111,1,0,0,0
2020-03-08,Ventura,111,1,0,0,0
2020-03-09,Ventura,111,1,0,0,0
2020-03-10,Ventura,111,1,0,0,0
2020-03-11,Ventura,111,2,0,1,0
2020-03-12,Ventura,111,3,0,1,0
2020-03-13,Ventura,111,5,0,2,0
2020-03-14,Ventura,111,4,0,-1,0
2020-03-15,Ventura,111,4,0,0,0
2020-03-16,Ventura,111,4,0,0,0
2020-03-17,Ventura,111,10,0,6,0
2020-03-18,Ventura,111,13,0,3,0
2020-03-19,Ventura,111,17,0,4,0
2020-03-20,Ventura,111,19,0,2,0
2020-03-21,Ventura,111,26,0,7,0
2020-03-22,Ventura,111,30,1,4,1
2020-03-23,Ventura,111,35,1,5,0
2020-03-24,Ventura,111,39,1,4,0
2020-03-25,Ventura,111,50,1,11,0
2020-03-26,Ventura,111,61,1,11,0
2020-03-27,Ventura,111,83,3,22,2
2020-03-28,Ventura,111,98,3,15,0
2020-03-29,Ventura,111,109,4,11,1
2020-03-30,Ventura,111,126,4,17,0
2020-03-31,Ventura,111,149,5,23,1
2020-04-01,Ventura,111,160,5,11,0
2020-04-02,Ventura,111,177,6,17,1
2020-04-03,Ventura,111,189,6,12,0
2020-04-04,Ventura,111,203,6,14,0
2020-04-05,Ventura,111,221,6,18,0
2020-04-06,Ventura,111,226,6,5,0
2020-04-07,Ventura,111,243,6,17,0
2020-04-08,Ventura,111,263,7,20,1
2020-04-09,Ventura,111,274,7,11,0
2020-04-10,Ventura,111,298,10,24,3
2020-04-11,Ventura,111,309,10,11,0
2020-04-12,Ventura,111,314,10,5,0
2020-04-13,Ventura,111,317,10,3,0
2020-04-14,Ventura,111,350,13,33,3
2020-04-15,Ventura,111,365,13,15,0
2020-04-16,Ventura,111,384,13,19,0
2020-04-17,Ventura,111,396,13,12,0
2020-04-18,Ventura,111,416,13,20,0
2020-01-26,Yolo,113,0,0,,
2020-01-31,Yolo,113,0,0,0,0
2020-02-02,Yolo,113,0,0,0,0
2020-02-20,Yolo,113,0,0,0,0
2020-02-21,Yolo,113,0,0,0,0
2020-02-26,Yolo,113,0,0,0,0
2020-02-28,Yolo,113,0,0,0,0
2020-02-29,Yolo,113,0,0,0,0
2020-03-01,Yolo,113,0,0,0,0
2020-03-02,Yolo,113,0,0,0,0
2020-03-03,Yolo,113,0,0,0,0
2020-03-04,Yolo,113,0,0,0,0
2020-03-05,Yolo,113,0,0,0,0
2020-03-06,Yolo,113,1,0,1,0
2020-03-07,Yolo,113,1,0,0,0
2020-03-08,Yolo,113,1,0,0,0
2020-03-09,Yolo,113,1,0,0,0
2020-03-10,Yolo,113,1,0,0,0
2020-03-11,Yolo,113,1,0,0,0
2020-03-12,Yolo,113,1,0,0,0
2020-03-13,Yolo,113,2,0,1,0
2020-03-14,Yolo,113,2,0,0,0
2020-03-15,Yolo,113,2,0,0,0
2020-03-16,Yolo,113,2,0,0,0
2020-03-17,Yolo,113,4,0,2,0
2020-03-18,Yolo,113,5,0,1,0
2020-03-19,Yolo,113,5,0,0,0
2020-03-20,Yolo,113,6,0,1,0
2020-03-21,Yolo,113,6,0,0,0
2020-03-22,Yolo,113,6,1,0,1
2020-03-23,Yolo,113,8,1,2,0
2020-03-24,Yolo,113,10,1,2,0
2020-03-25,Yolo,113,11,1,1,0
2020-03-26,Yolo,113,11,1,0,0
2020-03-27,Yolo,113,16,1,5,0
2020-03-28,Yolo,113,16,1,0,0
2020-03-29,Yolo,113,16,1,0,0
2020-03-30,Yolo,113,24,1,8,0
2020-03-31,Yolo,113,25,1,1,0
2020-04-01,Yolo,113,28,1,3,0
2020-04-02,Yolo,113,33,1,5,0
2020-04-03,Yolo,113,33,1,0,0
2020-04-04,Yolo,113,37,1,4,0
2020-04-05,Yolo,113,37,1,0,0
2020-04-06,Yolo,113,50,1,13,0
2020-04-07,Yolo,113,56,2,6,1
2020-04-08,Yolo,113,67,3,11,1
2020-04-09,Yolo,113,71,3,4,0
2020-04-10,Yolo,113,75,3,4,0
2020-04-11,Yolo,113,88,3,13,0
2020-04-12,Yolo,113,93,3,5,0
2020-04-13,Yolo,113,101,4,8,1
2020-04-14,Yolo,113,102,4,1,0
2020-04-15,Yolo,113,116,7,14,3
2020-04-16,Yolo,113,125,7,9,0
2020-04-17,Yolo,113,126,8,1,1
2020-04-18,Yolo,113,126,8,0,0
2020-03-21,Yuba,115,2,0,,
2020-03-22,Yuba,115,3,0,1,0
2020-03-23,Yuba,115,3,0,0,0
2020-03-24,Yuba,115,3,0,0,0
2020-03-25,Yuba,115,3,0,0,0
2020-03-26,Yuba,115,3,0,0,0
2020-03-27,Yuba,115,3,0,0,0
2020-03-28,Yuba,115,3,0,0,0
2020-03-29,Yuba,115,4,0,1,0
2020-03-30,Yuba,115,6,0,2,0
2020-03-31,Yuba,115,7,0,1,0
2020-04-01,Yuba,115,8,0,1,0
2020-04-02,Yuba,115,8,0,0,0
2020-04-03,Yuba,115,9,0,1,0
2020-04-04,Yuba,115,9,0,0,0
2020-04-05,Yuba,115,10,0,1,0
2020-04-06,Yuba,115,11,0,1,0
2020-04-07,Yuba,115,13,0,2,0
2020-04-08,Yuba,115,15,0,2,0
2020-04-09,Yuba,115,15,0,0,0
2020-04-10,Yuba,115,15,1,0,1
2020-04-11,Yuba,115,15,1,0,0
2020-04-12,Yuba,115,15,1,0,0
2020-04-13,Yuba,115,15,1,0,0
2020-04-14,Yuba,115,15,1,0,0
2020-04-15,Yuba,115,15,1,0,0
2020-04-16,Yuba,115,15,1,0,0
2020-04-17,Yuba,115,15,1,0,0
2020-04-18,Yuba,115,16,1,1,0
